v_km_s,BP1_S0,BP1_sigmaT_Maj,BP1_sigmaT_Dir,BP1_Phi_Maj,BP1_Phi_Dir,MAP_S0,MAP_sigmaT_Maj,MAP_sigmaT_Dir,MAP_Phi_Maj,MAP_Phi_Dir
3.0000,2.80979379e+02,1.05221203e-01,2.10442407e-01,2.67036842e+03,1.33518421e+03,4.06715095e+02,1.38211286e+00,2.76422571e+00,2.94270539e+02,1.47135269e+02
3.0754,2.80871228e+02,1.09328409e-01,2.18656818e-01,2.56905986e+03,1.28452993e+03,4.06613310e+02,1.38147778e+00,2.76295556e+00,2.94332139e+02,1.47166070e+02
3.1526,2.80757665e+02,1.13563970e-01,2.27127940e-01,2.47224243e+03,1.23612122e+03,4.06506424e+02,1.38080983e+00,2.76161966e+00,2.94397111e+02,1.47198555e+02
3.2318,2.80638426e+02,1.17928299e-01,2.35856599e-01,2.37973775e+03,1.18986888e+03,4.06394186e+02,1.38010753e+00,2.76021506e+00,2.94465596e+02,1.47232798e+02
3.3130,2.80513232e+02,1.22421506e-01,2.44843012e-01,2.29137217e+03,1.14568609e+03,4.06276334e+02,1.37936932e+00,2.75873863e+00,2.94537749e+02,1.47268875e+02
3.3962,2.80381791e+02,1.27043377e-01,2.54086755e-01,2.20697684e+03,1.10348842e+03,4.06152590e+02,1.37859353e+00,2.75718705e+00,2.94613737e+02,1.47306868e+02
3.4816,2.80243798e+02,1.31793365e-01,2.63586729e-01,2.12638776e+03,1.06319388e+03,4.06022667e+02,1.37777840e+00,2.75555680e+00,2.94693738e+02,1.47346869e+02
3.5690,2.80098933e+02,1.36670568e-01,2.73341136e-01,2.04944589e+03,1.02472294e+03,4.05886261e+02,1.37692209e+00,2.75384418e+00,2.94777943e+02,1.47388971e+02
3.6587,2.79946862e+02,1.41673724e-01,2.83347449e-01,1.97599706e+03,9.87998528e+02,4.05743055e+02,1.37602264e+00,2.75204527e+00,2.94866556e+02,1.47433278e+02
3.7506,2.79787236e+02,1.46801197e-01,2.93602394e-01,1.90589206e+03,9.52946031e+02,4.05592719e+02,1.37507798e+00,2.75015597e+00,2.94959795e+02,1.47479897e+02
3.8448,2.79619688e+02,1.52050965e-01,3.04101930e-01,1.83898660e+03,9.19493302e+02,4.05434906e+02,1.37408597e+00,2.74817194e+00,2.95057889e+02,1.47528944e+02
3.9414,2.79443835e+02,1.57420617e-01,3.14841235e-01,1.77514127e+03,8.87570637e+02,4.05269251e+02,1.37304433e+00,2.74608866e+00,2.95161083e+02,1.47580541e+02
4.0404,2.79259279e+02,1.62907348e-01,3.25814696e-01,1.71422150e+03,8.57110752e+02,4.05095376e+02,1.37195068e+00,2.74390135e+00,2.95269635e+02,1.47634818e+02
4.1419,2.79065600e+02,1.68507951e-01,3.37015902e-01,1.65609752e+03,8.28048761e+02,4.04912884e+02,1.37080252e+00,2.74160503e+00,2.95383820e+02,1.47691910e+02
4.2460,2.78862362e+02,1.74218823e-01,3.48437647e-01,1.60064427e+03,8.00322136e+02,4.04721356e+02,1.36959723e+00,2.73919447e+00,2.95503923e+02,1.47751962e+02
4.3526,2.78649108e+02,1.80035965e-01,3.60071931e-01,1.54774135e+03,7.73870676e+02,4.04520365e+02,1.36833208e+00,2.73666417e+00,2.95630257e+02,1.47815128e+02
4.4620,2.78425363e+02,1.85954986e-01,3.71909971e-01,1.49727291e+03,7.48636456e+02,4.04309454e+02,1.36700420e+00,2.73400841e+00,2.95763139e+02,1.47881569e+02
4.5741,2.78190628e+02,1.91971109e-01,3.83942218e-01,1.44912757e+03,7.24563787e+02,4.04088140e+02,1.36561059e+00,2.73122118e+00,2.95902905e+02,1.47951452e+02
4.6890,2.77944384e+02,1.98079187e-01,3.96158374e-01,1.40319832e+03,7.01599162e+02,4.03855952e+02,1.36414810e+00,2.72829621e+00,2.96049931e+02,1.48024966e+02
4.8068,2.77686089e+02,2.04273711e-01,4.08547422e-01,1.35938241e+03,6.79691205e+02,4.03612347e+02,1.36261347e+00,2.72522693e+00,2.96204578e+02,1.48102289e+02
4.9275,2.77415180e+02,2.10548826e-01,4.21097651e-01,1.31758123e+03,6.58790613e+02,4.03356810e+02,1.36100325e+00,2.72200650e+00,2.96367263e+02,1.48183632e+02
5.0513,2.77131067e+02,2.16898351e-01,4.33796702e-01,1.27770020e+03,6.38850100e+02,4.03088766e+02,1.35931388e+00,2.71862776e+00,2.96538401e+02,1.48269201e+02
5.1782,2.76833136e+02,2.23315800e-01,4.46631601e-01,1.23964868e+03,6.19824338e+02,4.02807635e+02,1.35754162e+00,2.71508324e+00,2.96718442e+02,1.48359222e+02
5.3083,2.76520750e+02,2.29794404e-01,4.59588808e-01,1.20333979e+03,6.01669896e+02,4.02512793e+02,1.35568257e+00,2.71136513e+00,2.96907846e+02,1.48453924e+02
5.4417,2.76193243e+02,2.36327134e-01,4.72654268e-01,1.16869036e+03,5.84345179e+02,4.02203606e+02,1.35373267e+00,2.70746530e+00,2.97107114e+02,1.48553559e+02
5.5784,2.75849923e+02,2.42906734e-01,4.85813469e-01,1.13562073e+03,5.67810365e+02,4.01879415e+02,1.35168768e+00,2.70337529e+00,2.97316771e+02,1.48658389e+02
5.7185,2.75490071e+02,2.49525746e-01,4.99051492e-01,1.10405469e+03,5.52027347e+02,4.01539553e+02,1.34954319e+00,2.69908626e+00,2.97537387e+02,1.48768700e+02
5.8622,2.75112939e+02,2.56176541e-01,5.12353081e-01,1.07391933e+03,5.36959665e+02,4.01183244e+02,1.34729460e+00,2.69458900e+00,2.97769503e+02,1.48884763e+02
6.0094,2.74717751e+02,2.62851352e-01,5.25702705e-01,1.04514490e+03,5.22572451e+02,4.00809803e+02,1.34493715e+00,2.68987396e+00,2.98013779e+02,1.49006909e+02
6.1604,2.74303699e+02,2.69542309e-01,5.39084618e-01,1.01766472e+03,5.08832362e+02,4.00418416e+02,1.34246589e+00,2.68493117e+00,2.98270831e+02,1.49135449e+02
6.3152,2.73869949e+02,2.76241469e-01,5.52482938e-01,9.91415048e+02,4.95707524e+02,4.00008274e+02,1.33987566e+00,2.67975031e+00,2.98541339e+02,1.49270726e+02
6.4738,2.73415633e+02,2.82940853e-01,5.65881705e-01,9.66334944e+02,4.83167472e+02,3.99578564e+02,1.33716116e+00,2.67432064e+00,2.98826032e+02,1.49413110e+02
6.6364,2.72939853e+02,2.89632479e-01,5.79264959e-01,9.42366179e+02,4.71183090e+02,3.99128393e+02,1.33431690e+00,2.66863104e+00,2.99125637e+02,1.49562973e+02
6.8031,2.72441679e+02,2.96308400e-01,5.92616800e-01,9.19453107e+02,4.59726553e+02,3.98656883e+02,1.33133725e+00,2.66267000e+00,2.99440945e+02,1.49720725e+02
6.9741,2.71920150e+02,3.02960733e-01,6.05921465e-01,8.97542555e+02,4.48771278e+02,3.98163050e+02,1.32821642e+00,2.65642564e+00,2.99772721e+02,1.49886767e+02
7.1493,2.71374273e+02,3.09581694e-01,6.19163388e-01,8.76583719e+02,4.38291859e+02,3.97645998e+02,1.32494855e+00,2.64988571e+00,3.00121840e+02,1.50061565e+02
7.3289,2.70803021e+02,3.16163634e-01,6.32327268e-01,8.56528051e+02,4.28264026e+02,3.97104675e+02,1.32152773e+00,2.64303764e+00,3.00489098e+02,1.50245562e+02
7.5130,2.70205338e+02,3.22699064e-01,6.45398128e-01,8.37329166e+02,4.18664583e+02,3.96538043e+02,1.31794804e+00,2.63586855e+00,3.00875323e+02,1.50439233e+02
7.7017,2.69580133e+02,3.29180688e-01,6.58361376e-01,8.18942734e+02,4.09471367e+02,3.95945080e+02,1.31420371e+00,2.62836535e+00,3.01281360e+02,1.50643091e+02
7.8952,2.68926285e+02,3.35601432e-01,6.71202864e-01,8.01326392e+02,4.00663196e+02,3.95324628e+02,1.31028917e+00,2.62051479e+00,3.01707927e+02,1.50857621e+02
8.0935,2.68242640e+02,3.41954465e-01,6.83908930e-01,7.84439648e+02,3.92219824e+02,3.94675569e+02,1.30619926e+00,2.61230356e+00,3.02155713e+02,1.51083349e+02
8.2968,2.67528016e+02,3.48233228e-01,6.96466455e-01,7.68243793e+02,3.84121897e+02,3.93996756e+02,1.30192943e+00,2.60371847e+00,3.02625279e+02,1.51320798e+02
8.5053,2.66781198e+02,3.54431451e-01,7.08862903e-01,7.52701818e+02,3.76350909e+02,3.93286948e+02,1.29747598e+00,2.59474659e+00,3.03116939e+02,1.51570465e+02
8.7189,2.66000944e+02,3.60543177e-01,7.21086355e-01,7.37778332e+02,3.68889166e+02,3.92544930e+02,1.29283643e+00,2.58537549e+00,3.03630776e+02,1.51832850e+02
8.9380,2.65185984e+02,3.66562774e-01,7.33125547e-01,7.23439483e+02,3.61719742e+02,3.91769421e+02,1.28800989e+00,2.57559349e+00,3.04166470e+02,1.52108406e+02
9.1625,2.64335020e+02,3.72484949e-01,7.44969899e-01,7.09652888e+02,3.54826444e+02,3.90959111e+02,1.28299756e+00,2.56539005e+00,3.04723192e+02,1.52397532e+02
9.3927,2.63446732e+02,3.78304766e-01,7.56609533e-01,6.96387558e+02,3.48193779e+02,3.90112687e+02,1.27780332e+00,2.55475610e+00,3.05299478e+02,1.52700560e+02
9.6287,2.62519777e+02,3.84017647e-01,7.68035294e-01,6.83613837e+02,3.41806918e+02,3.89228744e+02,1.27243441e+00,2.54368455e+00,3.05892972e+02,1.53017694e+02
9.8705,2.61552790e+02,3.89619382e-01,7.79238765e-01,6.71303334e+02,3.35651667e+02,3.88305942e+02,1.26690219e+00,2.53217078e+00,3.06500331e+02,1.53349034e+02
10.1185,2.60544391e+02,3.95106135e-01,7.90212270e-01,6.59428867e+02,3.29714433e+02,3.87342819e+02,1.26122302e+00,2.52021329e+00,3.07116832e+02,1.53694460e+02
10.3727,2.59493183e+02,4.00474440e-01,8.00948881e-01,6.47964405e+02,3.23982203e+02,3.86337953e+02,1.25541919e+00,2.50781427e+00,3.07736217e+02,1.54053654e+02
10.6333,2.58397759e+02,4.05721208e-01,8.11442415e-01,6.36885020e+02,3.18442510e+02,3.85289865e+02,1.24951993e+00,2.49498037e+00,3.08350315e+02,1.54426011e+02
10.9004,2.57256706e+02,4.10843715e-01,8.21687429e-01,6.26166830e+02,3.13083415e+02,3.84197091e+02,1.24356242e+00,2.48172334e+00,3.08948778e+02,1.54810605e+02
11.1742,2.56068606e+02,4.15839604e-01,8.31679208e-01,6.15786962e+02,3.07893481e+02,3.83058077e+02,1.23759281e+00,2.46806075e+00,3.09518667e+02,1.55206098e+02
11.4550,2.54832043e+02,4.20706876e-01,8.41413753e-01,6.05723503e+02,3.02861752e+02,3.81871364e+02,1.23166710e+00,2.45401663e+00,3.10044300e+02,1.55610748e+02
11.7427,2.53545607e+02,4.25443880e-01,8.50887761e-01,5.95955467e+02,2.97977734e+02,3.80635412e+02,1.22585196e+00,2.43962204e+00,3.10506835e+02,1.56022287e+02
12.0377,2.52207899e+02,4.30049304e-01,8.60098608e-01,5.86462753e+02,2.93231377e+02,3.79348669e+02,1.22022524e+00,2.42491545e+00,3.10884137e+02,1.56437895e+02
12.3401,2.50817539e+02,4.34522161e-01,8.69044322e-01,5.77226116e+02,2.88613058e+02,3.78009623e+02,1.21487622e+00,2.40994295e+00,3.11150731e+02,1.56854179e+02
12.6501,2.49373172e+02,4.38861779e-01,8.77723557e-01,5.68227136e+02,2.84113568e+02,3.76616724e+02,1.20990548e+00,2.39475820e+00,3.11277807e+02,1.57267119e+02
12.9679,2.47873469e+02,4.43067783e-01,8.86135566e-01,5.59448190e+02,2.79724095e+02,3.75168469e+02,1.20542424e+00,2.37942209e+00,3.11233554e+02,1.57672096e+02
13.2937,2.46317145e+02,4.47140085e-01,8.94280170e-01,5.50872429e+02,2.75436215e+02,3.73663327e+02,1.20155323e+00,2.36400200e+00,3.10983582e+02,1.58063879e+02
13.6277,2.44702955e+02,4.51078862e-01,9.02157723e-01,5.42483756e+02,2.71241878e+02,3.72099783e+02,1.19842095e+00,2.34857072e+00,3.10491721e+02,1.58436695e+02
13.9700,2.43029712e+02,4.54884542e-01,9.09769084e-01,5.34266808e+02,2.67133404e+02,3.70476434e+02,1.19616134e+00,2.33320500e+00,3.09721123e+02,1.58784348e+02
14.3210,2.41296289e+02,4.58557789e-01,9.17115578e-01,5.26206935e+02,2.63103467e+02,3.68791779e+02,1.19491092e+00,2.31798367e+00,3.08635374e+02,1.59100249e+02
14.6807,2.39501629e+02,4.62099482e-01,9.24198964e-01,5.18290191e+02,2.59145096e+02,3.67044487e+02,1.19480537e+00,2.30298549e+00,3.07200232e+02,1.59377681e+02
15.0495,2.37644757e+02,4.65510698e-01,9.31021396e-01,5.10503321e+02,2.55251661e+02,3.65233134e+02,1.19597577e+00,2.28828676e+00,3.05385061e+02,1.59609862e+02
15.4276,2.35724788e+02,4.68792696e-01,9.37585392e-01,5.02833747e+02,2.51416874e+02,3.63356490e+02,1.19854460e+00,2.27395870e+00,3.03164764e+02,1.59790277e+02
15.8152,2.33740934e+02,4.71946899e-01,9.43893798e-01,4.95269563e+02,2.47634781e+02,3.61413292e+02,1.20262166e+00,2.26006489e+00,3.00521190e+02,1.59912794e+02
16.2125,2.31692518e+02,4.74974874e-01,9.49949747e-01,4.87799527e+02,2.43899763e+02,3.59402343e+02,1.20830015e+00,2.24665881e+00,2.97444589e+02,1.59971928e+02
16.6198,2.29578982e+02,4.77878317e-01,9.55756633e-01,4.80413056e+02,2.40206528e+02,3.57322569e+02,1.21565315e+00,2.23378157e+00,2.93934639e+02,1.59963075e+02
17.0373,2.27399897e+02,4.80659036e-01,9.61318072e-01,4.73100223e+02,2.36550112e+02,3.55172986e+02,1.22473056e+00,2.22146011e+00,2.90000918e+02,1.59882675e+02
17.4653,2.25154973e+02,4.83318935e-01,9.66637870e-01,4.65851753e+02,2.32925877e+02,3.52952700e+02,1.23555693e+00,2.20970588e+00,2.85662840e+02,1.59728362e+02
17.9040,2.22844070e+02,4.85859996e-01,9.71719992e-01,4.58659020e+02,2.29329510e+02,3.50660819e+02,1.24813003e+00,2.19851412e+00,2.80948948e+02,1.59499007e+02
18.3538,2.20467205e+02,4.88284264e-01,9.76568529e-01,4.51514049e+02,2.25757024e+02,3.48296714e+02,1.26242048e+00,2.18786377e+00,2.75895964e+02,1.59194881e+02
18.8149,2.18024565e+02,4.90593835e-01,9.81187671e-01,4.44409508e+02,2.22204754e+02,3.45859768e+02,1.27837220e+00,2.17771813e+00,2.70547003e+02,1.58817509e+02
19.2876,2.15516513e+02,4.92790839e-01,9.85581678e-01,4.37338716e+02,2.18669358e+02,3.43349548e+02,1.29590399e+00,2.16802604e+00,2.64949835e+02,1.58369661e+02
19.7721,2.12943595e+02,4.94877426e-01,9.89754851e-01,4.30295633e+02,2.15147817e+02,3.40765753e+02,1.31491172e+00,2.15872372e+00,2.59154853e+02,1.57855195e+02
20.2688,2.10306553e+02,4.96855755e-01,9.93711509e-01,4.23274866e+02,2.11637433e+02,3.38108171e+02,1.33527133e+00,2.14973707e+00,2.53213084e+02,1.57278848e+02
20.7780,2.07606324e+02,4.98727981e-01,9.97455963e-01,4.16271660e+02,2.08135830e+02,3.35376791e+02,1.35684226e+00,2.14098424e+00,2.47174489e+02,1.56646081e+02
21.3000,2.04844054e+02,5.00496246e-01,1.00099249e+00,4.09281898e+02,2.04640949e+02,3.32571705e+02,1.37947117e+00,2.13237853e+00,2.41086376e+02,1.55962790e+02
21.8351,2.02021093e+02,5.02162663e-01,1.00432533e+00,4.02302097e+02,2.01151049e+02,3.29693280e+02,1.40299578e+00,2.12383124e+00,2.34992353e+02,1.55235159e+02
22.3836,1.99139007e+02,5.03729311e-01,1.00745862e+00,3.95329401e+02,1.97664701e+02,3.26741876e+02,1.42724857e+00,2.11525453e+00,2.28931303e+02,1.54469295e+02
22.9459,1.96199576e+02,5.05198222e-01,1.01039644e+00,3.88361573e+02,1.94180787e+02,3.23718203e+02,1.45206027e+00,2.10656409e+00,2.22937167e+02,1.53671186e+02
23.5223,1.93204795e+02,5.06571375e-01,1.01314275e+00,3.81396986e+02,1.90698493e+02,3.20623089e+02,1.47726292e+00,2.09768803e+00,2.17038609e+02,1.52845935e+02
24.1133,1.90156874e+02,5.07850687e-01,1.01570137e+00,3.74434610e+02,1.87217305e+02,3.17457482e+02,1.50269251e+00,2.08854623e+00,2.11259110e+02,1.51999261e+02
24.7190,1.87058233e+02,5.09038005e-01,1.01807601e+00,3.67474002e+02,1.83737001e+02,3.14222508e+02,1.52819108e+00,2.07908253e+00,2.05617289e+02,1.51135178e+02
25.3400,1.83911501e+02,5.10135100e-01,1.02027020e+00,3.60515285e+02,1.80257643e+02,3.10919667e+02,1.55360832e+00,2.06924750e+00,2.00127448e+02,1.50257360e+02
25.9766,1.80719510e+02,5.11143660e-01,1.02228732e+00,3.53559134e+02,1.76779567e+02,3.07550327e+02,1.57880255e+00,2.05900345e+00,1.94799740e+02,1.49368534e+02
26.6292,1.77485285e+02,5.12065287e-01,1.02413057e+00,3.46606751e+02,1.73303375e+02,3.04116358e+02,1.60364141e+00,2.04832485e+00,1.89641123e+02,1.48470766e+02
27.2981,1.74212038e+02,5.12901487e-01,1.02580297e+00,3.39659842e+02,1.69829921e+02,3.00619553e+02,1.62800192e+00,2.03719827e+00,1.84655528e+02,1.47565192e+02
27.9839,1.70903155e+02,5.13653669e-01,1.02730734e+00,3.32720596e+02,1.66360298e+02,2.97062082e+02,1.65177037e+00,2.02562199e+00,1.79844661e+02,1.46652279e+02
28.6869,1.67562183e+02,5.14323142e-01,1.02864628e+00,3.25791647e+02,1.62895824e+02,2.93446155e+02,1.67484183e+00,2.01360525e+00,1.75208279e+02,1.45731719e+02
29.4076,1.64192821e+02,5.14911108e-01,1.02982221e+00,3.18876052e+02,1.59438027e+02,2.89774223e+02,1.69711951e+00,2.00116718e+00,1.70744736e+02,1.44802606e+02
30.1464,1.60798897e+02,5.15418660e-01,1.03083731e+00,3.11977252e+02,1.55988628e+02,2.86048969e+02,1.71851396e+00,1.98833550e+00,1.66451351e+02,1.43863533e+02
30.9037,1.57384358e+02,5.15846781e-01,1.03169354e+00,3.05099042e+02,1.52549524e+02,2.82273028e+02,1.73894225e+00,1.97514500e+00,1.62324556e+02,1.42912560e+02
31.6800,1.53953249e+02,5.16196339e-01,1.03239265e+00,2.98245527e+02,1.49122768e+02,2.78449321e+02,1.75832714e+00,1.96163590e+00,1.58360361e+02,1.41947505e+02
32.4759,1.50509695e+02,5.16468089e-01,1.03293613e+00,2.91421093e+02,1.45710554e+02,2.74580985e+02,1.77659632e+00,1.94785212e+00,1.54554516e+02,1.40966032e+02
33.2917,1.47057879e+02,5.16662666e-01,1.03332525e+00,2.84630358e+02,1.42315190e+02,2.70671072e+02,1.79368174e+00,1.93383950e+00,1.50902507e+02,1.39965634e+02
34.1281,1.43602028e+02,5.16780588e-01,1.03356105e+00,2.77878138e+02,1.38939086e+02,2.66723044e+02,1.80951908e+00,1.91964408e+00,1.47399962e+02,1.38944009e+02
34.9854,1.40146383e+02,5.16822257e-01,1.03364432e+00,2.71169403e+02,1.35584727e+02,2.62740186e+02,1.82404745e+00,1.90531047e+00,1.44042408e+02,1.37898884e+02
35.8643,1.36695188e+02,5.16787953e-01,1.03357561e+00,2.64509238e+02,1.32254657e+02,2.58726098e+02,1.83720919e+00,1.89088037e+00,1.40825606e+02,1.36828380e+02
36.7653,1.33252661e+02,5.16677840e-01,1.03335523e+00,2.57902799e+02,1.28951456e+02,2.54684320e+02,1.84894997e+00,1.87644110e+00,1.37745382e+02,1.35727319e+02
37.6889,1.29822979e+02,5.16491964e-01,1.03298326e+00,2.51355274e+02,1.25677719e+02,2.50618538e+02,1.85921895e+00,1.86194589e+00,1.34797753e+02,1.34600334e+02
38.6357,1.26410255e+02,5.16230256e-01,1.03245952e+00,2.44871845e+02,1.22436040e+02,2.46532499e+02,1.86796929e+00,1.84745783e+00,1.31978883e+02,1.33444182e+02
39.6063,1.23018518e+02,5.15892532e-01,1.03178361e+00,2.38457644e+02,1.19228990e+02,2.42429921e+02,1.87515861e+00,1.83299912e+00,1.29285021e+02,1.32258613e+02
40.6013,1.19651696e+02,5.15478501e-01,1.03095490e+00,2.32117722e+02,1.16059098e+02,2.38314785e+02,1.88074981e+00,1.81858586e+00,1.26712646e+02,1.31044010e+02
41.6213,1.16313598e+02,5.14987764e-01,1.02997251e+00,2.25857012e+02,1.12928837e+02,2.34190781e+02,1.88471172e+00,1.80422821e+00,1.24258144e+02,1.29801086e+02
42.6668,1.13007897e+02,5.14419820e-01,1.02883535e+00,2.19680293e+02,1.09840605e+02,2.30061765e+02,1.88702000e+00,1.78993077e+00,1.21918033e+02,1.28531097e+02
43.7387,1.09738115e+02,5.13774075e-01,1.02754211e+00,2.13592161e+02,1.06796709e+02,2.25931579e+02,1.88765789e+00,1.77569317e+00,1.19688838e+02,1.27235709e+02
44.8375,1.06507609e+02,5.13049847e-01,1.02609125e+00,2.07597001e+02,1.03799354e+02,2.21804030e+02,1.88661696e+00,1.76151081e+00,1.17567071e+02,1.25916928e+02
45.9639,1.03319561e+02,5.12246373e-01,1.02448107e+00,2.01698960e+02,1.00850630e+02,2.17682886e+02,1.88389776e+00,1.74737569e+00,1.15549204e+02,1.24577037e+02
47.1186,1.00176963e+02,5.11362825e-01,1.02270963e+00,1.95901927e+02,9.79524979e+01,2.13571867e+02,1.87951027e+00,1.73327721e+00,1.13631657e+02,1.23218528e+02
48.3023,9.70826118e+01,5.10398317e-01,1.02077483e+00,1.90209506e+02,9.51067843e+01,2.09474627e+02,1.87347424e+00,1.71920307e+00,1.11810786e+02,1.21844028e+02
49.5157,9.40391017e+01,5.09351919e-01,1.01867441e+00,1.84625007e+02,9.23151702e+01,2.05394746e+02,1.86581927e+00,1.70523588e+00,1.10082873e+02,1.20449463e+02
50.7596,9.10488173e+01,5.08222677e-01,1.01640595e+00,1.79151426e+02,8.95791856e+01,2.01335713e+02,1.85658478e+00,1.69120557e+00,1.08444126e+02,1.19048634e+02
52.0348,8.81139305e+01,5.07009624e-01,1.01396689e+00,1.73791436e+02,8.69002047e+01,1.97300921e+02,1.84581964e+00,1.67717069e+00,1.06890683e+02,1.17639142e+02
53.3420,8.52363983e+01,5.05711805e-01,1.01135457e+00,1.68547377e+02,8.42794419e+01,1.93293651e+02,1.83358174e+00,1.66312148e+00,1.05418617e+02,1.16223411e+02
54.6820,8.24179623e+01,5.04328297e-01,1.00856621e+00,1.63421253e+02,8.17179494e+01,1.89317063e+02,1.81993730e+00,1.64904960e+00,1.04023948e+02,1.14803741e+02
56.0557,7.96601492e+01,5.02858229e-01,1.00559898e+00,1.58414727e+02,7.92166170e+01,1.85374189e+02,1.80496006e+00,1.63494831e+00,1.02702654e+02,1.13382294e+02
57.4640,7.69642734e+01,5.01300813e-01,1.00245000e+00,1.53529121e+02,7.67761719e+01,1.81467922e+02,1.78873041e+00,1.62081243e+00,1.01450683e+02,1.11961087e+02
58.9075,7.43314404e+01,4.99655365e-01,9.99116361e-01,1.48765420e+02,7.43971806e+01,1.77601009e+02,1.77133436e+00,1.60663827e+00,1.00263966e+02,1.10542001e+02
60.3874,7.17625515e+01,4.97921338e-01,9.95595171e-01,1.44124274e+02,7.20800518e+01,1.73776046e+02,1.75286256e+00,1.59242342e+00,9.91384321e+01,1.09126784e+02
61.9044,6.92583097e+01,4.96098346e-01,9.91883570e-01,1.39606008e+02,6.98250397e+01,1.69995470e+02,1.73340926e+00,1.57816643e+00,9.80700140e+01,1.07717074e+02
63.4596,6.68192264e+01,4.94186198e-01,9.87978767e-01,1.35210628e+02,6.76322494e+01,1.66261557e+02,1.71307132e+00,1.56386657e+00,9.70546612e+01,1.06314413e+02
65.0538,6.44456291e+01,4.92184924e-01,9.83878076e-01,1.30937836e+02,6.55016416e+01,1.62576415e+02,1.69194730e+00,1.54973357e+00,9.60883443e+01,1.04906042e+02
66.6880,6.21376695e+01,4.90094809e-01,9.79578939e-01,1.26787039e+02,6.34330394e+01,1.58941985e+02,1.67013655e+00,1.53541420e+00,9.51670595e+01,1.03517334e+02
68.3634,5.98953325e+01,4.87916417e-01,9.75078969e-01,1.22757363e+02,6.14261351e+01,1.55360037e+02,1.64773843e+00,1.52106891e+00,9.42868320e+01,1.02138723e+02
70.0808,5.77184456e+01,4.85650618e-01,9.70375977e-01,1.18847673e+02,5.94804972e+01,1.51832170e+02,1.62485160e+00,1.50670042e+00,9.34437150e+01,1.00771307e+02
71.8413,5.56066882e+01,4.83298616e-01,9.65468005e-01,1.15056585e+02,5.75955784e+01,1.48359812e+02,1.60157337e+00,1.49231117e+00,9.26337908e+01,9.94161369e+01
73.6461,5.35596019e+01,4.80861969e-01,9.60353359e-01,1.11382487e+02,5.57707238e+01,1.44944224e+02,1.57799913e+00,1.47790322e+00,9.18531706e+01,9.80742325e+01
75.4962,5.15766003e+01,4.78342602e-01,9.55030638e-01,1.07823556e+02,5.40051787e+01,1.41586496e+02,1.55422186e+00,1.46347797e+00,9.10979954e+01,9.67465851e+01
77.3928,4.96569791e+01,4.75742828e-01,9.49498761e-01,1.04377778e+02,5.22980978e+01,1.38287558e+02,1.53033163e+00,1.44903616e+00,9.03644385e+01,9.54341662e+01
79.3370,4.77999262e+01,4.73065351e-01,9.43756994e-01,1.01042966e+02,5.06485531e+01,1.35048177e+02,1.50641514e+00,1.43483476e+00,8.96487119e+01,9.41210657e+01
81.3301,4.60045316e+01,4.70313270e-01,9.37804971e-01,9.78167840e+01,4.90555425e+01,1.31868965e+02,1.48255538e+00,1.42043532e+00,8.89470751e+01,9.28370076e+01
83.3732,4.42697969e+01,4.67490074e-01,9.31642713e-01,9.46967633e+01,4.75179984e+01,1.28750383e+02,1.45883116e+00,1.40603561e+00,8.82558497e+01,9.15697885e+01
85.4677,4.25946452e+01,4.64599633e-01,9.25270646e-01,9.16803246e+01,4.60347957e+01,1.25692750e+02,1.43531672e+00,1.39163652e+00,8.75714381e+01,9.03201001e+01
87.6148,4.09779299e+01,4.61646182e-01,9.18689611e-01,8.87647976e+01,4.46047603e+01,1.22696241e+02,1.41208144e+00,1.37723839e+00,8.68903438e+01,8.90886010e+01
89.8158,3.94184436e+01,4.58634290e-01,9.11900871e-01,8.59474409e+01,4.32266761e+01,1.19760906e+02,1.38918920e+00,1.36284101e+00,8.62092119e+01,8.78759191e+01
92.0722,3.79149268e+01,4.55568838e-01,9.04906116e-01,8.32254615e+01,4.18992933e+01,1.16886666e+02,1.36669835e+00,1.34844354e+00,8.55248464e+01,8.66826548e+01
94.3852,3.64660756e+01,4.52454969e-01,8.97707461e-01,8.05960329e+01,4.06213351e+01,1.14073327e+02,1.34466111e+00,1.33434323e+00,8.48342576e+01,8.54902429e+01
96.7563,3.50705497e+01,4.49298052e-01,8.90307440e-01,7.80563137e+01,3.93915047e+01,1.11320585e+02,1.32312340e+00,1.32002375e+00,8.41346964e+01,8.43322594e+01
99.1870,3.37269794e+01,4.46103623e-01,8.82708999e-01,7.56034645e+01,3.82084916e+01,1.08628036e+02,1.30212448e+00,1.30571705e+00,8.34236949e+01,8.31941622e+01
101.6787,3.24339722e+01,4.42877328e-01,8.74915481e-01,7.32346638e+01,3.70709776e+01,1.05995180e+02,1.28169682e+00,1.29142293e+00,8.26991046e+01,8.20762717e+01
104.2330,3.11901196e+01,4.39624863e-01,8.66930610e-01,7.09471238e+01,3.59776425e+01,1.03421433e+02,1.26186590e+00,1.27714080e+00,8.19591318e+01,8.09788815e+01
106.8516,2.99940023e+01,4.36351903e-01,8.58758470e-01,6.87381035e+01,3.49271691e+01,1.00906135e+02,1.24265015e+00,1.26286952e+00,8.12023681e+01,7.99022646e+01
109.5358,2.88441962e+01,4.33064035e-01,8.50403484e-01,6.66049219e+01,3.39182479e+01,9.84485528e+01,1.22406101e+00,1.24860747e+00,8.04278152e+01,7.88466796e+01
112.2876,2.77392771e+01,4.29766681e-01,8.41870386e-01,6.45449691e+01,3.29495818e+01,9.60478938e+01,1.20610330e+00,1.23475236e+00,7.96348816e+01,7.77871719e+01
115.1084,2.66778253e+01,4.26465029e-01,8.33164198e-01,6.25557162e+01,3.20198892e+01,9.37033094e+01,1.18877448e+00,1.22060308e+00,7.88234530e+01,7.67680428e+01
118.0001,2.56584296e+01,4.23163960e-01,8.24290198e-01,6.06347233e+01,3.11279082e+01,9.14139037e+01,1.17206613e+00,1.20647554e+00,7.79938104e+01,7.57693802e+01
120.9645,2.46796913e+01,4.19867976e-01,8.15253897e-01,5.87796468e+01,3.02723991e+01,8.91787401e+01,1.15596375e+00,1.19236873e+00,7.71466582e+01,7.47912439e+01
124.0033,2.37402274e+01,4.16581134e-01,8.06061003e-01,5.69882443e+01,2.94521473e+01,8.69968480e+01,1.14044727e+00,1.17828115e+00,7.62830955e+01,7.38336922e+01
127.1185,2.28386737e+01,4.13306983e-01,7.96717401e-01,5.52583784e+01,2.86659657e+01,8.48672289e+01,1.12549166e+00,1.16421080e+00,7.54045828e+01,7.28967889e+01
130.3119,2.19736872e+01,4.10048508e-01,7.87229118e-01,5.35880187e+01,2.79126961e+01,8.27888623e+01,1.11106750e+00,1.15062341e+00,7.45129006e+01,7.19513106e+01
133.5856,2.11439488e+01,4.06808081e-01,7.77602304e-01,5.19752427e+01,2.71912116e+01,8.07607111e+01,1.09714167e+00,1.13668977e+00,7.36101028e+01,7.10490346e+01
136.9415,2.03481651e+01,4.03587418e-01,7.67843204e-01,5.04182346e+01,2.65004170e+01,7.87817270e+01,1.08367801e+00,1.12278484e+00,7.26984640e+01,7.01663617e+01
140.3817,1.95850703e+01,4.00387546e-01,7.57958134e-01,4.89152834e+01,2.58392507e+01,7.68508547e+01,1.07063922e+00,1.10890700e+00,7.17803469e+01,6.93032463e+01
143.9083,1.88534273e+01,3.97208783e-01,7.47953470e-01,4.74647794e+01,2.52066847e+01,7.49670364e+01,1.05798341e+00,1.09505416e+00,7.08584235e+01,6.84596607e+01
147.5235,1.81520294e+01,3.94050727e-01,7.37835618e-01,4.60652099e+01,2.46017256e+01,7.31292157e+01,1.04567044e+00,1.08170428e+00,6.99352427e+01,6.76055525e+01
151.2295,1.74797011e+01,3.90912247e-01,7.27611011e-01,4.47151535e+01,2.40234148e+01,7.13363410e+01,1.03365915e+00,1.06800103e+00,6.90134082e+01,6.67942623e+01
155.0287,1.68352988e+01,3.87791501e-01,7.17286086e-01,4.34132742e+01,2.34708286e+01,6.95873685e+01,1.02190882e+00,1.05433264e+00,6.80954770e+01,6.60013415e+01
158.9233,1.62177114e+01,3.84685952e-01,7.06867281e-01,4.21583147e+01,2.29430784e+01,6.78812651e+01,1.01037971e+00,1.04069724e+00,6.71839158e+01,6.52267177e+01
162.9157,1.56258609e+01,3.81592398e-01,6.96361023e-01,4.09490887e+01,2.24393101e+01,6.62170106e+01,9.99035200e-01,1.02752545e+00,6.62809584e+01,6.44431831e+01
167.0084,1.50587025e+01,3.78507014e-01,6.85787028e-01,3.97844742e+01,2.19582784e+01,6.45935994e+01,9.87836578e-01,1.01404345e+00,6.53889528e+01,6.36990448e+01
171.2039,1.45152246e+01,3.75425402e-01,6.75128979e-01,3.86634057e+01,2.14999283e+01,6.30100428e+01,9.76751172e-01,1.00060252e+00,6.45098205e+01,6.29721009e+01
175.5049,1.39944491e+01,3.72342652e-01,6.64403619e-01,3.75848670e+01,2.10631741e+01,6.14653698e+01,9.65747917e-01,9.87200836e-01,6.36453557e+01,6.22622748e+01
179.9138,1.34954308e+01,3.69253406e-01,6.53617485e-01,3.65478844e+01,2.06472916e+01,5.99586283e+01,9.54798693e-01,9.73836190e-01,6.27971412e+01,6.15695216e+01
184.4336,1.30172577e+01,3.66151931e-01,6.42777112e-01,3.55515199e+01,2.02515886e+01,5.84888863e+01,9.43878493e-01,9.61010407e-01,6.19665420e+01,6.08618657e+01
189.0668,1.25590500e+01,3.63032198e-01,6.31889038e-01,3.45948652e+01,1.98754041e+01,5.70552319e+01,9.32968016e-01,9.47814234e-01,6.11545422e+01,6.01966397e+01
193.8165,1.21199602e+01,3.59887968e-01,6.20959800e-01,3.36770364e+01,1.95181076e+01,5.56567741e+01,9.22044665e-01,9.34662190e-01,6.03623406e+01,5.95474757e+01
198.6855,1.16991724e+01,3.56712870e-01,6.09995940e-01,3.27971694e+01,1.91790988e+01,5.42926429e+01,9.11094919e-01,9.21552067e-01,5.95905452e+01,5.89143521e+01
203.6768,1.12959017e+01,3.53500494e-01,5.99003999e-01,3.19544155e+01,1.88578067e+01,5.29619892e+01,9.00106591e-01,9.08988085e-01,5.88396860e+01,5.82647783e+01
208.7935,1.09093934e+01,3.50244474e-01,5.87990523e-01,3.11479387e+01,1.85536892e+01,5.16639850e+01,8.89072736e-01,8.96052437e-01,5.81099644e+01,5.76573233e+01
214.0388,1.05389228e+01,3.46938575e-01,5.76962055e-01,3.03769127e+01,1.82662321e+01,5.03978229e+01,8.77983299e-01,8.83164639e-01,5.74018013e+01,5.70650371e+01
219.4158,1.01837940e+01,3.43576770e-01,5.65925133e-01,2.96405196e+01,1.79949492e+01,4.91627159e+01,8.66836141e-01,8.70322426e-01,5.67151202e+01,5.64879341e+01
224.9279,9.84333939e+00,3.40153326e-01,5.54886288e-01,2.89379484e+01,1.77393812e+01,4.79578970e+01,8.55629870e-01,8.58052119e-01,5.60498163e+01,5.58915898e+01
230.5784,9.51691882e+00,3.36662871e-01,5.43852038e-01,2.82683944e+01,1.74990956e+01,4.67826191e+01,8.44365208e-01,8.45390838e-01,5.54056688e+01,5.53384505e+01
236.3709,9.20391882e+00,3.33100462e-01,5.32828879e-01,2.76310599e+01,1.72736862e+01,4.56361538e+01,8.33047857e-01,8.32780126e-01,5.47821513e+01,5.47997633e+01
242.3090,8.90375177e+00,3.29461648e-01,5.21823279e-01,2.70251540e+01,1.70627723e+01,4.45177916e+01,8.21676826e-01,8.20698189e-01,5.41791982e+01,5.42438039e+01
248.3962,8.61585505e+00,3.25742520e-01,5.10841669e-01,2.64498938e+01,1.68659989e+01,4.34268412e+01,8.10259931e-01,8.08268468e-01,5.35961850e+01,5.37282386e+01
254.6363,8.33969031e+00,3.21939758e-01,4.99890434e-01,2.59045057e+01,1.66830364e+01,4.23626286e+01,7.98803779e-01,7.95893345e-01,5.30325840e+01,5.32265143e+01
261.0332,8.07474252e+00,3.18050665e-01,4.89014379e-01,2.53882271e+01,1.65122804e+01,4.13244970e+01,7.87319237e-01,7.83570654e-01,5.24875998e+01,5.27386992e+01
267.5908,7.82051922e+00,3.14073199e-01,4.78151731e-01,2.49003075e+01,1.63557271e+01,4.03118064e+01,7.75808676e-01,7.71829143e-01,5.19610152e+01,5.22289250e+01
274.3131,7.57654967e+00,3.10005984e-01,4.67339909e-01,2.44400110e+01,1.62120750e+01,3.93239325e+01,7.64283110e-01,7.59694130e-01,5.14520497e+01,5.17628490e+01
281.2043,7.34238405e+00,3.05848333e-01,4.56585233e-01,2.40066179e+01,1.60810808e+01,3.83602669e+01,7.52751243e-01,7.47614950e-01,5.09600844e+01,5.13101924e+01
288.2686,7.11759263e+00,3.01600238e-01,4.45893937e-01,2.35994265e+01,1.59625239e+01,3.74202160e+01,7.41225834e-01,7.36099988e-01,5.04842307e+01,5.08357785e+01
295.5104,6.90176501e+00,2.97262375e-01,4.35272154e-01,2.32177551e+01,1.58562062e+01,3.65032012e+01,7.29708846e-01,7.24209635e-01,5.00243369e+01,5.04041916e+01
302.9342,6.69450931e+00,2.92836084e-01,4.24725904e-01,2.28609440e+01,1.57619520e+01,3.56086580e+01,7.18211742e-01,7.12377879e-01,4.95796099e+01,4.99856313e+01
310.5444,6.49545142e+00,2.88323355e-01,4.14261079e-01,2.25283568e+01,1.56796082e+01,3.47360359e+01,7.06746402e-01,7.01104622e-01,4.91492221e+01,4.95447253e+01
318.3458,6.30423429e+00,2.83726799e-01,4.03883435e-01,2.22193826e+01,1.56090440e+01,3.38847978e+01,6.95314387e-01,6.89463280e-01,4.87330602e+01,4.91466317e+01
326.3431,6.12051715e+00,2.79049617e-01,3.93598572e-01,2.19334368e+01,1.55501508e+01,3.30544200e+01,6.83925823e-01,6.77882792e-01,4.83304166e+01,4.87612613e+01
334.5414,5.94397485e+00,2.74295567e-01,3.83411930e-01,2.16699632e+01,1.55028427e+01,3.22443912e+01,6.72587566e-01,6.66863766e-01,4.79408078e+01,4.83522915e+01
342.9457,5.77429714e+00,2.69468921e-01,3.73328770e-01,2.14284346e+01,1.54670564e+01,3.14542130e+01,6.61310746e-01,6.55475478e-01,4.75634386e+01,4.79868646e+01
351.5610,5.61118805e+00,2.64574423e-01,3.63354167e-01,2.12083541e+01,1.54427513e+01,3.06833991e+01,6.50093015e-01,6.44593169e-01,4.71984752e+01,4.76011856e+01
360.3928,5.45436522e+00,2.59617243e-01,3.53549268e-01,2.10092564e+01,1.54274544e+01,2.99314748e+01,6.38943291e-01,6.33395676e-01,4.68452760e+01,4.72555717e+01
369.4465,5.30355927e+00,2.54602931e-01,3.43817239e-01,2.08307078e+01,1.54255187e+01,2.91979774e+01,6.27871214e-01,6.22264133e-01,4.65031311e+01,4.69221603e+01
378.7276,5.15851325e+00,2.49537366e-01,3.34209455e-01,2.06723079e+01,1.54349710e+01,2.84824553e+01,6.16872690e-01,6.11655071e-01,4.61723395e+01,4.65662048e+01
388.2419,5.01898202e+00,2.44426707e-01,3.24730316e-01,2.05336892e+01,1.54558468e+01,2.77844680e+01,6.05959187e-01,6.00716467e-01,4.58520452e+01,4.62522164e+01
397.9952,4.88473174e+00,2.39277345e-01,3.15383992e-01,2.04145183e+01,1.54882044e+01,2.71035858e+01,5.95127274e-01,5.90263055e-01,4.55425033e+01,4.59178084e+01
407.9935,4.75553930e+00,2.34095865e-01,3.06174423e-01,2.03144951e+01,1.55321247e+01,2.64393896e+01,5.84382872e-01,5.79516901e-01,4.52432657e+01,4.56231553e+01
418.2429,4.63119184e+00,2.28888958e-01,2.97105303e-01,2.02333563e+01,1.55877118e+01,2.57914703e+01,5.73732855e-01,5.68840403e-01,4.49537970e+01,4.53404332e+01
428.7499,4.51148625e+00,2.23663432e-01,2.88180083e-01,2.01708711e+01,1.56550939e+01,2.51594291e+01,5.63171894e-01,5.58673598e-01,4.46745113e+01,4.50342189e+01
439.5208,4.39622872e+00,2.18426124e-01,2.79401958e-01,2.01268449e+01,1.57344234e+01,2.45428770e+01,5.52708989e-01,5.48191648e-01,4.44047003e+01,4.47706146e+01
450.5623,4.28523427e+00,2.13183879e-01,2.70773870e-01,2.01011179e+01,1.58258782e+01,2.39414343e+01,5.42339169e-01,5.38193370e-01,4.41447635e+01,4.44848184e+01
461.8812,4.17832638e+00,2.07943502e-01,2.62298501e-01,2.00935655e+01,1.59296617e+01,2.33547308e+01,5.32066663e-01,5.27905899e-01,4.38943696e+01,4.42403292e+01
473.4844,4.07533650e+00,2.02711723e-01,2.54050135e-01,2.01040988e+01,1.60414656e+01,2.27824052e+01,5.21896993e-01,5.18082007e-01,4.36530686e+01,4.39745155e+01
485.3791,3.97610373e+00,1.97495159e-01,2.45899183e-01,2.01326643e+01,1.61696500e+01,2.22241054e+01,5.11823394e-01,5.07989180e-01,4.34214333e+01,4.37491707e+01
497.5727,3.88047446e+00,1.92300286e-01,2.37908887e-01,2.01792444e+01,1.63107587e+01,2.16794874e+01,5.01854139e-01,4.97970589e-01,4.31987818e+01,4.35356785e+01
510.0725,3.78830195e+00,1.87133407e-01,2.30080974e-01,2.02438571e+01,1.64650814e+01,2.11482162e+01,4.91982754e-01,4.88446646e-01,4.29856861e+01,4.32968808e+01
522.8864,3.69944607e+00,1.82000627e-01,2.22416906e-01,2.03265568e+01,1.66329356e+01,2.06299646e+01,4.82216793e-01,4.78624590e-01,4.27815143e+01,4.31026008e+01
536.0222,3.61377294e+00,1.76907828e-01,2.14917883e-01,2.04274338e+01,1.68146684e+01,2.01244136e+01,4.72549954e-01,4.69282773e-01,4.25868492e+01,4.28833419e+01
549.4879,3.53115465e+00,1.71860650e-01,2.07584843e-01,2.05466153e+01,1.70106574e+01,1.96312520e+01,4.62989343e-01,4.59657519e-01,4.24010883e+01,4.27084323e+01
563.2920,3.45146895e+00,1.66864472e-01,2.00418467e-01,2.06842649e+01,1.72213120e+01,1.91501762e+01,4.53528739e-01,4.50501489e-01,4.22248350e+01,4.25085747e+01
577.4428,3.37459901e+00,1.61924507e-01,1.93486077e-01,2.08405700e+01,1.74410431e+01,1.86808900e+01,4.44175015e-01,4.41073403e-01,4.20574985e+01,4.23532452e+01
591.9492,3.30043314e+00,1.57045391e-01,1.86664247e-01,2.10157912e+01,1.76811211e+01,1.82231046e+01,4.34921951e-01,4.32106275e-01,4.18997122e+01,4.21727376e+01
606.8199,3.22886454e+00,1.52231723e-01,1.80010706e-01,2.12101951e+01,1.79370695e+01,1.77765381e+01,4.25776355e-01,4.23213386e-01,4.17508813e+01,4.20037236e+01
622.0642,3.15979109e+00,1.47487717e-01,1.73525202e-01,2.14240966e+01,1.82094074e+01,1.73409156e+01,4.16731937e-01,4.14100245e-01,4.16116791e+01,4.18761299e+01
637.6915,3.09311509e+00,1.42817275e-01,1.67207245e-01,2.16578498e+01,1.84986906e+01,1.69159691e+01,4.07795579e-01,4.05401740e-01,4.14814922e+01,4.17264344e+01
653.7114,3.02874310e+00,1.38223987e-01,1.61056119e-01,2.19118488e+01,1.88055140e+01,1.65014369e+01,3.98960837e-01,3.96486205e-01,4.13610445e+01,4.16191956e+01
670.1337,2.96658570e+00,1.33711126e-01,1.55070887e-01,2.21865283e+01,1.91305135e+01,1.60970639e+01,3.90234787e-01,3.87984019e-01,4.12496898e+01,4.14889869e+01
686.9686,2.90655731e+00,1.29281654e-01,1.49311817e-01,2.24823648e+01,1.94663581e+01,1.57026012e+01,3.81614002e-01,3.79266708e-01,4.11478642e+01,4.14025298e+01
704.2264,2.84857602e+00,1.24938219e-01,1.43663336e-01,2.27998771e+01,1.98281350e+01,1.53178059e+01,3.73096087e-01,3.70962541e-01,4.10559275e+01,4.12920556e+01
721.9178,2.79256342e+00,1.20683372e-01,1.38177517e-01,2.31395874e+01,2.02099697e+01,7.48489136e+00,3.64687248e-01,3.62743393e-01,2.05241379e+01,2.06341218e+01
740.0535,2.73844443e+00,1.16518798e-01,1.32852656e-01,2.35021685e+01,2.06126434e+01,7.30229527e+00,3.56384569e-01,3.54339448e-01,2.04899311e+01,2.06081917e+01
758.6449,2.68614712e+00,1.12446402e-01,1.27686874e-01,2.38882442e+01,2.10369871e+01,7.12429051e+00,3.48185822e-01,3.46321321e-01,2.04611735e+01,2.05713309e+01
777.7033,2.63560263e+00,1.08467645e-01,1.22678125e-01,2.42985143e+01,2.14838841e+01,6.95077623e+00,3.40096726e-01,3.38116735e-01,2.04376452e+01,2.05573268e+01
797.2405,2.58674495e+00,1.04583708e-01,1.17878587e-01,2.47337276e+01,2.19441462e+01,6.78165461e+00,3.32114634e-01,3.30300798e-01,2.04196200e+01,2.05317536e+01
817.2686,2.53951087e+00,1.00795507e-01,1.13184287e-01,2.51946833e+01,2.24369561e+01,6.61683066e+00,3.24239824e-01,3.22575015e-01,2.04072115e+01,2.05125330e+01
837.7997,2.49383978e+00,9.71036974e-02,1.08640594e-01,2.56822330e+01,2.29549534e+01,6.45621215e+00,3.16470348e-01,3.14683584e-01,2.04006859e+01,2.05165203e+01
858.8466,2.44967360e+00,9.35089657e-02,1.04244919e-01,2.61972056e+01,2.34992134e+01,6.29970945e+00,3.08811064e-01,3.07162025e-01,2.03998826e+01,2.05094020e+01
880.4223,2.40695663e+00,9.00110233e-02,9.99945550e-02,2.67406874e+01,2.40708770e+01,6.14723540e+00,3.01259712e-01,2.99733378e-01,2.04051028e+01,2.05090119e+01
902.5400,2.36563550e+00,8.66100374e-02,9.59326482e-02,2.73136413e+01,2.46593370e+01,5.99870518e+00,2.93816471e-01,2.92154880e-01,2.04165041e+01,2.05326202e+01
925.2133,2.32565898e+00,8.33057576e-02,9.19701590e-02,2.79171458e+01,2.52871041e+01,5.85403617e+00,2.86479414e-01,2.84932056e-01,2.04344043e+01,2.05453758e+01
948.4562,2.28697797e+00,8.00977368e-02,8.81447463e-02,2.85523420e+01,2.59457094e+01,5.71314780e+00,2.79252955e-01,2.77804285e-01,2.04586834e+01,2.05653696e+01
972.2830,2.24954534e+00,7.69853444e-02,8.44533648e-02,2.92204362e+01,2.66365390e+01,5.57596142e+00,2.72134911e-01,2.70538853e-01,2.04896953e+01,2.06105754e+01
996.7084,2.21331589e+00,7.39680917e-02,8.08929087e-02,2.99225766e+01,2.73610620e+01,5.44240017e+00,2.65125326e-01,2.63618200e-01,2.05276510e+01,2.06450092e+01
1021.7473,2.17824623e+00,7.10444820e-02,7.75015712e-02,3.06603154e+01,2.81058331e+01,5.31238885e+00,2.58222128e-01,2.56794297e-01,2.05729420e+01,2.06873319e+01
1047.4153,2.14429471e+00,6.82136548e-02,7.41983392e-02,3.14349776e+01,2.88994974e+01,5.18585379e+00,2.51426988e-01,2.50068113e-01,2.06256847e+01,2.07377651e+01
1073.7282,2.11142136e+00,6.54743750e-02,7.10167960e-02,3.22480568e+01,2.97312958e+01,5.06272273e+00,2.44742199e-01,2.43440491e-01,2.06859411e+01,2.07965515e+01
1100.7020,2.07958781e+00,6.28252867e-02,6.79536926e-02,3.31011273e+01,3.06030141e+01,4.94292470e+00,2.38163222e-01,2.36709030e-01,2.07543577e+01,2.08818595e+01
1128.3535,2.04875719e+00,6.02652371e-02,6.50057668e-02,3.39956713e+01,3.15165452e+01,4.82638994e+00,2.31691824e-01,2.30290349e-01,2.08310757e+01,2.09578471e+01
1156.6996,2.01889410e+00,5.77921242e-02,6.22086751e-02,3.49337238e+01,3.24535782e+01,4.71304976e+00,2.25329026e-01,2.23971275e-01,2.09163011e+01,2.10430992e+01
1185.7578,1.98996455e+00,5.54045451e-02,5.94855692e-02,3.59169911e+01,3.34528959e+01,4.60283649e+00,2.19072237e-01,2.17752418e-01,2.10105879e+01,2.11379351e+01
1215.5460,1.96193587e+00,5.31007777e-02,5.68681190e-02,3.69474037e+01,3.44997497e+01,4.49568338e+00,2.12927058e-01,2.11634318e-01,2.11137252e+01,2.12426955e+01
1246.0826,1.93477666e+00,5.08790342e-02,5.43530866e-02,3.80269927e+01,3.55964451e+01,4.39152452e+00,2.06884332e-01,2.05435114e-01,2.12269555e+01,2.13766986e+01
1277.3863,1.90845677e+00,4.87378137e-02,5.19714566e-02,3.91576195e+01,3.67212484e+01,4.29029479e+00,2.00949802e-01,1.99527170e-01,2.13500822e+01,2.15023086e+01
1309.4763,1.88294718e+00,4.66746291e-02,4.96552356e-02,4.03419849e+01,3.79204159e+01,4.19192983e+00,1.95119389e-01,1.93720635e-01,2.14839225e+01,2.16390465e+01
1342.3726,1.85822004e+00,4.46878248e-02,4.74320900e-02,4.15822441e+01,3.91764318e+01,4.09636594e+00,1.89394419e-01,1.88015897e-01,2.16287574e+01,2.17873382e+01
1376.0952,1.83424852e+00,4.27754452e-02,4.53270479e-02,4.28808752e+01,4.04669752e+01,4.00354009e+00,1.83783275e-01,1.82413291e-01,2.17840285e+01,2.19476336e+01
1410.6650,1.81100687e+00,4.09357789e-02,4.32836966e-02,4.42401957e+01,4.18403929e+01,3.91338987e+00,1.78269372e-01,1.76913107e-01,2.19521157e+01,2.21204066e+01
1446.1033,1.78847029e+00,3.91663677e-02,4.13243931e-02,4.56634197e+01,4.32788035e+01,3.82585351e+00,1.72863384e-01,1.71515589e-01,2.21322377e+01,2.23061561e+01
1482.4318,1.76661493e+00,3.74654242e-02,3.94461733e-02,4.71532076e+01,4.47854577e+01,3.74086981e+00,1.67558329e-01,1.66220938e-01,2.23257765e+01,2.25054067e+01
1519.6730,1.74541784e+00,3.58309478e-02,3.76725003e-02,4.87125781e+01,4.63313512e+01,3.65837818e+00,1.62369599e-01,1.61029312e-01,2.25311771e+01,2.27187096e+01
1557.8497,1.72485696e+00,3.42609413e-02,3.59503642e-02,5.03447042e+01,4.79788452e+01,3.57831864e+00,1.57277492e-01,1.55940828e-01,2.27516257e+01,2.29466439e+01
1596.9855,1.70491102e+00,3.27534169e-02,3.43008990e-02,5.20529210e+01,4.97045580e+01,3.50063179e+00,1.52284466e-01,1.50955558e-01,2.29874515e+01,2.31898172e+01
1637.1044,1.68555959e+00,3.13064002e-02,3.27443826e-02,5.38407347e+01,5.14762978e+01,3.42525888e+00,1.47409609e-01,1.46073532e-01,2.32363338e+01,2.34488674e+01
1678.2312,1.66678296e+00,2.99181791e-02,3.12343499e-02,5.57113772e+01,5.33637795e+01,3.35214177e+00,1.42623197e-01,1.41294735e-01,2.35034822e+01,2.37244634e+01
1720.3912,1.64856218e+00,2.85863800e-02,2.97891216e-02,5.76694979e+01,5.53410806e+01,3.28122300e+00,1.37944673e-01,1.36619104e-01,2.37865148e+01,2.40173073e+01
1763.6103,1.63087899e+00,2.73092963e-02,2.84267018e-02,5.97188213e+01,5.73713757e+01,3.21244578e+00,1.33362144e-01,1.32046527e-01,2.40881383e+01,2.43281353e+01
1807.9151,1.61371580e+00,2.60850483e-02,2.71054813e-02,6.18636309e+01,5.95346669e+01,3.14575403e+00,1.28901610e-01,1.27576842e-01,2.44043036e+01,2.46577198e+01
1853.3330,1.59705568e+00,2.49117874e-02,2.58417901e-02,6.41084339e+01,6.18012788e+01,3.08109240e+00,1.24530043e-01,1.23209832e-01,2.47417597e+01,2.50068712e+01
1899.8918,1.58088229e+00,2.37876988e-02,2.46519871e-02,6.64579751e+01,6.41279864e+01,3.01840628e+00,1.20252116e-01,1.18945223e-01,2.51006501e+01,2.53764397e+01
1947.6202,1.56517992e+00,2.27110033e-02,2.34981454e-02,6.89172511e+01,6.66086575e+01,2.95764189e+00,1.16098476e-01,1.14890577e-01,2.54752861e+01,2.57431199e+01
1996.5477,1.54993340e+00,2.16816440e-02,2.23951707e-02,7.14859722e+01,6.92083763e+01,2.89874623e+00,1.12030113e-01,1.10827478e-01,2.58747058e+01,2.61554832e+01
2046.7043,1.53512813e+00,2.06948248e-02,2.13582150e-02,7.41793244e+01,7.18753008e+01,2.84166714e+00,1.08052693e-01,1.06865688e-01,2.62989016e+01,2.65910154e+01
2098.1209,1.52075000e+00,1.97503259e-02,2.03522010e-02,7.69987295e+01,7.47216482e+01,2.78635336e+00,1.04201680e-01,1.03004676e-01,2.67400042e+01,2.70507463e+01
2150.8292,1.50678545e+00,1.88465289e-02,1.94058926e-02,7.99502899e+01,7.76457691e+01,2.73275449e+00,1.00431769e-01,9.93370058e-02,2.72100602e+01,2.75099341e+01
2204.8617,1.49322137e+00,1.79818579e-02,1.84888785e-02,8.30404390e+01,8.07632207e+01,2.68082105e+00,9.67793617e-02,9.56740257e-02,2.77003382e+01,2.80203642e+01
2260.2515,1.48004514e+00,1.71547796e-02,1.76129952e-02,8.62759631e+01,8.40314279e+01,2.63050450e+00,9.31957117e-02,9.21098692e-02,2.82255960e+01,2.85583350e+01
2317.0328,1.46724455e+00,1.63647680e-02,1.67906154e-02,8.96587440e+01,8.73847989e+01,2.58175727e+00,8.97181524e-02,8.86437248e-02,2.87763090e+01,2.91250991e+01
2375.2405,1.45480785e+00,1.56085797e-02,1.59928946e-02,9.32056524e+01,9.09658873e+01,2.53453274e+00,8.63581658e-02,8.53564972e-02,2.93490803e+01,2.96934952e+01
2434.9105,1.44272370e+00,1.48856572e-02,1.52437728e-02,9.69203903e+01,9.46434799e+01,2.48878528e+00,8.30720102e-02,8.20823516e-02,2.99593723e+01,3.03205894e+01
2496.0795,1.43098115e+00,1.41946420e-02,1.45175877e-02,1.00811359e+02,9.85687961e+01,2.44447026e+00,7.99022450e-02,7.89782466e-02,3.05932613e+01,3.09511842e+01
2558.7852,1.41956962e+00,1.35342192e-02,1.38356492e-02,1.04887441e+02,1.02602313e+02,2.40154405e+00,7.68035180e-02,7.58922486e-02,3.12686725e+01,3.16441283e+01
2623.0662,1.40847891e+00,1.29031171e-02,1.31748709e-02,1.09158035e+02,1.06906467e+02,2.35996405e+00,7.38196784e-02,7.28991705e-02,3.19693082e+01,3.23729891e+01
2688.9620,1.39769917e+00,1.23046059e-02,1.25544550e-02,1.13591543e+02,1.11330931e+02,2.31968867e+00,7.09038691e-02,7.00657310e-02,3.27159674e+01,3.31073213e+01
2756.5132,1.38722088e+00,1.17289977e-02,1.19534256e-02,1.18272756e+02,1.16052161e+02,2.28067733e+00,6.80647866e-02,6.72537859e-02,3.35074485e+01,3.39115085e+01
2825.7614,1.37703486e+00,1.11791813e-02,1.13892776e-02,1.23178507e+02,1.20906252e+02,2.24289050e+00,6.53509504e-02,6.45937377e-02,3.43207020e+01,3.47230332e+01
2896.7492,1.36713224e+00,1.06540529e-02,1.08427835e-02,1.28320391e+02,1.26086833e+02,2.20628963e+00,6.26990741e-02,6.20167162e-02,3.51885520e+01,3.55757248e+01
2969.5204,1.35750443e+00,1.01543272e-02,1.03300405e-02,1.33687284e+02,1.31413273e+02,2.17083722e+00,6.01581435e-02,5.94659815e-02,3.60855089e+01,3.65055309e+01
3044.1197,1.34814315e+00,9.67559753e-03,9.83328541e-03,1.39334356e+02,1.37099972e+02,2.13649678e+00,5.77135372e-02,5.70548904e-02,3.70189886e+01,3.74463392e+01
3120.5931,1.33904040e+00,9.21849205e-03,9.36745927e-03,1.45255904e+02,1.42945954e+02,2.10323279e+00,5.53143860e-02,5.46711041e-02,3.80232512e+01,3.84706478e+01
3198.9876,1.33018844e+00,8.78206360e-03,8.91603759e-03,1.51466501e+02,1.49190538e+02,2.07101075e+00,5.30209690e-02,5.24201213e-02,3.90602208e+01,3.95079352e+01
3279.3515,1.32157980e+00,8.36540226e-03,8.49299534e-03,1.57981620e+02,1.55608209e+02,2.03979715e+00,5.07818842e-02,5.02455302e-02,4.01678114e+01,4.05965891e+01
3361.7343,1.15397772e+00,7.97433919e-03,8.08286600e-03,1.44711392e+02,1.42768385e+02,2.00955941e+00,4.86455490e-02,4.81458975e-02,4.13102421e+01,4.17389541e+01
3446.1867,1.15003333e+00,7.59517081e-03,7.69880905e-03,1.51416388e+02,1.49378082e+02,1.98026594e+00,4.65598790e-02,4.60758526e-02,4.25315956e+01,4.29783896e+01
3532.7606,1.14619384e+00,7.23326868e-03,7.33253836e-03,1.58461394e+02,1.56316105e+02,1.95188609e+00,4.45737520e-02,4.41237276e-02,4.37900334e+01,4.42366545e+01
3621.5095,1.14245629e+00,6.89018969e-03,6.97771323e-03,1.65809120e+02,1.63729327e+02,1.92439012e+00,4.26720601e-02,4.22416830e-02,4.50971928e+01,4.55566631e+01
3712.4878,1.13881781e+00,6.56070739e-03,6.64534932e-03,1.73581557e+02,1.71370646e+02,1.89774921e+00,4.08040568e-02,4.04282407e-02,4.65088365e+01,4.69411770e+01
3805.7517,1.13527560e+00,6.24627312e-03,6.32848237e-03,1.81752475e+02,1.79391445e+02,1.87193541e+00,3.90294768e-02,3.86816780e-02,4.79620934e+01,4.83933353e+01
3901.3586,1.13182697e+00,5.94620796e-03,6.02161003e-03,1.90344330e+02,1.87960855e+02,1.84692167e+00,3.73336118e-02,3.70003148e-02,4.94707473e+01,4.99163772e+01
3999.3672,1.12846930e+00,5.66758781e-03,5.73418519e-03,1.99109275e+02,1.96796801e+02,1.82268179e+00,3.56670907e-02,3.53824522e-02,5.11026202e+01,5.15137215e+01
4099.8380,1.12520005e+00,5.39483115e-03,5.45556557e-03,2.08570021e+02,2.06248103e+02,1.79919038e+00,3.40877383e-02,3.38263777e-02,5.27811605e+01,5.31889758e+01
4202.8327,1.12201675e+00,5.13458148e-03,5.18993851e-03,2.18521560e+02,2.16190760e+02,1.77642290e+00,3.25812232e-02,3.23303710e-02,5.45229037e+01,5.49459484e+01
4308.4149,1.11891703e+00,4.88890288e-03,4.94196184e-03,2.28868737e+02,2.26411507e+02,1.75435557e+00,3.10998671e-02,3.08927096e-02,5.64103879e+01,5.67886595e+01
4416.6495,1.11589855e+00,4.65213495e-03,4.70082200e-03,2.39868053e+02,2.37383707e+02,1.73296540e+00,2.97106367e-02,2.95116734e-02,5.83281139e+01,5.87213535e+01
4527.6031,1.11295909e+00,4.42624117e-03,4.47093150e-03,2.51445650e+02,2.48932261e+02,1.71223017e+00,2.83659238e-02,2.81855490e-02,6.03622214e+01,6.07485123e+01
4641.3441,1.11009645e+00,4.21874872e-03,4.25711162e-03,2.63134054e+02,2.60762825e+02,1.69212838e+00,2.70860688e-02,2.69126343e-02,6.24722765e+01,6.28748698e+01
4757.9424,1.10730853e+00,4.01354437e-03,4.04843352e-03,2.75892933e+02,2.73515305e+02,1.67263923e+00,2.58581133e-02,2.56912416e-02,6.46852775e+01,6.51054261e+01
4877.4698,1.10459327e+00,3.81778703e-03,3.84949274e-03,2.89328153e+02,2.86945150e+02,1.65374264e+00,2.46500306e-02,2.45436911e-02,6.70888677e+01,6.73795412e+01
5000.0000,1.10194868e+00,3.63374098e-03,3.66522632e-03,3.03254605e+02,3.00649562e+02,1.63541920e+00,2.35217930e-02,2.34194715e-02,6.95278286e+01,6.98316013e+01
