benchmark,v_km_s,sigma_even,sigma_odd_raw,sigma_odd_x3,sigma_maj,sigma_dirac,R_triplet,maj_dir_ratio
BP1,3.0000,2.104424e-01,5.833955e-43,1.750187e-42,2.104424e-01,2.104424e-01,0.000000,1.000000
BP1,3.0754,2.186568e-01,6.414036e-43,1.924211e-42,2.186568e-01,2.186568e-01,0.000000,1.000000
BP1,3.1526,2.271279e-01,7.050189e-43,2.115057e-42,2.271279e-01,2.271279e-01,0.000000,1.000000
BP1,3.2318,2.358566e-01,7.747578e-43,2.324273e-42,2.358566e-01,2.358566e-01,0.000000,1.000000
BP1,3.3130,2.448430e-01,8.511805e-43,2.553541e-42,2.448430e-01,2.448430e-01,0.000000,1.000000
BP1,3.3962,2.540868e-01,9.348936e-43,2.804681e-42,2.540868e-01,2.540868e-01,0.000000,1.000000
BP1,3.4816,2.635867e-01,1.026554e-42,3.079661e-42,2.635867e-01,2.635867e-01,0.000000,1.000000
BP1,3.5690,2.733411e-01,1.126870e-42,3.380609e-42,2.733411e-01,2.733411e-01,0.000000,1.000000
BP1,3.6587,2.833474e-01,1.236607e-42,3.709822e-42,2.833474e-01,2.833474e-01,0.000000,1.000000
BP1,3.7506,2.936024e-01,1.356591e-42,4.069774e-42,2.936024e-01,2.936024e-01,0.000000,1.000000
BP1,3.8448,3.041019e-01,1.487709e-42,4.463127e-42,3.041019e-01,3.041019e-01,0.000000,1.000000
BP1,3.9414,3.148412e-01,1.630914e-42,4.892742e-42,3.148412e-01,3.148412e-01,0.000000,1.000000
BP1,4.0404,3.258147e-01,1.787228e-42,5.361685e-42,3.258147e-01,3.258147e-01,0.000000,1.000000
BP1,4.1419,3.370159e-01,1.957747e-42,5.873241e-42,3.370159e-01,3.370159e-01,0.000000,1.000000
BP1,4.2460,3.484376e-01,2.143638e-42,6.430914e-42,3.484376e-01,3.484376e-01,0.000000,1.000000
BP1,4.3526,3.600719e-01,2.346148e-42,7.038443e-42,3.600719e-01,3.600719e-01,0.000000,1.000000
BP1,4.4620,3.719100e-01,2.566600e-42,7.699801e-42,3.719100e-01,3.719100e-01,0.000000,1.000000
BP1,4.5741,3.839422e-01,2.806400e-42,8.419201e-42,3.839422e-01,3.839422e-01,0.000000,1.000000
BP1,4.6890,3.961584e-01,3.067033e-42,9.201098e-42,3.961584e-01,3.961584e-01,0.000000,1.000000
BP1,4.8068,4.085474e-01,3.350063e-42,1.005019e-41,4.085474e-01,4.085474e-01,0.000000,1.000000
BP1,4.9275,4.210977e-01,3.657133e-42,1.097140e-41,4.210977e-01,4.210977e-01,0.000000,1.000000
BP1,5.0513,4.337967e-01,3.989962e-42,1.196988e-41,4.337967e-01,4.337967e-01,0.000000,1.000000
BP1,5.1782,4.466316e-01,4.350328e-42,1.305098e-41,4.466316e-01,4.466316e-01,0.000000,1.000000
BP1,5.3083,4.595888e-01,4.740035e-42,1.422010e-41,4.595888e-01,4.595888e-01,0.000000,1.000000
BP1,5.4417,4.726543e-01,5.160748e-42,1.548225e-41,4.726543e-01,4.726543e-01,0.000000,1.000000
BP1,5.5784,4.858135e-01,5.613357e-42,1.684007e-41,4.858135e-01,4.858135e-01,0.000000,1.000000
BP1,5.7185,4.990515e-01,6.095375e-42,1.828613e-41,4.990515e-01,4.990515e-01,0.000000,1.000000
BP1,5.8622,5.123531e-01,6.590832e-42,1.977250e-41,5.123531e-01,5.123531e-01,0.000000,1.000000
BP1,6.0094,5.257027e-01,7.032497e-42,2.109749e-41,5.257027e-01,5.257027e-01,0.000000,1.000000
BP1,6.1604,5.390846e-01,7.170577e-42,2.151173e-41,5.390846e-01,5.390846e-01,0.000000,1.000000
BP1,6.3152,5.524829e-01,6.193850e-42,1.858155e-41,5.524829e-01,5.524829e-01,0.000000,1.000000
BP1,6.4738,5.658817e-01,2.431248e-42,7.293743e-42,5.658817e-01,5.658817e-01,0.000000,1.000000
BP1,6.6364,5.792650e-01,3.321824e-42,9.965472e-42,5.792650e-01,5.792650e-01,0.000000,1.000000
BP1,6.8031,5.926168e-01,1.706214e-40,5.118642e-40,5.926168e-01,5.926168e-01,0.000000,1.000000
BP1,6.9741,6.059215e-01,2.373229e-39,7.119687e-39,6.059215e-01,6.059215e-01,0.000000,1.000000
BP1,7.1493,6.191634e-01,2.496612e-38,7.489837e-38,6.191634e-01,6.191634e-01,0.000000,1.000000
BP1,7.3289,6.323273e-01,2.333806e-37,7.001418e-37,6.323273e-01,6.323273e-01,0.000000,1.000000
BP1,7.5130,6.453981e-01,2.025152e-36,6.075456e-36,6.453981e-01,6.453981e-01,0.000000,1.000000
BP1,7.7017,6.583614e-01,1.654725e-35,4.964176e-35,6.583614e-01,6.583614e-01,0.000000,1.000000
BP1,7.8952,6.712029e-01,1.280157e-34,3.840472e-34,6.712029e-01,6.712029e-01,0.000000,1.000000
BP1,8.0935,6.839089e-01,9.402492e-34,2.820747e-33,6.839089e-01,6.839089e-01,0.000000,1.000000
BP1,8.2968,6.964665e-01,6.567857e-33,1.970357e-32,6.964665e-01,6.964665e-01,0.000000,1.000000
BP1,8.5053,7.088629e-01,4.369324e-32,1.310797e-31,7.088629e-01,7.088629e-01,0.000000,1.000000
BP1,8.7189,7.210864e-01,2.771802e-31,8.315405e-31,7.210864e-01,7.210864e-01,0.000000,1.000000
BP1,8.9380,7.331255e-01,1.678745e-30,5.036236e-30,7.331255e-01,7.331255e-01,0.000000,1.000000
BP1,9.1625,7.449699e-01,9.718095e-30,2.915428e-29,7.449699e-01,7.449699e-01,0.000000,1.000000
BP1,9.3927,7.566095e-01,5.383135e-29,1.614940e-28,7.566095e-01,7.566095e-01,0.000000,1.000000
BP1,9.6287,7.680353e-01,2.856398e-28,8.569194e-28,7.680353e-01,7.680353e-01,0.000000,1.000000
BP1,9.8705,7.792388e-01,1.453420e-27,4.360261e-27,7.792388e-01,7.792388e-01,0.000000,1.000000
BP1,10.1185,7.902123e-01,7.099063e-27,2.129719e-26,7.902123e-01,7.902123e-01,0.000000,1.000000
BP1,10.3727,8.009489e-01,3.331850e-26,9.995551e-26,8.009489e-01,8.009489e-01,0.000000,1.000000
BP1,10.6333,8.114424e-01,1.504081e-25,4.512242e-25,8.114424e-01,8.114424e-01,0.000000,1.000000
BP1,10.9004,8.216874e-01,6.536937e-25,1.961081e-24,8.216874e-01,8.216874e-01,0.000000,1.000000
BP1,11.1742,8.316792e-01,2.737795e-24,8.213385e-24,8.316792e-01,8.316792e-01,0.000000,1.000000
BP1,11.4550,8.414138e-01,1.105980e-23,3.317939e-23,8.414138e-01,8.414138e-01,0.000000,1.000000
BP1,11.7427,8.508878e-01,4.313198e-23,1.293959e-22,8.508878e-01,8.508878e-01,0.000000,1.000000
BP1,12.0377,8.600986e-01,1.625305e-22,4.875914e-22,8.600986e-01,8.600986e-01,0.000000,1.000000
BP1,12.3401,8.690443e-01,5.922719e-22,1.776816e-21,8.690443e-01,8.690443e-01,0.000000,1.000000
BP1,12.6501,8.777236e-01,2.088899e-21,6.266696e-21,8.777236e-01,8.777236e-01,0.000000,1.000000
BP1,12.9679,8.861356e-01,7.136308e-21,2.140892e-20,8.861356e-01,8.861356e-01,0.000000,1.000000
BP1,13.2937,8.942802e-01,2.363369e-20,7.090106e-20,8.942802e-01,8.942802e-01,0.000000,1.000000
BP1,13.6277,9.021577e-01,7.593190e-20,2.277957e-19,9.021577e-01,9.021577e-01,0.000000,1.000000
BP1,13.9700,9.097691e-01,2.368521e-19,7.105562e-19,9.097691e-01,9.097691e-01,0.000000,1.000000
BP1,14.3210,9.171156e-01,7.178066e-19,2.153420e-18,9.171156e-01,9.171156e-01,0.000000,1.000000
BP1,14.6807,9.241990e-01,2.115070e-18,6.345209e-18,9.241990e-01,9.241990e-01,0.000000,1.000000
BP1,15.0495,9.310214e-01,6.063605e-18,1.819082e-17,9.310214e-01,9.310214e-01,0.000000,1.000000
BP1,15.4276,9.375854e-01,1.692469e-17,5.077407e-17,9.375854e-01,9.375854e-01,0.000000,1.000000
BP1,15.8152,9.438938e-01,4.602372e-17,1.380712e-16,9.438938e-01,9.438938e-01,0.000000,1.000000
BP1,16.2125,9.499497e-01,1.220097e-16,3.660291e-16,9.499497e-01,9.499497e-01,0.000000,1.000000
BP1,16.6198,9.557566e-01,3.155240e-16,9.465719e-16,9.557566e-01,9.557566e-01,0.000000,1.000000
BP1,17.0373,9.613181e-01,7.964578e-16,2.389373e-15,9.613181e-01,9.613181e-01,0.000000,1.000000
BP1,17.4653,9.666379e-01,1.963569e-15,5.890707e-15,9.666379e-01,9.666379e-01,0.000000,1.000000
BP1,17.9040,9.717200e-01,4.730824e-15,1.419247e-14,9.717200e-01,9.717200e-01,0.000000,1.000000
BP1,18.3538,9.765685e-01,1.114507e-14,3.343520e-14,9.765685e-01,9.765685e-01,0.000000,1.000000
BP1,18.8149,9.811877e-01,2.568774e-14,7.706323e-14,9.811877e-01,9.811877e-01,0.000000,1.000000
BP1,19.2876,9.855817e-01,5.795657e-14,1.738697e-13,9.855817e-01,9.855817e-01,0.000000,1.000000
BP1,19.7721,9.897549e-01,1.280688e-13,3.842064e-13,9.897549e-01,9.897549e-01,0.000000,1.000000
BP1,20.2688,9.937115e-01,2.773147e-13,8.319440e-13,9.937115e-01,9.937115e-01,0.000000,1.000000
BP1,20.7780,9.974560e-01,5.887223e-13,1.766167e-12,9.974560e-01,9.974560e-01,0.000000,1.000000
BP1,21.3000,1.000992e+00,1.225943e-12,3.677830e-12,1.000992e+00,1.000992e+00,0.000000,1.000000
BP1,21.8351,1.004325e+00,2.505309e-12,7.515928e-12,1.004325e+00,1.004325e+00,0.000000,1.000000
BP1,22.3836,1.007459e+00,5.026750e-12,1.508025e-11,1.007459e+00,1.007459e+00,0.000000,1.000000
BP1,22.9459,1.010396e+00,9.907111e-12,2.972133e-11,1.010396e+00,1.010396e+00,0.000000,1.000000
BP1,23.5223,1.013143e+00,1.918822e-11,5.756466e-11,1.013143e+00,1.013143e+00,0.000000,1.000000
BP1,24.1133,1.015701e+00,3.653755e-11,1.096127e-10,1.015701e+00,1.015701e+00,0.000000,1.000000
BP1,24.7190,1.018076e+00,6.842994e-11,2.052898e-10,1.018076e+00,1.018076e+00,0.000000,1.000000
BP1,25.3400,1.020270e+00,1.261058e-10,3.783174e-10,1.020270e+00,1.020270e+00,0.000000,1.000000
BP1,25.9766,1.022287e+00,2.287610e-10,6.862830e-10,1.022287e+00,1.022287e+00,0.000000,1.000000
BP1,26.6292,1.024131e+00,4.086567e-10,1.225970e-09,1.024131e+00,1.024131e+00,0.000000,1.000000
BP1,27.2981,1.025803e+00,7.191711e-10,2.157513e-09,1.025803e+00,1.025803e+00,0.000000,1.000000
BP1,27.9839,1.027307e+00,1.247287e-09,3.741860e-09,1.027307e+00,1.027307e+00,0.000000,1.000000
BP1,28.6869,1.028646e+00,2.132652e-09,6.397956e-09,1.028646e+00,1.028646e+00,0.000000,1.000000
BP1,29.4076,1.029822e+00,3.596242e-09,1.078873e-08,1.029822e+00,1.029822e+00,0.000000,1.000000
BP1,30.1464,1.030837e+00,5.982804e-09,1.794841e-08,1.030837e+00,1.030837e+00,0.000000,1.000000
BP1,30.9037,1.031694e+00,9.822800e-09,2.946840e-08,1.031694e+00,1.031694e+00,0.000000,1.000000
BP1,31.6800,1.032393e+00,1.592153e-08,4.776460e-08,1.032393e+00,1.032393e+00,0.000000,1.000000
BP1,32.4759,1.032936e+00,2.548556e-08,7.645669e-08,1.032936e+00,1.032936e+00,0.000000,1.000000
BP1,33.2917,1.033325e+00,4.029958e-08,1.208987e-07,1.033325e+00,1.033325e+00,0.000000,1.000000
BP1,34.1281,1.033561e+00,6.297058e-08,1.889117e-07,1.033561e+00,1.033561e+00,0.000000,1.000000
BP1,34.9854,1.033644e+00,9.726041e-08,2.917812e-07,1.033645e+00,1.033644e+00,0.000000,1.000000
BP1,35.8643,1.033575e+00,1.485330e-07,4.455990e-07,1.033576e+00,1.033576e+00,0.000000,1.000000
BP1,36.7653,1.033355e+00,2.243481e-07,6.730442e-07,1.033356e+00,1.033355e+00,0.000001,1.000000
BP1,37.6889,1.032983e+00,3.352394e-07,1.005718e-06,1.032984e+00,1.032983e+00,0.000001,1.000001
BP1,38.6357,1.032459e+00,4.957228e-07,1.487168e-06,1.032461e+00,1.032460e+00,0.000001,1.000001
BP1,39.6063,1.031783e+00,7.255854e-07,2.176756e-06,1.031785e+00,1.031784e+00,0.000002,1.000001
BP1,40.6013,1.030954e+00,1.051516e-06,3.154548e-06,1.030957e+00,1.030955e+00,0.000003,1.000002
BP1,41.6213,1.029971e+00,1.509141e-06,4.527422e-06,1.029976e+00,1.029973e+00,0.000004,1.000003
BP1,42.6668,1.028833e+00,2.145537e-06,6.436612e-06,1.028840e+00,1.028835e+00,0.000006,1.000004
BP1,43.7387,1.027539e+00,3.022304e-06,9.066912e-06,1.027548e+00,1.027542e+00,0.000009,1.000006
BP1,44.8375,1.026087e+00,4.219262e-06,1.265779e-05,1.026100e+00,1.026091e+00,0.000012,1.000008
BP1,45.9639,1.024475e+00,5.838870e-06,1.751661e-05,1.024493e+00,1.024481e+00,0.000017,1.000011
BP1,47.1186,1.022702e+00,8.011433e-06,2.403430e-05,1.022726e+00,1.022710e+00,0.000024,1.000016
BP1,48.3023,1.020764e+00,1.090117e-05,3.270352e-05,1.020797e+00,1.020775e+00,0.000032,1.000021
BP1,49.5157,1.018660e+00,1.471322e-05,4.413967e-05,1.018704e+00,1.018674e+00,0.000043,1.000029
BP1,50.7596,1.016386e+00,1.970160e-05,5.910481e-05,1.016445e+00,1.016406e+00,0.000058,1.000039
BP1,52.0348,1.013941e+00,2.617817e-05,7.853451e-05,1.014019e+00,1.013967e+00,0.000077,1.000052
BP1,53.3420,1.011320e+00,3.452261e-05,1.035678e-04,1.011424e+00,1.011355e+00,0.000102,1.000068
BP1,54.6820,1.008521e+00,4.519339e-05,1.355802e-04,1.008657e+00,1.008566e+00,0.000134,1.000090
BP1,56.0557,1.005540e+00,5.873961e-05,1.762188e-04,1.005716e+00,1.005599e+00,0.000175,1.000117
BP1,57.4640,1.002374e+00,7.581370e-05,2.274411e-04,1.002602e+00,1.002450e+00,0.000227,1.000151
BP1,58.9075,9.990192e-01,9.718479e-05,2.915544e-04,9.993107e-01,9.991164e-01,0.000292,1.000195
BP1,60.3874,9.954714e-01,1.237525e-04,3.712576e-04,9.958427e-01,9.955952e-01,0.000373,1.000249
BP1,61.9044,9.917270e-01,1.565613e-04,4.696840e-04,9.921967e-01,9.918836e-01,0.000473,1.000316
BP1,63.4596,9.877820e-01,1.968142e-04,5.904426e-04,9.883724e-01,9.879788e-01,0.000597,1.000398
BP1,65.0538,9.836322e-01,2.458867e-04,7.376601e-04,9.843698e-01,9.838781e-01,0.000749,1.000500
BP1,66.6880,9.792736e-01,3.053399e-04,9.160196e-04,9.801896e-01,9.795789e-01,0.000935,1.000623
BP1,68.3634,9.747020e-01,3.769321e-04,1.130796e-03,9.758328e-01,9.750790e-01,0.001159,1.000773
BP1,70.0808,9.699133e-01,4.626294e-04,1.387888e-03,9.713012e-01,9.703760e-01,0.001429,1.000954
BP1,71.8413,9.649034e-01,5.646138e-04,1.693842e-03,9.665972e-01,9.654680e-01,0.001752,1.001170
BP1,73.6461,9.596681e-01,6.852889e-04,2.055867e-03,9.617239e-01,9.603534e-01,0.002138,1.001427
BP1,75.4962,9.542034e-01,8.272829e-04,2.481849e-03,9.566852e-01,9.550306e-01,0.002594,1.001732
BP1,77.3928,9.485053e-01,9.934476e-04,2.980343e-03,9.514857e-01,9.494988e-01,0.003132,1.002093
BP1,79.3370,9.425701e-01,1.186854e-03,3.560563e-03,9.461307e-01,9.437570e-01,0.003763,1.002515
BP1,81.3301,9.363942e-01,1.410785e-03,4.232354e-03,9.406265e-01,9.378050e-01,0.004500,1.003009
BP1,83.3732,9.299740e-01,1.668717e-03,5.006152e-03,9.349801e-01,9.316427e-01,0.005354,1.003582
BP1,85.4677,9.233063e-01,1.964310e-03,5.892929e-03,9.291993e-01,9.252706e-01,0.006342,1.004246
BP1,87.6148,9.163882e-01,2.301375e-03,6.904125e-03,9.232924e-01,9.186896e-01,0.007478,1.005010
BP1,89.8158,9.092170e-01,2.683853e-03,8.051559e-03,9.172686e-01,9.119009e-01,0.008778,1.005886
BP1,92.0722,9.017903e-01,3.115777e-03,9.347331e-03,9.111377e-01,9.049061e-01,0.010259,1.006886
BP1,94.3852,8.941062e-01,3.601234e-03,1.080370e-02,9.049099e-01,8.977075e-01,0.011939,1.008023
BP1,96.7563,8.861631e-01,4.144325e-03,1.243297e-02,8.985961e-01,8.903074e-01,0.013836,1.009310
BP1,99.1870,8.779599e-01,4.749111e-03,1.424733e-02,8.922072e-01,8.827090e-01,0.015969,1.010760
BP1,101.6787,8.694959e-01,5.419569e-03,1.625871e-02,8.857546e-01,8.749155e-01,0.018356,1.012389
BP1,104.2330,8.607711e-01,6.159529e-03,1.847859e-02,8.792497e-01,8.669306e-01,0.021016,1.014210
BP1,106.8516,8.517858e-01,6.972623e-03,2.091787e-02,8.727037e-01,8.587585e-01,0.023969,1.016239
BP1,109.5358,8.425413e-01,7.862224e-03,2.358667e-02,8.661279e-01,8.504035e-01,0.027232,1.018491
BP1,112.2876,8.330390e-01,8.831384e-03,2.649415e-02,8.595332e-01,8.418704e-01,0.030824,1.020980
BP1,115.1084,8.232814e-01,9.882776e-03,2.964833e-02,8.529297e-01,8.331642e-01,0.034761,1.023723
BP1,118.0001,8.132716e-01,1.101863e-02,3.305590e-02,8.463275e-01,8.242902e-01,0.039058,1.026735
BP1,120.9645,8.030132e-01,1.224069e-02,3.672208e-02,8.397353e-01,8.152539e-01,0.043731,1.030029
BP1,124.0033,7.925109e-01,1.355015e-02,4.065045e-02,8.331613e-01,8.060610e-01,0.048791,1.033621
BP1,127.1185,7.817698e-01,1.494759e-02,4.484278e-02,8.266126e-01,7.967174e-01,0.054249,1.037523
BP1,130.3119,7.707961e-01,1.643297e-02,4.929891e-02,8.200951e-01,7.872291e-01,0.060114,1.041749
BP1,133.5856,7.595968e-01,1.800555e-02,5.401666e-02,8.136134e-01,7.776023e-01,0.066391,1.046310
BP1,136.9415,7.481793e-01,1.966390e-02,5.899169e-02,8.071710e-01,7.678432e-01,0.073085,1.051219
BP1,140.3817,7.365523e-01,2.140583e-02,6.421749e-02,8.007698e-01,7.579581e-01,0.080195,1.056483
BP1,143.9083,7.247250e-01,2.322842e-02,6.968527e-02,7.944103e-01,7.479535e-01,0.087719,1.062112
BP1,147.5235,7.127076e-01,2.512800e-02,7.538399e-02,7.880916e-01,7.378356e-01,0.095654,1.068113
BP1,151.2295,7.005109e-01,2.710012e-02,8.130035e-02,7.818112e-01,7.276110e-01,0.103990,1.074491
BP1,155.0287,6.881465e-01,2.913961e-02,8.741883e-02,7.755653e-01,7.172861e-01,0.112716,1.081250
BP1,158.9233,6.756267e-01,3.124059e-02,9.372178e-02,7.693485e-01,7.068673e-01,0.121820,1.088392
BP1,162.9157,6.629645e-01,3.339648e-02,1.001894e-01,7.631540e-01,6.963610e-01,0.131283,1.095917
BP1,167.0084,6.501737e-01,3.561337e-02,1.068401e-01,7.570138e-01,6.857870e-01,0.141134,1.103861
BP1,171.2039,6.372683e-01,3.786073e-02,1.135822e-01,7.508504e-01,6.751290e-01,0.151271,1.112159
BP1,175.5049,6.242630e-01,4.014058e-02,1.204217e-01,7.446848e-01,6.644036e-01,0.161708,1.120832
BP1,179.9138,6.111732e-01,4.244429e-02,1.273329e-01,7.385061e-01,6.536175e-01,0.172420,1.129875
BP1,184.4336,5.980143e-01,4.476286e-02,1.342886e-01,7.323028e-01,6.427771e-01,0.183378,1.139280
BP1,189.0668,5.848021e-01,4.708696e-02,1.412609e-01,7.260630e-01,6.318890e-01,0.194557,1.149036
BP1,193.8165,5.715527e-01,4.940709e-02,1.482213e-01,7.197740e-01,6.209598e-01,0.205928,1.159131
BP1,198.6855,5.582824e-01,5.171357e-02,1.551407e-01,7.134231e-01,6.099959e-01,0.217460,1.169554
BP1,203.6768,5.450073e-01,5.399670e-02,1.619901e-01,7.069974e-01,5.990040e-01,0.229124,1.180288
BP1,208.7935,5.317437e-01,5.624681e-02,1.687404e-01,7.004841e-01,5.879905e-01,0.240891,1.191319
BP1,214.0388,5.185077e-01,5.845436e-02,1.753631e-01,6.938708e-01,5.769621e-01,0.252732,1.202628
BP1,219.4158,5.053151e-01,6.061000e-02,1.818300e-01,6.871451e-01,5.659251e-01,0.264617,1.214198
BP1,224.9279,4.921816e-01,6.270468e-02,1.881141e-01,6.802957e-01,5.548863e-01,0.276518,1.226009
BP1,230.5784,4.791223e-01,6.472971e-02,1.941891e-01,6.733115e-01,5.438520e-01,0.288409,1.238042
BP1,236.3709,4.661521e-01,6.667681e-02,2.000304e-01,6.661825e-01,5.328289e-01,0.300264,1.250275
BP1,242.3090,4.532851e-01,6.853821e-02,2.056146e-01,6.588997e-01,5.218233e-01,0.312058,1.262687
BP1,248.3962,4.405350e-01,7.030667e-02,2.109200e-01,6.514550e-01,5.108417e-01,0.323768,1.275258
BP1,254.6363,4.279149e-01,7.197557e-02,2.159267e-01,6.438416e-01,4.998904e-01,0.335372,1.287965
BP1,261.0332,4.154755e-01,7.353889e-02,2.206167e-01,6.360922e-01,4.890144e-01,0.346831,1.300764
BP1,267.5908,4.031604e-01,7.499130e-02,2.249739e-01,6.281343e-01,4.781517e-01,0.358162,1.313672
BP1,274.3131,3.910117e-01,7.632816e-02,2.289845e-01,6.199962e-01,4.673399e-01,0.369332,1.326649
BP1,281.2043,3.790397e-01,7.754554e-02,2.326366e-01,6.116763e-01,4.565852e-01,0.380326,1.339676
BP1,288.2686,3.672537e-01,7.864019e-02,2.359206e-01,6.031743e-01,4.458939e-01,0.391132,1.352730
BP1,295.5104,3.556625e-01,7.960962e-02,2.388289e-01,5.944914e-01,4.352722e-01,0.401736,1.365792
BP1,302.9342,3.442739e-01,8.045203e-02,2.413561e-01,5.856300e-01,4.247259e-01,0.412131,1.378842
BP1,310.5444,3.330948e-01,8.116629e-02,2.434989e-01,5.765937e-01,4.142611e-01,0.422306,1.391861
BP1,318.3458,3.221315e-01,8.175197e-02,2.452559e-01,5.673874e-01,4.038834e-01,0.432255,1.404830
BP1,326.3431,3.113893e-01,8.220927e-02,2.466278e-01,5.580171e-01,3.935986e-01,0.441972,1.417732
BP1,334.5414,3.008729e-01,8.253902e-02,2.476171e-01,5.484900e-01,3.834119e-01,0.451452,1.430550
BP1,342.9457,2.905861e-01,8.274263e-02,2.482279e-01,5.388140e-01,3.733288e-01,0.460693,1.443270
BP1,351.5610,2.805321e-01,8.282205e-02,2.484661e-01,5.289983e-01,3.633542e-01,0.469692,1.455875
BP1,360.3928,2.707133e-01,8.283599e-02,2.485080e-01,5.192213e-01,3.535493e-01,0.478617,1.468597
BP1,369.4465,2.611314e-01,8.268589e-02,2.480577e-01,5.091890e-01,3.438172e-01,0.487162,1.480987
BP1,378.7276,2.517875e-01,8.242199e-02,2.472660e-01,4.990534e-01,3.342095e-01,0.495470,1.493236
BP1,388.2419,2.426821e-01,8.204817e-02,2.461445e-01,4.888267e-01,3.247303e-01,0.503542,1.505331
BP1,397.9952,2.338153e-01,8.156866e-02,2.447060e-01,4.785213e-01,3.153840e-01,0.511379,1.517266
BP1,407.9935,2.251865e-01,8.098795e-02,2.429639e-01,4.681503e-01,3.061744e-01,0.518987,1.529031
BP1,418.2429,2.167945e-01,8.031081e-02,2.409324e-01,4.577269e-01,2.971053e-01,0.526367,1.540622
BP1,428.7499,2.086379e-01,7.954217e-02,2.386265e-01,4.472644e-01,2.881801e-01,0.533524,1.552031
BP1,439.5208,2.007148e-01,7.868715e-02,2.360614e-01,4.367763e-01,2.794020e-01,0.540463,1.563254
BP1,450.5623,1.930229e-01,7.775098e-02,2.332529e-01,4.262758e-01,2.707739e-01,0.547188,1.574287
BP1,461.8812,1.855595e-01,7.673896e-02,2.302169e-01,4.157764e-01,2.622985e-01,0.553704,1.585127
BP1,473.4844,1.783937e-01,7.565645e-02,2.269694e-01,4.053630e-01,2.540501e-01,0.559916,1.595603
BP1,485.3791,1.713904e-01,7.450882e-02,2.235265e-01,3.949168e-01,2.458992e-01,0.566009,1.606011
BP1,497.5727,1.646075e-01,7.330142e-02,2.199042e-01,3.845117e-01,2.379089e-01,0.571905,1.616214
BP1,510.0725,1.580414e-01,7.203953e-02,2.161186e-01,3.741600e-01,2.300810e-01,0.577610,1.626210
BP1,522.8864,1.516885e-01,7.072838e-02,2.121851e-01,3.638737e-01,2.224169e-01,0.583129,1.635998
BP1,536.0222,1.455448e-01,6.937310e-02,2.081193e-01,3.536641e-01,2.149179e-01,0.588466,1.645578
BP1,549.4879,1.396062e-01,6.797869e-02,2.039361e-01,3.435422e-01,2.075848e-01,0.593627,1.654949
BP1,563.2920,1.338684e-01,6.655004e-02,1.996501e-01,3.335185e-01,2.004185e-01,0.598618,1.664111
BP1,577.4428,1.283273e-01,6.515875e-02,1.954762e-01,3.238036e-01,1.934861e-01,0.603688,1.673524
BP1,591.9492,1.229785e-01,6.368578e-02,1.910573e-01,3.140358e-01,1.866642e-01,0.608394,1.682357
BP1,606.8199,1.178174e-01,6.219331e-02,1.865799e-01,3.043973e-01,1.800107e-01,0.612949,1.690996
BP1,622.0642,1.128396e-01,6.068559e-02,1.820568e-01,2.948964e-01,1.735252e-01,0.617358,1.699444
BP1,637.6915,1.080406e-01,5.916665e-02,1.774999e-01,2.855405e-01,1.672072e-01,0.621628,1.707704
BP1,653.7114,1.034158e-01,5.764034e-02,1.729210e-01,2.763368e-01,1.610561e-01,0.625762,1.715780
BP1,670.1337,9.896058e-02,5.611030e-02,1.683309e-01,2.672915e-01,1.550709e-01,0.629765,1.723673
BP1,686.9686,9.473186e-02,5.457995e-02,1.637399e-01,2.584717e-01,1.493118e-01,0.633492,1.731087
BP1,704.2264,9.061082e-02,5.305251e-02,1.591575e-01,2.497684e-01,1.436633e-01,0.637221,1.738567
BP1,721.9178,8.664654e-02,5.153098e-02,1.545929e-01,2.412395e-01,1.381775e-01,0.640828,1.745866
BP1,740.0535,8.283451e-02,5.001814e-02,1.500544e-01,2.328889e-01,1.328527e-01,0.644318,1.752987
BP1,758.6449,7.917028e-02,4.851660e-02,1.455498e-01,2.247201e-01,1.276869e-01,0.647694,1.759931
BP1,777.7033,7.564940e-02,4.702873e-02,1.410862e-01,2.167356e-01,1.226781e-01,0.650960,1.766701
BP1,797.2405,7.226749e-02,4.561110e-02,1.368333e-01,2.091008e-01,1.178786e-01,0.654389,1.773866
BP1,817.2686,6.902020e-02,4.416408e-02,1.324923e-01,2.015125e-01,1.131843e-01,0.657489,1.780393
BP1,837.7997,6.590326e-02,4.273734e-02,1.282120e-01,1.941153e-01,1.086406e-01,0.660494,1.786766
BP1,858.8466,6.291242e-02,4.133250e-02,1.239975e-01,1.869099e-01,1.042449e-01,0.663408,1.792988
BP1,880.4223,6.004353e-02,3.995102e-02,1.198531e-01,1.798966e-01,9.999456e-02,0.666233,1.799064
BP1,902.5400,5.733844e-02,3.859421e-02,1.157826e-01,1.731211e-01,9.593265e-02,0.668796,1.804611
BP1,925.2133,5.470697e-02,3.726319e-02,1.117896e-01,1.664965e-01,9.197016e-02,0.671423,1.810332
BP1,948.4562,5.218581e-02,3.595894e-02,1.078768e-01,1.600626e-01,8.814475e-02,0.673966,1.815907
BP1,972.2830,4.977108e-02,3.468228e-02,1.040469e-01,1.538179e-01,8.445336e-02,0.676429,1.821336
BP1,996.7084,4.745898e-02,3.343392e-02,1.003018e-01,1.477608e-01,8.089291e-02,0.678812,1.826622
BP1,1021.7473,4.524580e-02,3.225577e-02,9.676732e-02,1.420131e-01,7.750157e-02,0.681397,1.832390
BP1,1047.4153,4.312788e-02,3.107046e-02,9.321138e-02,1.363393e-01,7.419834e-02,0.683672,1.837497
BP1,1073.7282,4.110167e-02,2.991512e-02,8.974536e-02,1.308470e-01,7.101680e-02,0.685880,1.842480
BP1,1100.7020,3.916371e-02,2.878998e-02,8.636995e-02,1.255337e-01,6.795369e-02,0.688022,1.847341
BP1,1128.3535,3.731060e-02,2.769517e-02,8.308550e-02,1.203961e-01,6.500577e-02,0.690101,1.852083
BP1,1156.6996,3.557797e-02,2.663070e-02,7.989210e-02,1.154701e-01,6.220868e-02,0.691886,1.856173
BP1,1185.7578,3.388903e-02,2.559654e-02,7.678961e-02,1.106786e-01,5.948557e-02,0.693807,1.860596
BP1,1215.5460,3.227558e-02,2.459254e-02,7.377761e-02,1.060532e-01,5.686812e-02,0.695666,1.864897
BP1,1246.0826,3.073458e-02,2.361851e-02,7.085552e-02,1.015901e-01,5.435309e-02,0.697465,1.869077
BP1,1277.3863,2.926308e-02,2.270837e-02,6.812512e-02,9.738820e-02,5.197146e-02,0.699521,1.873879
BP1,1309.4763,2.785823e-02,2.179701e-02,6.539102e-02,9.324925e-02,4.965524e-02,0.701250,1.877934
BP1,1342.3726,2.651725e-02,2.091484e-02,6.274452e-02,8.926177e-02,4.743209e-02,0.702927,1.881886
BP1,1376.0952,2.526560e-02,2.006145e-02,6.018435e-02,8.544995e-02,4.532705e-02,0.704323,1.885187
BP1,1410.6650,2.404733e-02,1.923637e-02,5.770910e-02,8.175643e-02,4.328370e-02,0.705866,1.888850
BP1,1446.1033,2.288531e-02,1.843908e-02,5.531725e-02,7.820256e-02,4.132439e-02,0.707359,1.892407
BP1,1482.4318,2.177711e-02,1.766906e-02,5.300719e-02,7.478430e-02,3.944617e-02,0.708801,1.895857
BP1,1519.6730,2.072039e-02,1.695211e-02,5.085634e-02,7.157673e-02,3.767250e-02,0.710515,1.899973
BP1,1557.8497,1.971288e-02,1.623748e-02,4.871245e-02,6.842533e-02,3.595036e-02,0.711907,1.903328
BP1,1596.9855,1.875241e-02,1.554849e-02,4.664546e-02,6.539787e-02,3.430090e-02,0.713257,1.906594
BP1,1637.1044,1.785988e-02,1.488450e-02,4.465349e-02,6.251338e-02,3.274438e-02,0.714303,1.909133
BP1,1678.2312,1.698947e-02,1.424488e-02,4.273463e-02,5.972410e-02,3.123435e-02,0.715534,1.912129
BP1,1720.3912,1.616014e-02,1.362898e-02,4.088693e-02,5.704708e-02,2.978912e-02,0.716723,1.915031
BP1,1763.6103,1.537003e-02,1.305667e-02,3.917002e-02,5.454005e-02,2.842670e-02,0.718188,1.918620
BP1,1807.9151,1.461733e-02,1.248815e-02,3.746446e-02,5.208179e-02,2.710548e-02,0.719339,1.921449
BP1,1853.3330,1.390032e-02,1.194147e-02,3.582440e-02,4.972472e-02,2.584179e-02,0.720454,1.924198
BP1,1899.8918,1.323603e-02,1.141595e-02,3.424786e-02,4.748389e-02,2.465199e-02,0.721252,1.926169
BP1,1947.6202,1.258719e-02,1.091096e-02,3.273287e-02,4.532006e-02,2.349815e-02,0.722260,1.928665
BP1,1996.5477,1.196935e-02,1.042582e-02,3.127747e-02,4.324682e-02,2.239517e-02,0.723232,1.931078
BP1,2046.7043,1.138105e-02,9.977167e-03,2.993150e-02,4.131255e-02,2.135821e-02,0.724514,1.934270
BP1,2098.1209,1.082090e-02,9.531300e-03,2.859390e-02,3.941480e-02,2.035220e-02,0.725461,1.936636
BP1,2150.8292,1.030246e-02,9.103435e-03,2.731030e-02,3.761276e-02,1.940589e-02,0.726091,1.938213
BP1,2204.8617,9.795931e-03,8.692948e-03,2.607884e-02,3.587477e-02,1.848888e-02,0.726941,1.940343
BP1,2260.2515,9.313766e-03,8.299229e-03,2.489769e-02,3.421145e-02,1.761300e-02,0.727759,1.942398
BP1,2317.0328,8.854797e-03,7.935819e-03,2.380746e-02,3.266225e-02,1.679062e-02,0.728898,1.945268
BP1,2375.2405,8.417906e-03,7.574988e-03,2.272496e-02,3.114287e-02,1.599289e-02,0.729700,1.947294
BP1,2434.9105,8.014572e-03,7.229200e-03,2.168760e-02,2.970217e-02,1.524377e-02,0.730169,1.948479
BP1,2496.0795,7.619694e-03,6.897894e-03,2.069368e-02,2.831338e-02,1.451759e-02,0.730880,1.950281
BP1,2558.7852,7.243873e-03,6.591776e-03,1.977533e-02,2.701920e-02,1.383565e-02,0.731899,1.952868
BP1,2623.0662,6.886184e-03,6.288687e-03,1.886606e-02,2.575225e-02,1.317487e-02,0.732599,1.954649
BP1,2688.9620,6.555951e-03,5.998505e-03,1.799551e-02,2.455146e-02,1.255446e-02,0.732971,1.955598
BP1,2756.5132,6.232703e-03,5.720723e-03,1.716217e-02,2.339487e-02,1.195343e-02,0.733587,1.957169
BP1,2825.7614,5.925080e-03,5.464198e-03,1.639259e-02,2.231767e-02,1.138928e-02,0.734512,1.959534
BP1,2896.7492,5.632316e-03,5.210467e-03,1.563140e-02,2.126372e-02,1.084278e-02,0.735121,1.961094
BP1,2969.5204,5.362312e-03,4.967729e-03,1.490319e-02,2.026550e-02,1.033004e-02,0.735397,1.961802
BP1,3044.1197,5.097751e-03,4.735535e-03,1.420660e-02,1.930436e-02,9.833285e-03,0.735927,1.963164
BP1,3120.5931,4.845979e-03,4.521480e-03,1.356444e-02,1.841042e-02,9.367459e-03,0.736781,1.965359
BP1,3198.9876,4.606368e-03,4.309670e-03,1.292901e-02,1.753538e-02,8.916038e-03,0.737310,1.966723
BP1,3279.3515,4.385832e-03,4.107164e-03,1.232149e-02,1.670732e-02,8.492995e-03,0.737490,1.967188
BP1,3361.7343,4.169295e-03,3.913571e-03,1.174071e-02,1.591001e-02,8.082866e-03,0.737945,1.968362
BP1,3446.1867,3.963215e-03,3.735594e-03,1.120678e-02,1.517000e-02,7.698809e-03,0.738746,1.970434
BP1,3532.7606,3.773346e-03,3.559192e-03,1.067758e-02,1.445092e-02,7.332538e-03,0.738885,1.970794
BP1,3621.5095,3.587087e-03,3.390626e-03,1.017188e-02,1.375897e-02,6.977713e-03,0.739291,1.971844
BP1,3712.4878,3.409818e-03,3.235531e-03,9.706593e-03,1.311641e-02,6.645349e-03,0.740034,1.973773
BP1,3805.7517,3.246450e-03,3.082032e-03,9.246096e-03,1.249255e-02,6.328482e-03,0.740129,1.974019
BP1,3901.3586,3.086207e-03,2.935403e-03,8.806209e-03,1.189242e-02,6.021610e-03,0.740489,1.974956
BP1,3999.3672,2.933690e-03,2.800495e-03,8.401486e-03,1.133518e-02,5.734185e-03,0.741187,1.976772
BP1,4099.8380,2.788517e-03,2.667048e-03,8.001145e-03,1.078966e-02,5.455566e-03,0.741557,1.977735
BP1,4202.8327,2.650326e-03,2.539612e-03,7.618837e-03,1.026916e-02,5.189939e-03,0.741914,1.978668
BP1,4308.4149,2.524040e-03,2.417922e-03,7.253766e-03,9.777806e-03,4.941962e-03,0.741860,1.978527
BP1,4416.6495,2.399098e-03,2.301724e-03,6.905172e-03,9.304270e-03,4.700822e-03,0.742151,1.979286
BP1,4527.6031,2.280156e-03,2.190775e-03,6.572326e-03,8.852482e-03,4.470932e-03,0.742427,1.980008
BP1,4641.3441,2.166919e-03,2.090193e-03,6.270579e-03,8.437497e-03,4.257112e-03,0.743180,1.981977
BP1,4757.9424,2.059106e-03,1.989328e-03,5.967983e-03,8.027089e-03,4.048434e-03,0.743480,1.982764
BP1,4877.4698,1.956452e-03,1.893041e-03,5.679122e-03,7.635574e-03,3.849493e-03,0.743771,1.983527
BP1,5000.0000,1.864098e-03,1.801128e-03,5.403383e-03,7.267482e-03,3.665226e-03,0.743501,1.982819
MAP,3.0000,2.764226e+00,3.132529e-17,9.397588e-17,2.764226e+00,2.764226e+00,0.000000,1.000000
MAP,3.0754,2.762956e+00,9.521024e-17,2.856307e-16,2.762956e+00,2.762956e+00,0.000000,1.000000
MAP,3.1526,2.761620e+00,2.813378e-16,8.440133e-16,2.761620e+00,2.761620e+00,0.000000,1.000000
MAP,3.2318,2.760215e+00,8.087810e-16,2.426343e-15,2.760215e+00,2.760215e+00,0.000000,1.000000
MAP,3.3130,2.758739e+00,2.263539e-15,6.790616e-15,2.758739e+00,2.758739e+00,0.000000,1.000000
MAP,3.3962,2.757187e+00,6.171449e-15,1.851435e-14,2.757187e+00,2.757187e+00,0.000000,1.000000
MAP,3.4816,2.755557e+00,1.640249e-14,4.920748e-14,2.755557e+00,2.755557e+00,0.000000,1.000000
MAP,3.5690,2.753844e+00,4.252364e-14,1.275709e-13,2.753844e+00,2.753844e+00,0.000000,1.000000
MAP,3.6587,2.752045e+00,1.076010e-13,3.228031e-13,2.752045e+00,2.752045e+00,0.000000,1.000000
MAP,3.7506,2.750156e+00,2.659068e-13,7.977203e-13,2.750156e+00,2.750156e+00,0.000000,1.000000
MAP,3.8448,2.748172e+00,6.421314e-13,1.926394e-12,2.748172e+00,2.748172e+00,0.000000,1.000000
MAP,3.9414,2.746089e+00,1.516173e-12,4.548520e-12,2.746089e+00,2.746089e+00,0.000000,1.000000
MAP,4.0404,2.743901e+00,3.502246e-12,1.050674e-11,2.743901e+00,2.743901e+00,0.000000,1.000000
MAP,4.1419,2.741605e+00,7.918705e-12,2.375611e-11,2.741605e+00,2.741605e+00,0.000000,1.000000
MAP,4.2460,2.739194e+00,1.753486e-11,5.260459e-11,2.739194e+00,2.739194e+00,0.000000,1.000000
MAP,4.3526,2.736664e+00,3.804666e-11,1.141400e-10,2.736664e+00,2.736664e+00,0.000000,1.000000
MAP,4.4620,2.734008e+00,8.093134e-11,2.427940e-10,2.734008e+00,2.734008e+00,0.000000,1.000000
MAP,4.5741,2.731221e+00,1.688563e-10,5.065690e-10,2.731221e+00,2.731221e+00,0.000000,1.000000
MAP,4.6890,2.728296e+00,3.457225e-10,1.037167e-09,2.728296e+00,2.728296e+00,0.000000,1.000000
MAP,4.8068,2.725227e+00,6.949472e-10,2.084842e-09,2.725227e+00,2.725227e+00,0.000000,1.000000
MAP,4.9275,2.722007e+00,1.372110e-09,4.116331e-09,2.722007e+00,2.722007e+00,0.000000,1.000000
MAP,5.0513,2.718628e+00,2.662156e-09,7.986469e-09,2.718628e+00,2.718628e+00,0.000000,1.000000
MAP,5.1782,2.715083e+00,5.077790e-09,1.523337e-08,2.715083e+00,2.715083e+00,0.000000,1.000000
MAP,5.3083,2.711365e+00,9.525712e-09,2.857713e-08,2.711365e+00,2.711365e+00,0.000000,1.000000
MAP,5.4417,2.707465e+00,1.758254e-08,5.274762e-08,2.707465e+00,2.707465e+00,0.000000,1.000000
MAP,5.5784,2.703375e+00,3.194499e-08,9.583498e-08,2.703375e+00,2.703375e+00,0.000000,1.000000
MAP,5.7185,2.699086e+00,5.715209e-08,1.714563e-07,2.699086e+00,2.699086e+00,0.000000,1.000000
MAP,5.8622,2.694589e+00,1.007247e-07,3.021741e-07,2.694589e+00,2.694589e+00,0.000000,1.000000
MAP,6.0094,2.689874e+00,1.749350e-07,5.248049e-07,2.689874e+00,2.689874e+00,0.000000,1.000000
MAP,6.1604,2.684931e+00,2.995104e-07,8.985313e-07,2.684932e+00,2.684931e+00,0.000000,1.000000
MAP,6.3152,2.679750e+00,5.057027e-07,1.517108e-06,2.679751e+00,2.679750e+00,0.000001,1.000000
MAP,6.4738,2.674320e+00,8.423173e-07,2.526952e-06,2.674322e+00,2.674321e+00,0.000001,1.000001
MAP,6.6364,2.668630e+00,1.384516e-06,4.153549e-06,2.668634e+00,2.668631e+00,0.000002,1.000001
MAP,6.8031,2.662668e+00,2.246482e-06,6.739445e-06,2.662674e+00,2.662670e+00,0.000003,1.000002
MAP,6.9741,2.656422e+00,3.599366e-06,1.079810e-05,2.656433e+00,2.656426e+00,0.000004,1.000003
MAP,7.1493,2.649880e+00,5.696381e-06,1.708914e-05,2.649897e+00,2.649886e+00,0.000006,1.000004
MAP,7.3289,2.643029e+00,8.907366e-06,2.672210e-05,2.643055e+00,2.643038e+00,0.000010,1.000007
MAP,7.5130,2.635855e+00,1.376573e-05,4.129720e-05,2.635896e+00,2.635869e+00,0.000016,1.000010
MAP,7.7017,2.628344e+00,2.103136e-05,6.309408e-05,2.628407e+00,2.628365e+00,0.000024,1.000016
MAP,7.8952,2.620483e+00,3.177361e-05,9.532084e-05,2.620578e+00,2.620515e+00,0.000036,1.000024
MAP,8.0935,2.612256e+00,4.747947e-05,1.424384e-04,2.612399e+00,2.612304e+00,0.000055,1.000036
MAP,8.2968,2.603648e+00,7.019226e-05,2.105768e-04,2.603859e+00,2.603718e+00,0.000081,1.000054
MAP,8.5053,2.594644e+00,1.026871e-04,3.080612e-04,2.594952e+00,2.594747e+00,0.000119,1.000079
MAP,8.7189,2.585227e+00,1.486893e-04,4.460680e-04,2.585673e+00,2.585375e+00,0.000173,1.000115
MAP,8.9380,2.575380e+00,2.131428e-04,6.394283e-04,2.576020e+00,2.575593e+00,0.000248,1.000166
MAP,9.1625,2.565088e+00,3.025330e-04,9.075990e-04,2.565995e+00,2.565390e+00,0.000354,1.000236
MAP,9.3927,2.554331e+00,4.252710e-04,1.275813e-03,2.555607e+00,2.554756e+00,0.000499,1.000333
MAP,9.6287,2.543092e+00,5.921398e-04,1.776419e-03,2.544869e+00,2.543685e+00,0.000698,1.000466
MAP,9.8705,2.531354e+00,8.168046e-04,2.450414e-03,2.533804e+00,2.532171e+00,0.000967,1.000645
MAP,10.1185,2.519097e+00,1.116382e-03,3.349145e-03,2.522446e+00,2.520213e+00,0.001328,1.000886
MAP,10.3727,2.506302e+00,1.512058e-03,4.536175e-03,2.510838e+00,2.507814e+00,0.001807,1.001206
MAP,10.6333,2.492951e+00,2.029747e-03,6.089241e-03,2.499040e+00,2.494980e+00,0.002437,1.001627
MAP,10.9004,2.479023e+00,2.700756e-03,8.102267e-03,2.487125e+00,2.481723e+00,0.003258,1.002177
MAP,11.1742,2.464498e+00,3.562437e-03,1.068731e-02,2.475186e+00,2.468061e+00,0.004318,1.002887
MAP,11.4550,2.449358e+00,4.658786e-03,1.397636e-02,2.463334e+00,2.454017e+00,0.005674,1.003797
MAP,11.7427,2.433581e+00,6.040937e-03,1.812281e-02,2.451704e+00,2.439622e+00,0.007392,1.004952
MAP,12.0377,2.417148e+00,7.767511e-03,2.330253e-02,2.440450e+00,2.424915e+00,0.009548,1.006406
MAP,12.3401,2.400038e+00,9.904746e-03,2.971424e-02,2.429752e+00,2.409943e+00,0.012229,1.008220
MAP,12.6501,2.382232e+00,1.252638e-02,3.757913e-02,2.419811e+00,2.394758e+00,0.015530,1.010461
MAP,12.9679,2.363709e+00,1.571319e-02,4.713957e-02,2.410848e+00,2.379422e+00,0.019553,1.013208
MAP,13.2937,2.344450e+00,1.955223e-02,5.865668e-02,2.403106e+00,2.364002e+00,0.024409,1.016542
MAP,13.6277,2.324435e+00,2.413559e-02,7.240676e-02,2.396842e+00,2.348571e+00,0.030209,1.020553
MAP,13.9700,2.303646e+00,2.955884e-02,8.867653e-02,2.392323e+00,2.333205e+00,0.037067,1.025338
MAP,14.3210,2.282065e+00,3.591909e-02,1.077573e-01,2.389822e+00,2.317984e+00,0.045090,1.030992
MAP,14.6807,2.259673e+00,4.331262e-02,1.299379e-01,2.389611e+00,2.302985e+00,0.054376,1.037614
MAP,15.0495,2.236454e+00,5.183239e-02,1.554972e-01,2.391952e+00,2.288287e+00,0.065008,1.045302
MAP,15.4276,2.212393e+00,6.156525e-02,1.846958e-01,2.397089e+00,2.273959e+00,0.077050,1.054148
MAP,15.8152,2.187476e+00,7.258921e-02,2.177676e-01,2.405243e+00,2.260065e+00,0.090539,1.064236
MAP,16.2125,2.161688e+00,8.497074e-02,2.549122e-01,2.416600e+00,2.246659e+00,0.105484,1.075642
MAP,16.6198,2.135019e+00,9.876235e-02,2.962871e-01,2.431306e+00,2.233782e+00,0.121863,1.088426
MAP,17.0373,2.107460e+00,1.140005e-01,3.420015e-01,2.449461e+00,2.221460e+00,0.139623,1.102636
MAP,17.4653,2.079002e+00,1.307040e-01,3.921119e-01,2.471114e+00,2.209706e+00,0.158678,1.118300
MAP,17.9040,2.049641e+00,1.488729e-01,4.466188e-01,2.496260e+00,2.198514e+00,0.178915,1.135430
MAP,18.3538,2.019375e+00,1.684885e-01,5.054655e-01,2.524841e+00,2.187864e+00,0.200197,1.154021
MAP,18.8149,1.988205e+00,1.895130e-01,5.685390e-01,2.556744e+00,2.177718e+00,0.222368,1.174047
MAP,19.2876,1.956135e+00,2.118907e-01,6.356722e-01,2.591808e+00,2.168026e+00,0.245262,1.195469
MAP,19.7721,1.923174e+00,2.355495e-01,7.066484e-01,2.629823e+00,2.158724e+00,0.268706,1.218230
MAP,20.2688,1.889335e+00,2.604021e-01,7.812064e-01,2.670541e+00,2.149737e+00,0.292527,1.242264
MAP,20.7780,1.854635e+00,2.863491e-01,8.590472e-01,2.713682e+00,2.140984e+00,0.316561,1.267493
MAP,21.3000,1.819098e+00,3.132802e-01,9.398407e-01,2.758939e+00,2.132379e+00,0.340653,1.293832
MAP,21.8351,1.782754e+00,3.410775e-01,1.023233e+00,2.805986e+00,2.123831e+00,0.364661,1.321191
MAP,22.3836,1.745637e+00,3.696172e-01,1.108852e+00,2.854489e+00,2.115255e+00,0.388459,1.349478
MAP,22.9459,1.707792e+00,3.987718e-01,1.196316e+00,2.904108e+00,2.106564e+00,0.411939,1.378599
MAP,23.5223,1.669269e+00,4.284189e-01,1.285257e+00,2.954526e+00,2.097688e+00,0.435013,1.408468
MAP,24.1133,1.630127e+00,4.584194e-01,1.375258e+00,3.005385e+00,2.088546e+00,0.457598,1.438984
MAP,24.7190,1.590433e+00,4.886498e-01,1.465949e+00,3.056382e+00,2.079083e+00,0.479636,1.470063
MAP,25.3400,1.550263e+00,5.189845e-01,1.556954e+00,3.107217e+00,2.069247e+00,0.501077,1.501617
MAP,25.9766,1.509703e+00,5.493008e-01,1.647902e+00,3.157605e+00,2.059003e+00,0.521884,1.533560
MAP,26.6292,1.468846e+00,5.794789e-01,1.738437e+00,3.207283e+00,2.048325e+00,0.542028,1.565808
MAP,27.2981,1.427796e+00,6.094026e-01,1.828208e+00,3.256003e+00,2.037198e+00,0.561488,1.598275
MAP,27.9839,1.386663e+00,6.389591e-01,1.916877e+00,3.303540e+00,2.025622e+00,0.580249,1.630877
MAP,28.6869,1.345567e+00,6.680387e-01,2.004116e+00,3.349683e+00,2.013605e+00,0.598300,1.663525
MAP,29.4076,1.304632e+00,6.965352e-01,2.089606e+00,3.394238e+00,2.001167e+00,0.615633,1.696129
MAP,30.1464,1.263990e+00,7.243451e-01,2.173035e+00,3.437026e+00,1.988335e+00,0.632243,1.728594
MAP,30.9037,1.223777e+00,7.513680e-01,2.254104e+00,3.477881e+00,1.975145e+00,0.648126,1.760823
MAP,31.6800,1.184129e+00,7.775066e-01,2.332520e+00,3.516649e+00,1.961636e+00,0.663279,1.792712
MAP,32.4759,1.145186e+00,8.026663e-01,2.407999e+00,3.553185e+00,1.947852e+00,0.677702,1.824155
MAP,33.2917,1.107083e+00,8.267561e-01,2.480268e+00,3.587352e+00,1.933840e+00,0.691393,1.855041
MAP,34.1281,1.069956e+00,8.496883e-01,2.549065e+00,3.619021e+00,1.919644e+00,0.704352,1.885256
MAP,34.9854,1.033931e+00,8.713795e-01,2.614138e+00,3.648069e+00,1.905310e+00,0.716581,1.914685
MAP,35.8643,9.991298e-01,8.917506e-01,2.675252e+00,3.674382e+00,1.890880e+00,0.728082,1.943212
MAP,36.7653,9.657132e-01,9.107279e-01,2.732184e+00,3.697897e+00,1.876441e+00,0.738848,1.970697
MAP,37.6889,9.337022e-01,9.282436e-01,2.784731e+00,3.718433e+00,1.861946e+00,0.748899,1.997068
MAP,38.6357,9.032211e-01,9.442367e-01,2.832710e+00,3.735931e+00,1.847458e+00,0.758234,2.022201
MAP,39.6063,8.743456e-01,9.586535e-01,2.875961e+00,3.750306e+00,1.832999e+00,0.766860,2.045995
MAP,40.6013,8.471373e-01,9.714486e-01,2.914346e+00,3.761483e+00,1.818586e+00,0.774786,2.068356
MAP,41.6213,8.216429e-01,9.825853e-01,2.947756e+00,3.769399e+00,1.804228e+00,0.782023,2.089203
MAP,42.6668,7.978943e-01,9.920365e-01,2.976110e+00,3.774004e+00,1.789931e+00,0.788581,2.108464
MAP,43.7387,7.759082e-01,9.997850e-01,2.999355e+00,3.775263e+00,1.775693e+00,0.794476,2.126079
MAP,44.8375,7.556871e-01,1.005824e+00,3.017471e+00,3.773158e+00,1.761511e+00,0.799720,2.142001
MAP,45.9639,7.372197e-01,1.010156e+00,3.030468e+00,3.767688e+00,1.747376e+00,0.804331,2.156198
MAP,47.1186,7.204816e-01,1.012796e+00,3.038387e+00,3.758868e+00,1.733277e+00,0.808325,2.168648
MAP,48.3023,7.054366e-01,1.013767e+00,3.041300e+00,3.746736e+00,1.719203e+00,0.811720,2.179345
MAP,49.5157,6.920376e-01,1.013198e+00,3.039595e+00,3.731632e+00,1.705236e+00,0.814548,2.188338
MAP,50.7596,6.802282e-01,1.010977e+00,3.032932e+00,3.713160e+00,1.691206e+00,0.816806,2.195570
MAP,52.0348,6.699432e-01,1.007228e+00,3.021683e+00,3.691626e+00,1.677171e+00,0.818524,2.201103
MAP,53.3420,6.611103e-01,1.002011e+00,3.006033e+00,3.667144e+00,1.663121e+00,0.819721,2.204977
MAP,54.6820,6.536513e-01,9.953983e-01,2.986195e+00,3.639846e+00,1.649050e+00,0.820418,2.207239
MAP,56.0557,6.474826e-01,9.874657e-01,2.962397e+00,3.609880e+00,1.634948e+00,0.820636,2.207947
MAP,57.4640,6.425169e-01,9.782956e-01,2.934887e+00,3.577404e+00,1.620812e+00,0.820396,2.207167
MAP,58.9075,6.386632e-01,9.679751e-01,2.903925e+00,3.542588e+00,1.606638e+00,0.819718,2.204970
MAP,60.3874,6.358283e-01,9.565951e-01,2.869785e+00,3.505614e+00,1.592423e+00,0.818626,2.201433
MAP,61.9044,6.339171e-01,9.442494e-01,2.832748e+00,3.466665e+00,1.578166e+00,0.817139,2.196641
MAP,63.4596,6.328332e-01,9.310334e-01,2.793100e+00,3.425933e+00,1.563867e+00,0.815282,2.190681
MAP,65.0538,6.326895e-01,9.170440e-01,2.751132e+00,3.383822e+00,1.549734e+00,0.813025,2.183486
MAP,66.6880,6.330359e-01,9.023783e-01,2.707135e+00,3.340171e+00,1.535414e+00,0.810478,2.175420
MAP,68.3634,6.339358e-01,8.871331e-01,2.661399e+00,3.295335e+00,1.521069e+00,0.807626,2.166460
MAP,70.0808,6.352964e-01,8.714040e-01,2.614212e+00,3.249508e+00,1.506700e+00,0.804495,2.156705
MAP,71.8413,6.370260e-01,8.552851e-01,2.565855e+00,3.202881e+00,1.492311e+00,0.801108,2.146256
MAP,73.6461,6.390347e-01,8.388685e-01,2.516606e+00,3.155640e+00,1.477903e+00,0.797494,2.135214
MAP,75.4962,6.412346e-01,8.222434e-01,2.466730e+00,3.107965e+00,1.463478e+00,0.793680,2.123684
MAP,77.3928,6.435403e-01,8.054958e-01,2.416487e+00,3.060028e+00,1.449036e+00,0.789695,2.111768
MAP,79.3370,6.458694e-01,7.889654e-01,2.366896e+00,3.012766e+00,1.434835e+00,0.785622,2.099730
MAP,81.3301,6.481423e-01,7.722930e-01,2.316879e+00,2.965021e+00,1.420435e+00,0.781404,2.087403
MAP,83.3732,6.502835e-01,7.557521e-01,2.267256e+00,2.917540e+00,1.406036e+00,0.777112,2.075011
MAP,85.4677,6.522212e-01,7.394153e-01,2.218246e+00,2.870467e+00,1.391637e+00,0.772782,2.062656
MAP,87.6148,6.538881e-01,7.233503e-01,2.170051e+00,2.823939e+00,1.377238e+00,0.768448,2.050436
MAP,89.8158,6.552218e-01,7.076192e-01,2.122858e+00,2.778079e+00,1.362841e+00,0.764146,2.038447
MAP,92.0722,6.561650e-01,6.922786e-01,2.076836e+00,2.733001e+00,1.348444e+00,0.759910,2.026782
MAP,94.3852,6.569645e-01,6.773788e-01,2.032136e+00,2.689101e+00,1.334343e+00,0.755694,2.015299
MAP,96.7563,6.570602e-01,6.629635e-01,1.988891e+00,2.645951e+00,1.320024e+00,0.751673,2.004472
MAP,99.1870,6.566472e-01,6.490698e-01,1.947209e+00,2.603857e+00,1.305717e+00,0.747817,1.994197
MAP,101.6787,6.556954e-01,6.357275e-01,1.907183e+00,2.562878e+00,1.291423e+00,0.744157,1.984538
MAP,104.2330,6.541815e-01,6.229593e-01,1.868878e+00,2.523059e+00,1.277141e+00,0.740719,1.975553
MAP,106.8516,6.520890e-01,6.107805e-01,1.832342e+00,2.484431e+00,1.262870e+00,0.737530,1.967290
MAP,109.5358,6.494084e-01,5.991991e-01,1.797597e+00,2.447006e+00,1.248607e+00,0.734611,1.959788
MAP,112.2876,6.461367e-01,5.886157e-01,1.765847e+00,2.411984e+00,1.234752e+00,0.732114,1.953415
MAP,115.1084,6.422774e-01,5.783257e-01,1.734977e+00,2.377254e+00,1.220603e+00,0.729824,1.947606
MAP,118.0001,6.378402e-01,5.686354e-01,1.705906e+00,2.343746e+00,1.206476e+00,0.727854,1.942639
MAP,120.9645,6.328403e-01,5.595284e-01,1.678585e+00,2.311426e+00,1.192369e+00,0.726212,1.938516
MAP,124.0033,6.272983e-01,5.509829e-01,1.652949e+00,2.280247e+00,1.178281e+00,0.724899,1.935232
MAP,127.1185,6.212392e-01,5.429716e-01,1.628915e+00,2.250154e+00,1.164211e+00,0.723913,1.932772
MAP,130.3119,6.151606e-01,5.354628e-01,1.606388e+00,2.221549e+00,1.150623e+00,0.723094,1.930735
MAP,133.5856,6.082688e-01,5.284209e-01,1.585263e+00,2.193532e+00,1.136690e+00,0.722699,1.929754
MAP,136.9415,6.009778e-01,5.218070e-01,1.565421e+00,2.166399e+00,1.122785e+00,0.722591,1.929487
MAP,140.3817,5.933273e-01,5.155797e-01,1.546739e+00,2.140066e+00,1.108907e+00,0.722753,1.929888
MAP,143.9083,5.853586e-01,5.096955e-01,1.529087e+00,2.114445e+00,1.095054e+00,0.723162,1.930905
MAP,147.5235,5.771136e-01,5.045907e-01,1.513772e+00,2.090886e+00,1.081704e+00,0.723986,1.932955
MAP,151.2295,5.686339e-01,4.993671e-01,1.498101e+00,2.066735e+00,1.068001e+00,0.724864,1.935143
MAP,155.0287,5.599609e-01,4.943717e-01,1.483115e+00,2.043076e+00,1.054333e+00,0.725923,1.937791
MAP,158.9233,5.511343e-01,4.895630e-01,1.468689e+00,2.019823e+00,1.040697e+00,0.727137,1.940837
MAP,162.9157,5.426249e-01,4.849005e-01,1.454702e+00,1.997326e+00,1.027525e+00,0.728324,1.943822
MAP,167.0084,5.336976e-01,4.803458e-01,1.441037e+00,1.974735e+00,1.014043e+00,0.729737,1.947387
MAP,171.2039,5.247399e-01,4.758626e-01,1.427588e+00,1.952328e+00,1.000603e+00,0.731223,1.951152
MAP,175.5049,5.157836e-01,4.714172e-01,1.414252e+00,1.930035e+00,9.872008e-01,0.732760,1.955058
MAP,179.9138,5.068576e-01,4.669786e-01,1.400936e+00,1.907793e+00,9.738362e-01,0.734323,1.959050
MAP,184.4336,4.979872e-01,4.630232e-01,1.389070e+00,1.887057e+00,9.610104e-01,0.736104,1.963617
MAP,189.0668,4.891945e-01,4.586197e-01,1.375859e+00,1.865054e+00,9.478142e-01,0.737705,1.967742
MAP,193.8165,4.804980e-01,4.541642e-01,1.362492e+00,1.842991e+00,9.346622e-01,0.739283,1.971825
MAP,198.6855,4.719128e-01,4.496393e-01,1.348918e+00,1.820831e+00,9.215521e-01,0.740826,1.975830
MAP,203.6768,4.639573e-01,4.450308e-01,1.335092e+00,1.799050e+00,9.089881e-01,0.742110,1.979179
MAP,208.7935,4.557251e-01,4.403273e-01,1.320982e+00,1.776707e+00,8.960524e-01,0.743500,1.982816
MAP,214.0388,4.476447e-01,4.355200e-01,1.306560e+00,1.754205e+00,8.831646e-01,0.744816,1.986271
MAP,219.4158,4.397199e-01,4.306025e-01,1.291808e+00,1.731527e+00,8.703224e-01,0.746051,1.989524
MAP,224.9279,4.319523e-01,4.260998e-01,1.278299e+00,1.710252e+00,8.580521e-01,0.747434,1.993179
MAP,230.5784,4.243410e-01,4.210498e-01,1.263149e+00,1.687490e+00,8.453908e-01,0.748537,1.996107
MAP,236.3709,4.168832e-01,4.158969e-01,1.247691e+00,1.664574e+00,8.327801e-01,0.749556,1.998816
MAP,242.3090,4.100547e-01,4.106434e-01,1.231930e+00,1.641985e+00,8.206982e-01,0.750269,2.000717
MAP,248.3962,4.029756e-01,4.052929e-01,1.215879e+00,1.618854e+00,8.082685e-01,0.751074,2.002867
MAP,254.6363,3.960435e-01,3.998498e-01,1.199549e+00,1.595593e+00,7.958933e-01,0.751789,2.004782
MAP,261.0332,3.892512e-01,3.943195e-01,1.182958e+00,1.572210e+00,7.835707e-01,0.752418,2.006468
MAP,267.5908,3.825903e-01,3.892388e-01,1.167716e+00,1.550307e+00,7.718291e-01,0.753216,2.008614
MAP,274.3131,3.760522e-01,3.836419e-01,1.150926e+00,1.526978e+00,7.596941e-01,0.753728,2.009990
MAP,281.2043,3.696278e-01,3.779872e-01,1.133962e+00,1.503589e+00,7.476149e-01,0.754170,2.011181
MAP,288.2686,3.638183e-01,3.722817e-01,1.116845e+00,1.480663e+00,7.361000e-01,0.754287,2.011498
MAP,295.5104,3.576773e-01,3.665323e-01,1.099597e+00,1.457274e+00,7.242096e-01,0.754557,2.012227
MAP,302.9342,3.516322e-01,3.607457e-01,1.082237e+00,1.433869e+00,7.123779e-01,0.754767,2.012793
MAP,310.5444,3.456745e-01,3.554301e-01,1.066290e+00,1.411965e+00,7.011046e-01,0.755182,2.013915
MAP,318.3458,3.397962e-01,3.496670e-01,1.049001e+00,1.388797e+00,6.894633e-01,0.755331,2.014317
MAP,326.3431,3.339895e-01,3.438932e-01,1.031680e+00,1.365669e+00,6.778828e-01,0.755439,2.014610
MAP,334.5414,3.287498e-01,3.381140e-01,1.014342e+00,1.343092e+00,6.668638e-01,0.755229,2.014042
MAP,342.9457,3.231413e-01,3.323341e-01,9.970024e-01,1.320144e+00,6.554755e-01,0.755223,2.014025
MAP,351.5610,3.175920e-01,3.270011e-01,9.810034e-01,1.298595e+00,6.445932e-01,0.755434,2.014597
MAP,360.3928,3.120963e-01,3.212994e-01,9.638983e-01,1.275995e+00,6.333957e-01,0.755409,2.014530
MAP,369.4465,3.066489e-01,3.156152e-01,9.468456e-01,1.253495e+00,6.222641e-01,0.755365,2.014409
MAP,378.7276,3.017036e-01,3.099515e-01,9.298544e-01,1.231558e+00,6.116551e-01,0.755023,2.013485
MAP,388.2419,2.964058e-01,3.043106e-01,9.129319e-01,1.209338e+00,6.007165e-01,0.754902,2.013159
MAP,397.9952,2.911503e-01,2.991128e-01,8.973383e-01,1.188489e+00,5.902631e-01,0.755025,2.013490
MAP,407.9935,2.859338e-01,2.935831e-01,8.807492e-01,1.166683e+00,5.795169e-01,0.754917,2.013199
MAP,418.2429,2.807536e-01,2.880868e-01,8.642603e-01,1.145014e+00,5.688404e-01,0.754803,2.012891
MAP,428.7499,2.760487e-01,2.826249e-01,8.478747e-01,1.123923e+00,5.586736e-01,0.754388,2.011771
MAP,439.5208,2.709935e-01,2.771982e-01,8.315946e-01,1.102588e+00,5.481916e-01,0.754221,2.011319
MAP,450.5623,2.659731e-01,2.722203e-01,8.166608e-01,1.082634e+00,5.381934e-01,0.754328,2.011608
MAP,461.8812,2.609861e-01,2.669198e-01,8.007594e-01,1.061745e+00,5.279059e-01,0.754191,2.011240
MAP,473.4844,2.564222e-01,2.616599e-01,7.849796e-01,1.041402e+00,5.180820e-01,0.753772,2.010110
MAP,485.3791,2.515488e-01,2.564404e-01,7.693211e-01,1.020870e+00,5.079892e-01,0.753594,2.009629
MAP,497.5727,2.467095e-01,2.512611e-01,7.537833e-01,1.000493e+00,4.979706e-01,0.753412,2.009140
MAP,510.0725,2.419033e-01,2.465434e-01,7.396301e-01,9.815334e-01,4.884466e-01,0.753546,2.009500
MAP,522.8864,2.371295e-01,2.414951e-01,7.244852e-01,9.616147e-01,4.786246e-01,0.753405,2.009121
MAP,536.0222,2.327930e-01,2.364898e-01,7.094693e-01,9.422623e-01,4.692828e-01,0.752942,2.007877
MAP,549.4879,2.281305e-01,2.315270e-01,6.945809e-01,9.227115e-01,4.596575e-01,0.752761,2.007389
MAP,563.2920,2.235023e-01,2.269992e-01,6.809976e-01,9.044999e-01,4.505015e-01,0.752900,2.007762
MAP,577.4428,2.189078e-01,2.221656e-01,6.664968e-01,8.854046e-01,4.410734e-01,0.752760,2.007386
MAP,591.9492,2.147300e-01,2.173762e-01,6.521287e-01,8.668587e-01,4.321063e-01,0.752289,2.006124
MAP,606.8199,2.102451e-01,2.129683e-01,6.389048e-01,8.491499e-01,4.232134e-01,0.752405,2.006434
MAP,622.0642,2.057957e-01,2.083045e-01,6.249136e-01,8.307093e-01,4.141002e-01,0.752265,2.006058
MAP,637.6915,2.017154e-01,2.036863e-01,6.110590e-01,8.127744e-01,4.054017e-01,0.751819,2.004862
MAP,653.7114,1.973729e-01,1.991133e-01,5.973400e-01,7.947129e-01,3.964862e-01,0.751643,2.004390
MAP,670.1337,1.930673e-01,1.949168e-01,5.847503e-01,7.778175e-01,3.879840e-01,0.751783,2.004767
MAP,686.9686,1.887983e-01,1.904684e-01,5.714053e-01,7.602035e-01,3.792667e-01,0.751648,2.004404
MAP,704.2264,1.848960e-01,1.860665e-01,5.581995e-01,7.430955e-01,3.709625e-01,0.751181,2.003155
MAP,721.9178,1.807333e-01,1.820101e-01,5.460302e-01,7.267635e-01,3.627434e-01,0.751318,2.003520
MAP,740.0535,1.766083e-01,1.777311e-01,5.331934e-01,7.098017e-01,3.543394e-01,0.751186,2.003169
MAP,758.6449,1.728216e-01,1.734998e-01,5.204993e-01,6.933208e-01,3.463213e-01,0.750734,2.001958
MAP,777.7033,1.688010e-01,1.693158e-01,5.079473e-01,6.767483e-01,3.381167e-01,0.750571,2.001523
MAP,797.2405,1.648189e-01,1.654819e-01,4.964457e-01,6.612646e-01,3.303008e-01,0.750752,2.002007
MAP,817.2686,1.611539e-01,1.614211e-01,4.842632e-01,6.454172e-01,3.225750e-01,0.750310,2.000828
MAP,837.7997,1.572749e-01,1.574087e-01,4.722262e-01,6.295010e-01,3.146836e-01,0.750159,2.000425
MAP,858.8466,1.534351e-01,1.537270e-01,4.611809e-01,6.146159e-01,3.071620e-01,0.750356,2.000950
MAP,880.4223,1.498965e-01,1.498369e-01,4.495107e-01,5.994072e-01,2.997334e-01,0.749925,1.999801
MAP,902.5400,1.461587e-01,1.459962e-01,4.379885e-01,5.841472e-01,2.921549e-01,0.749791,1.999444
MAP,925.2133,1.424610e-01,1.424710e-01,4.274130e-01,5.698741e-01,2.849321e-01,0.750013,2.000035
MAP,948.4562,1.390526e-01,1.387516e-01,4.162549e-01,5.553076e-01,2.778043e-01,0.749593,1.998917
MAP,972.2830,1.354566e-01,1.350822e-01,4.052467e-01,5.407033e-01,2.705389e-01,0.749481,1.998616
MAP,996.7084,1.319017e-01,1.317165e-01,3.951496e-01,5.270512e-01,2.636182e-01,0.749737,1.999298
MAP,1021.7473,1.286270e-01,1.281673e-01,3.845019e-01,5.131289e-01,2.567943e-01,0.749328,1.998210
MAP,1047.4153,1.251740e-01,1.248941e-01,3.746823e-01,4.998563e-01,2.500681e-01,0.749580,1.998881
MAP,1073.7282,1.219771e-01,1.214634e-01,3.643901e-01,4.863672e-01,2.434405e-01,0.749208,1.997890
MAP,1100.7020,1.186259e-01,1.180831e-01,3.542493e-01,4.728752e-01,2.367090e-01,0.749139,1.997707
MAP,1128.3535,1.153181e-01,1.149723e-01,3.449169e-01,4.602349e-01,2.302903e-01,0.749437,1.998499
MAP,1156.6996,1.122624e-01,1.117089e-01,3.351266e-01,4.473890e-01,2.239713e-01,0.749072,1.997528
MAP,1185.7578,1.090577e-01,1.086947e-01,3.260842e-01,4.351419e-01,2.177524e-01,0.749374,1.998333
MAP,1215.5460,1.060880e-01,1.055464e-01,3.166391e-01,4.227270e-01,2.116343e-01,0.749039,1.997441
MAP,1246.0826,1.029870e-01,1.024482e-01,3.073445e-01,4.103314e-01,2.054351e-01,0.749015,1.997377
MAP,1277.3863,9.993174e-02,9.959543e-02,2.987863e-01,3.987180e-01,1.995272e-01,0.749367,1.998314
MAP,1309.4763,9.711026e-02,9.661037e-02,2.898311e-01,3.869414e-01,1.937206e-01,0.749031,1.997420
MAP,1342.3726,9.416055e-02,9.385535e-02,2.815660e-01,3.757266e-01,1.880159e-01,0.749391,1.998377
MAP,1376.0952,9.143156e-02,9.098173e-02,2.729452e-01,3.643768e-01,1.824133e-01,0.749074,1.997534
MAP,1410.6650,8.858807e-02,8.832503e-02,2.649751e-01,3.535632e-01,1.769131e-01,0.749442,1.998513
MAP,1446.1033,8.595430e-02,8.556129e-02,2.566839e-01,3.426382e-01,1.715156e-01,0.749140,1.997709
MAP,1482.4318,8.321771e-02,8.300322e-02,2.490097e-01,3.322274e-01,1.662209e-01,0.749516,1.998710
MAP,1519.6730,8.068137e-02,8.034794e-02,2.410438e-01,3.217252e-01,1.610293e-01,0.749223,1.997929
MAP,1557.8497,7.805221e-02,7.788862e-02,2.336659e-01,3.117181e-01,1.559408e-01,0.749606,1.998951
MAP,1596.9855,7.561503e-02,7.534053e-02,2.260216e-01,3.016366e-01,1.509556e-01,0.749317,1.998182
MAP,1637.1044,7.309361e-02,7.297993e-02,2.189398e-01,2.920334e-01,1.460735e-01,0.749708,1.999222
MAP,1678.2312,7.075683e-02,7.053791e-02,2.116137e-01,2.823706e-01,1.412947e-01,0.749419,1.998451
MAP,1720.3912,6.834320e-02,6.827590e-02,2.048277e-01,2.731709e-01,1.366191e-01,0.749815,1.999507
MAP,1763.6103,6.610760e-02,6.593893e-02,1.978168e-01,2.639244e-01,1.320465e-01,0.749521,1.998723
MAP,1807.9151,6.380154e-02,6.377530e-02,1.913259e-01,2.551275e-01,1.275768e-01,0.749923,1.999794
MAP,1853.3330,6.166741e-02,6.154242e-02,1.846273e-01,2.462947e-01,1.232098e-01,0.749619,1.998986
MAP,1899.8918,5.946837e-02,5.947685e-02,1.784306e-01,2.378989e-01,1.189452e-01,0.750027,2.000071
MAP,1947.6202,5.743558e-02,5.745500e-02,1.723650e-01,2.298006e-01,1.148906e-01,0.750063,2.000169
MAP,1996.5477,5.544836e-02,5.537912e-02,1.661374e-01,2.215857e-01,1.108275e-01,0.749766,1.999375
MAP,2046.7043,5.341069e-02,5.345500e-02,1.603650e-01,2.137757e-01,1.068657e-01,0.750155,2.000415
MAP,2098.1209,5.152423e-02,5.148045e-02,1.544414e-01,2.059656e-01,1.030047e-01,0.749841,1.999575
MAP,2150.8292,4.968375e-02,4.965326e-02,1.489598e-01,1.986435e-01,9.933701e-02,0.749885,1.999693
MAP,2204.8617,4.780368e-02,4.787035e-02,1.436110e-01,1.914147e-01,9.567403e-02,0.750261,2.000697
MAP,2260.2515,4.606232e-02,4.604755e-02,1.381427e-01,1.842050e-01,9.210987e-02,0.749940,1.999840
MAP,2317.0328,4.428352e-02,4.436021e-02,1.330806e-01,1.773641e-01,8.864372e-02,0.750324,2.000865
MAP,2375.2405,4.263951e-02,4.271698e-02,1.281510e-01,1.707905e-01,8.535650e-02,0.750340,2.000908
MAP,2434.9105,4.104041e-02,4.104195e-02,1.231258e-01,1.641662e-01,8.208235e-02,0.750007,2.000019
MAP,2496.0795,3.948606e-02,3.949218e-02,1.184765e-01,1.579626e-01,7.897825e-02,0.750029,2.000077
MAP,2558.7852,3.790641e-02,3.798583e-02,1.139575e-01,1.518639e-01,7.589225e-02,0.750392,2.001046
MAP,2623.0662,3.644534e-02,3.645383e-02,1.093615e-01,1.458068e-01,7.289917e-02,0.750044,2.000116
MAP,2688.9620,3.502764e-02,3.503809e-02,1.051143e-01,1.401419e-01,7.006573e-02,0.750056,2.000149
MAP,2756.5132,3.358921e-02,3.366457e-02,1.009937e-01,1.345829e-01,6.725379e-02,0.750420,2.001120
MAP,2825.7614,3.226083e-02,3.233291e-02,9.699874e-02,1.292596e-01,6.459374e-02,0.750418,2.001116
MAP,2896.7492,3.097403e-02,3.104269e-02,9.312806e-02,1.241021e-01,6.201672e-02,0.750415,2.001107
MAP,2969.5204,2.972828e-02,2.973770e-02,8.921310e-02,1.189414e-01,5.946598e-02,0.750059,2.000158
MAP,3044.1197,2.852298e-02,2.853191e-02,8.559573e-02,1.141187e-01,5.705489e-02,0.750059,2.000157
MAP,3120.5931,2.730546e-02,2.736564e-02,8.209692e-02,1.094024e-01,5.467110e-02,0.750413,2.001101
MAP,3198.9876,2.618185e-02,2.623827e-02,7.871481e-02,1.048967e-01,5.242012e-02,0.750403,2.001076
MAP,3279.3515,2.509640e-02,2.514913e-02,7.544740e-02,1.005438e-01,5.024553e-02,0.750393,2.001050
MAP,3361.7343,2.404837e-02,2.409753e-02,7.229258e-02,9.634095e-02,4.814590e-02,0.750383,2.001021
MAP,3446.1867,2.303701e-02,2.303884e-02,6.911652e-02,9.215353e-02,4.607585e-02,0.750015,2.000040
MAP,3532.7606,2.206154e-02,2.206219e-02,6.618657e-02,8.824811e-02,4.412373e-02,0.750006,2.000015
MAP,3621.5095,2.112111e-02,2.112057e-02,6.336172e-02,8.448283e-02,4.224168e-02,0.749995,1.999987
MAP,3712.4878,2.021496e-02,2.021328e-02,6.063983e-02,8.085479e-02,4.042824e-02,0.749984,1.999958
MAP,3805.7517,1.934224e-02,1.933944e-02,5.801833e-02,7.736056e-02,3.868168e-02,0.749973,1.999928
MAP,3901.3586,1.850208e-02,1.849824e-02,5.549471e-02,7.399679e-02,3.700031e-02,0.749961,1.999896
MAP,3999.3672,1.769364e-02,1.768882e-02,5.306645e-02,7.076009e-02,3.538245e-02,0.749949,1.999864
MAP,4099.8380,1.691605e-02,1.691033e-02,5.073099e-02,6.764704e-02,3.382638e-02,0.749937,1.999831
MAP,4202.8327,1.616845e-02,1.616192e-02,4.848576e-02,6.465421e-02,3.233037e-02,0.749924,1.999798
MAP,4308.4149,1.544999e-02,1.544272e-02,4.632817e-02,6.177816e-02,3.089271e-02,0.749912,1.999765
MAP,4416.6495,1.475979e-02,1.475188e-02,4.425565e-02,5.901544e-02,2.951167e-02,0.749900,1.999732
MAP,4527.6031,1.409701e-02,1.408854e-02,4.226563e-02,5.636263e-02,2.818555e-02,0.749887,1.999700
MAP,4641.3441,1.346079e-02,1.345185e-02,4.035554e-02,5.381633e-02,2.691263e-02,0.749875,1.999668
MAP,4757.9424,1.285029e-02,1.284095e-02,3.852286e-02,5.137315e-02,2.569124e-02,0.749864,1.999637
MAP,4877.4698,1.226468e-02,1.227901e-02,3.683704e-02,4.910172e-02,2.454369e-02,0.750219,2.000584
MAP,5000.0000,1.170313e-02,1.171634e-02,3.514901e-02,4.685215e-02,2.341947e-02,0.750211,2.000564
MAP_relic,3.0000,2.461849e+00,1.949095e-17,5.847284e-17,2.461849e+00,2.461849e+00,0.000000,1.000000
MAP_relic,3.0754,2.460824e+00,5.924087e-17,1.777226e-16,2.460824e+00,2.460824e+00,0.000000,1.000000
MAP_relic,3.1526,2.459742e+00,1.750515e-16,5.251545e-16,2.459742e+00,2.459742e+00,0.000000,1.000000
MAP_relic,3.2318,2.458601e+00,5.032326e-16,1.509698e-15,2.458601e+00,2.458601e+00,0.000000,1.000000
MAP_relic,3.3130,2.457399e+00,1.408399e-15,4.225197e-15,2.457399e+00,2.457399e+00,0.000000,1.000000
MAP_relic,3.3962,2.456133e+00,3.839945e-15,1.151983e-14,2.456133e+00,2.456133e+00,0.000000,1.000000
MAP_relic,3.4816,2.454801e+00,1.020581e-14,3.061744e-14,2.454801e+00,2.454801e+00,0.000000,1.000000
MAP_relic,3.5690,2.453400e+00,2.645868e-14,7.937604e-14,2.453400e+00,2.453400e+00,0.000000,1.000000
MAP_relic,3.6587,2.451927e+00,6.695057e-14,2.008517e-13,2.451927e+00,2.451927e+00,0.000000,1.000000
MAP_relic,3.7506,2.450378e+00,1.654502e-13,4.963505e-13,2.450378e+00,2.450378e+00,0.000000,1.000000
MAP_relic,3.8448,2.448750e+00,3.995414e-13,1.198624e-12,2.448750e+00,2.448750e+00,0.000000,1.000000
MAP_relic,3.9414,2.447040e+00,9.433800e-13,2.830140e-12,2.447040e+00,2.447040e+00,0.000000,1.000000
MAP_relic,4.0404,2.445243e+00,2.179137e-12,6.537411e-12,2.445243e+00,2.445243e+00,0.000000,1.000000
MAP_relic,4.1419,2.443356e+00,4.927108e-12,1.478132e-11,2.443356e+00,2.443356e+00,0.000000,1.000000
MAP_relic,4.2460,2.441374e+00,1.091039e-11,3.273118e-11,2.441374e+00,2.441374e+00,0.000000,1.000000
MAP_relic,4.3526,2.439294e+00,2.367308e-11,7.101923e-11,2.439294e+00,2.439294e+00,0.000000,1.000000
MAP_relic,4.4620,2.437109e+00,5.035644e-11,1.510693e-10,2.437109e+00,2.437109e+00,0.000000,1.000000
MAP_relic,4.5741,2.434816e+00,1.050644e-10,3.151933e-10,2.434816e+00,2.434816e+00,0.000000,1.000000
MAP_relic,4.6890,2.432409e+00,2.151129e-10,6.453386e-10,2.432409e+00,2.432409e+00,0.000000,1.000000
MAP_relic,4.8068,2.429883e+00,4.324053e-10,1.297216e-09,2.429883e+00,2.429883e+00,0.000000,1.000000
MAP_relic,4.9275,2.427232e+00,8.537463e-10,2.561239e-09,2.427232e+00,2.427232e+00,0.000000,1.000000
MAP_relic,5.0513,2.424450e+00,1.656434e-09,4.969303e-09,2.424450e+00,2.424450e+00,0.000000,1.000000
MAP_relic,5.1782,2.421532e+00,3.159487e-09,9.478461e-09,2.421532e+00,2.421532e+00,0.000000,1.000000
MAP_relic,5.3083,2.418470e+00,5.927080e-09,1.778124e-08,2.418470e+00,2.418470e+00,0.000000,1.000000
MAP_relic,5.4417,2.415259e+00,1.094025e-08,3.282074e-08,2.415259e+00,2.415259e+00,0.000000,1.000000
MAP_relic,5.5784,2.411890e+00,1.987702e-08,5.963105e-08,2.411890e+00,2.411890e+00,0.000000,1.000000
MAP_relic,5.7185,2.408357e+00,3.556185e-08,1.066855e-07,2.408357e+00,2.408357e+00,0.000000,1.000000
MAP_relic,5.8622,2.404652e+00,6.267484e-08,1.880245e-07,2.404652e+00,2.404652e+00,0.000000,1.000000
MAP_relic,6.0094,2.400768e+00,1.088530e-07,3.265591e-07,2.400768e+00,2.400768e+00,0.000000,1.000000
MAP_relic,6.1604,2.396695e+00,1.863736e-07,5.591209e-07,2.396696e+00,2.396695e+00,0.000000,1.000000
MAP_relic,6.3152,2.392426e+00,3.146871e-07,9.440614e-07,2.392427e+00,2.392426e+00,0.000000,1.000000
MAP_relic,6.4738,2.387951e+00,5.241720e-07,1.572516e-06,2.387953e+00,2.387952e+00,0.000001,1.000000
MAP_relic,6.6364,2.383262e+00,8.616175e-07,2.584852e-06,2.383264e+00,2.383263e+00,0.000001,1.000001
MAP_relic,6.8031,2.378348e+00,1.398113e-06,4.194340e-06,2.378352e+00,2.378349e+00,0.000002,1.000001
MAP_relic,6.9741,2.373199e+00,2.240241e-06,6.720722e-06,2.373206e+00,2.373202e+00,0.000003,1.000002
MAP_relic,7.1493,2.367806e+00,3.545718e-06,1.063716e-05,2.367817e+00,2.367810e+00,0.000004,1.000003
MAP_relic,7.3289,2.362157e+00,5.544977e-06,1.663493e-05,2.362174e+00,2.362163e+00,0.000007,1.000005
MAP_relic,7.5130,2.356242e+00,8.570492e-06,2.571148e-05,2.356267e+00,2.356250e+00,0.000011,1.000007
MAP_relic,7.7017,2.350048e+00,1.309611e-05,3.928833e-05,2.350087e+00,2.350061e+00,0.000017,1.000011
MAP_relic,7.8952,2.343564e+00,1.978906e-05,5.936718e-05,2.343623e+00,2.343584e+00,0.000025,1.000017
MAP_relic,8.0935,2.336777e+00,2.957780e-05,8.873341e-05,2.336866e+00,2.336807e+00,0.000038,1.000025
MAP_relic,8.2968,2.329676e+00,4.373927e-05,1.312178e-04,2.329807e+00,2.329719e+00,0.000056,1.000038
MAP_relic,8.5053,2.322246e+00,6.400953e-05,1.920286e-04,2.322438e+00,2.322310e+00,0.000083,1.000055
MAP_relic,8.7189,2.314474e+00,9.272212e-05,2.781664e-04,2.314752e+00,2.314567e+00,0.000120,1.000080
MAP_relic,8.9380,2.306347e+00,1.329785e-04,3.989354e-04,2.306746e+00,2.306480e+00,0.000173,1.000115
MAP_relic,9.1625,2.297850e+00,1.888547e-04,5.665641e-04,2.298416e+00,2.298039e+00,0.000247,1.000164
MAP_relic,9.3927,2.288968e+00,2.656485e-04,7.969455e-04,2.289765e+00,2.289234e+00,0.000348,1.000232
MAP_relic,9.6287,2.279687e+00,3.701692e-04,1.110507e-03,2.280798e+00,2.280057e+00,0.000487,1.000325
MAP_relic,9.8705,2.269991e+00,5.110722e-04,1.533217e-03,2.271524e+00,2.270502e+00,0.000675,1.000450
MAP_relic,10.1185,2.259865e+00,6.992379e-04,2.097714e-03,2.261962e+00,2.260564e+00,0.000927,1.000619
MAP_relic,10.3727,2.249292e+00,9.481905e-04,2.844571e-03,2.252136e+00,2.250240e+00,0.001263,1.000843
MAP_relic,10.6333,2.238256e+00,1.274552e-03,3.823655e-03,2.242080e+00,2.239531e+00,0.001705,1.001138
MAP_relic,10.9004,2.226741e+00,1.698518e-03,5.095553e-03,2.231837e+00,2.228440e+00,0.002283,1.001524
MAP_relic,11.1742,2.214731e+00,2.244342e-03,6.733027e-03,2.221464e+00,2.216975e+00,0.003031,1.002025
MAP_relic,11.4550,2.202207e+00,2.940811e-03,8.822433e-03,2.211029e+00,2.205148e+00,0.003990,1.002667
MAP_relic,11.7427,2.189153e+00,3.821673e-03,1.146502e-02,2.200618e+00,2.192975e+00,0.005210,1.003485
MAP_relic,12.0377,2.175553e+00,4.926007e-03,1.477802e-02,2.190331e+00,2.180479e+00,0.006747,1.004518
MAP_relic,12.3401,2.161388e+00,6.298489e-03,1.889547e-02,2.180283e+00,2.167686e+00,0.008667,1.005811
MAP_relic,12.6501,2.146641e+00,7.989511e-03,2.396853e-02,2.170610e+00,2.154631e+00,0.011042,1.007416
MAP_relic,12.9679,2.131296e+00,1.005513e-02,3.016540e-02,2.161461e+00,2.141351e+00,0.013956,1.009391
MAP_relic,13.2937,2.115335e+00,1.255683e-02,3.767049e-02,2.153006e+00,2.127892e+00,0.017497,1.011802
MAP_relic,13.6277,2.098742e+00,1.556098e-02,4.668294e-02,2.145425e+00,2.114303e+00,0.021759,1.014720
MAP_relic,13.9700,2.081499e+00,1.913811e-02,5.741434e-02,2.138914e+00,2.100637e+00,0.026843,1.018221
MAP_relic,14.3210,2.063592e+00,2.336188e-02,7.008565e-02,2.133678e+00,2.086954e+00,0.032847,1.022388
MAP_relic,14.6807,2.045004e+00,2.830777e-02,8.492330e-02,2.129928e+00,2.073312e+00,0.039871,1.027307
MAP_relic,15.0495,2.025721e+00,3.405154e-02,1.021546e-01,2.127876e+00,2.059773e+00,0.048008,1.033063
MAP_relic,15.4276,2.005728e+00,4.066753e-02,1.220026e-01,2.127731e+00,2.046396e+00,0.057339,1.039746
MAP_relic,15.8152,1.985013e+00,4.822674e-02,1.446802e-01,2.129693e+00,2.033239e+00,0.067935,1.047438
MAP_relic,16.2125,1.963561e+00,5.679488e-02,1.703846e-01,2.133946e+00,2.020356e+00,0.079845,1.056223
MAP_relic,16.6198,1.941364e+00,6.643043e-02,1.992913e-01,2.140655e+00,2.007794e+00,0.093098,1.066173
MAP_relic,17.0373,1.918411e+00,7.718279e-02,2.315484e-01,2.149959e+00,1.995593e+00,0.107699,1.077353
MAP_relic,17.4653,1.894693e+00,8.909055e-02,2.672717e-01,2.161964e+00,1.983783e+00,0.123624,1.089819
MAP_relic,17.9040,1.870204e+00,1.021802e-01,3.065405e-01,2.176745e+00,1.972385e+00,0.140825,1.103611
MAP_relic,18.3538,1.844941e+00,1.164648e-01,3.493945e-01,2.194336e+00,1.961406e+00,0.159226,1.118756
MAP_relic,18.8149,1.818901e+00,1.319438e-01,3.958314e-01,2.214732e+00,1.950845e+00,0.178727,1.135268
MAP_relic,19.2876,1.792084e+00,1.486020e-01,4.458061e-01,2.237890e+00,1.940686e+00,0.199208,1.153144
MAP_relic,19.7721,1.764494e+00,1.664105e-01,4.992315e-01,2.263726e+00,1.930905e+00,0.220535,1.172365
MAP_relic,20.2688,1.736138e+00,1.853265e-01,5.559795e-01,2.292118e+00,1.921465e+00,0.242561,1.192901
MAP_relic,20.7780,1.707026e+00,2.052947e-01,6.158840e-01,2.322910e+00,1.912320e+00,0.265135,1.214707
MAP_relic,21.3000,1.677171e+00,2.262481e-01,6.787442e-01,2.355916e+00,1.903419e+00,0.288102,1.237728
MAP_relic,21.8351,1.646593e+00,2.481097e-01,7.443290e-01,2.390922e+00,1.894703e+00,0.311315,1.261898
MAP_relic,22.3836,1.615315e+00,2.707937e-01,8.123811e-01,2.427696e+00,1.886109e+00,0.334630,1.287145
MAP_relic,22.9459,1.583365e+00,2.942074e-01,8.826222e-01,2.465988e+00,1.877573e+00,0.357918,1.313391
MAP_relic,23.5223,1.550778e+00,3.182525e-01,9.547575e-01,2.505535e+00,1.869030e+00,0.381059,1.340554
MAP_relic,24.1133,1.517592e+00,3.428328e-01,1.028498e+00,2.546091e+00,1.860425e+00,0.403952,1.368553
MAP_relic,24.7190,1.483855e+00,3.678342e-01,1.103503e+00,2.587358e+00,1.851689e+00,0.426498,1.397296
MAP_relic,25.3400,1.449619e+00,3.931548e-01,1.179464e+00,2.629084e+00,1.842774e+00,0.448622,1.426699
MAP_relic,25.9766,1.414944e+00,4.186883e-01,1.256065e+00,2.671009e+00,1.833632e+00,0.470259,1.456676
MAP_relic,26.6292,1.379896e+00,4.443292e-01,1.332987e+00,2.712883e+00,1.824225e+00,0.491355,1.487143
MAP_relic,27.2981,1.344548e+00,4.699728e-01,1.409919e+00,2.754466e+00,1.814521e+00,0.511866,1.518013
MAP_relic,27.9839,1.308980e+00,4.955168e-01,1.486550e+00,2.795530e+00,1.804497e+00,0.531760,1.549202
MAP_relic,28.6869,1.273278e+00,5.208605e-01,1.562581e+00,2.835860e+00,1.794139e+00,0.551008,1.580625
MAP_relic,29.4076,1.237535e+00,5.459059e-01,1.637718e+00,2.875253e+00,1.783441e+00,0.569591,1.612194
MAP_relic,30.1464,1.201848e+00,5.705576e-01,1.711673e+00,2.913521e+00,1.772406e+00,0.587493,1.643823
MAP_relic,30.9037,1.166319e+00,5.947229e-01,1.784169e+00,2.950487e+00,1.761042e+00,0.604703,1.675422
MAP_relic,31.6800,1.131053e+00,6.183121e-01,1.854936e+00,2.985989e+00,1.749365e+00,0.621213,1.706899
MAP_relic,32.4759,1.096158e+00,6.412385e-01,1.923716e+00,3.019874e+00,1.737397e+00,0.637019,1.738160
MAP_relic,33.2917,1.061744e+00,6.634186e-01,1.990256e+00,3.051999e+00,1.725162e+00,0.652115,1.769109
MAP_relic,34.1281,1.027918e+00,6.847721e-01,2.054316e+00,3.082234e+00,1.712690e+00,0.666502,1.799645
MAP_relic,34.9854,9.947869e-01,7.052227e-01,2.115668e+00,3.110455e+00,1.700010e+00,0.680180,1.829669
MAP_relic,35.8643,9.624553e-01,7.246979e-01,2.174094e+00,3.136549e+00,1.687153e+00,0.693148,1.859078
MAP_relic,36.7653,9.310217e-01,7.431294e-01,2.229388e+00,3.160410e+00,1.674151e+00,0.705411,1.887769
MAP_relic,37.6889,9.006224e-01,7.604538e-01,2.281361e+00,3.181984e+00,1.661076e+00,0.716962,1.915616
MAP_relic,38.6357,8.712726e-01,7.766130e-01,2.329839e+00,3.201111e+00,1.647886e+00,0.727822,1.942557
MAP_relic,39.6063,8.430814e-01,7.915542e-01,2.374662e+00,3.217744e+00,1.634636e+00,0.737990,1.968478
MAP_relic,40.6013,8.161174e-01,8.052309e-01,2.415693e+00,3.231810e+00,1.621348e+00,0.747474,1.993286
MAP_relic,41.6213,7.904391e-01,8.176033e-01,2.452810e+00,3.243249e+00,1.608042e+00,0.756282,2.016893
MAP_relic,42.6668,7.660942e-01,8.286384e-01,2.485915e+00,3.252009e+00,1.594733e+00,0.764424,2.039219
MAP_relic,43.7387,7.431196e-01,8.383104e-01,2.514931e+00,3.258051e+00,1.581430e+00,0.771913,2.060193
MAP_relic,44.8375,7.215407e-01,8.466013e-01,2.539804e+00,3.261345e+00,1.568142e+00,0.778760,2.079751
MAP_relic,45.9639,7.013718e-01,8.535007e-01,2.560502e+00,3.261874e+00,1.554873e+00,0.784979,2.097840
MAP_relic,47.1186,6.826167e-01,8.590062e-01,2.577019e+00,3.259635e+00,1.541623e+00,0.790585,2.114418
MAP_relic,48.3023,6.652684e-01,8.631232e-01,2.589370e+00,3.254638e+00,1.528392e+00,0.795594,2.129453
MAP_relic,49.5157,6.493103e-01,8.658646e-01,2.597594e+00,3.246904e+00,1.515175e+00,0.800022,2.142924
MAP_relic,50.7596,6.347167e-01,8.672511e-01,2.601753e+00,3.236470e+00,1.501968e+00,0.803886,2.154820
MAP_relic,52.0348,6.214535e-01,8.674211e-01,2.602263e+00,3.223717e+00,1.488875e+00,0.807225,2.165204
MAP_relic,53.3420,6.094791e-01,8.662252e-01,2.598676e+00,3.208155e+00,1.475704e+00,0.810022,2.173982
MAP_relic,54.6820,5.987455e-01,8.637879e-01,2.591364e+00,3.190109e+00,1.462533e+00,0.812312,2.181221
MAP_relic,56.0557,5.891987e-01,8.601577e-01,2.580473e+00,3.169672e+00,1.449356e+00,0.814114,2.186951
MAP_relic,57.4640,5.807800e-01,8.553886e-01,2.566166e+00,3.146946e+00,1.436169e+00,0.815446,2.191209
MAP_relic,58.9075,5.734264e-01,8.495392e-01,2.548618e+00,3.122044e+00,1.422966e+00,0.816330,2.194040
MAP_relic,60.3874,5.670716e-01,8.426722e-01,2.528017e+00,3.095088e+00,1.409744e+00,0.816783,2.195497
MAP_relic,61.9044,5.616466e-01,8.348535e-01,2.504561e+00,3.066207e+00,1.396500e+00,0.816827,2.195637
MAP_relic,63.4596,5.570803e-01,8.261518e-01,2.478455e+00,3.035536e+00,1.383232e+00,0.816480,2.194524
MAP_relic,65.0538,5.533001e-01,8.166376e-01,2.449913e+00,3.003213e+00,1.369938e+00,0.815764,2.192226
MAP_relic,66.6880,5.504053e-01,8.063829e-01,2.419149e+00,2.969554e+00,1.356788e+00,0.814651,2.188664
MAP_relic,68.3634,5.480292e-01,7.954606e-01,2.386382e+00,2.934411e+00,1.343490e+00,0.813240,2.184171
MAP_relic,70.0808,5.462308e-01,7.839436e-01,2.351831e+00,2.898062e+00,1.330174e+00,0.811519,2.178708
MAP_relic,71.8413,5.449386e-01,7.719046e-01,2.315714e+00,2.860652e+00,1.316843e+00,0.809505,2.172356
MAP_relic,73.6461,5.440821e-01,7.594155e-01,2.278246e+00,2.822328e+00,1.303498e+00,0.807222,2.165197
MAP_relic,75.4962,5.435917e-01,7.465469e-01,2.239641e+00,2.783232e+00,1.290139e+00,0.804691,2.157313
MAP_relic,77.3928,5.433997e-01,7.333679e-01,2.200104e+00,2.743503e+00,1.276768e+00,0.801932,2.148788
MAP_relic,79.3370,5.434396e-01,7.199455e-01,2.159836e+00,2.703276e+00,1.263385e+00,0.798970,2.139709
MAP_relic,81.3301,5.436474e-01,7.063441e-01,2.119032e+00,2.662680e+00,1.249991e+00,0.795827,2.130158
MAP_relic,83.3732,5.439609e-01,6.928938e-01,2.078681e+00,2.622642e+00,1.236855e+00,0.792591,2.120413
MAP_relic,85.4677,5.443207e-01,6.791915e-01,2.037574e+00,2.581895e+00,1.223512e+00,0.789178,2.110232
MAP_relic,87.6148,5.446700e-01,6.655033e-01,1.996510e+00,2.541180e+00,1.210173e+00,0.785663,2.099848
MAP_relic,89.8158,5.449551e-01,6.518841e-01,1.955652e+00,2.500607e+00,1.196839e+00,0.782071,2.089343
MAP_relic,92.0722,5.451255e-01,6.383850e-01,1.915155e+00,2.460280e+00,1.183510e+00,0.778430,2.078799
MAP_relic,94.3852,5.451339e-01,6.250532e-01,1.875160e+00,2.420294e+00,1.170187e+00,0.774765,2.068296
MAP_relic,96.7563,5.449368e-01,6.119320e-01,1.835796e+00,2.380733e+00,1.156869e+00,0.771105,2.057911
MAP_relic,99.1870,5.447970e-01,5.990602e-01,1.797181e+00,2.341978e+00,1.143857e+00,0.767377,2.047439
MAP_relic,101.6787,5.441522e-01,5.864723e-01,1.759417e+00,2.303569e+00,1.130624e+00,0.763779,2.037431
MAP_relic,104.2330,5.432114e-01,5.741979e-01,1.722594e+00,2.265805e+00,1.117409e+00,0.760257,2.027731
MAP_relic,106.8516,5.419498e-01,5.622623e-01,1.686787e+00,2.228737e+00,1.104212e+00,0.756835,2.018395
MAP_relic,109.5358,5.403469e-01,5.506855e-01,1.652057e+00,2.192403e+00,1.091032e+00,0.753537,2.009476
MAP_relic,112.2876,5.383866e-01,5.394831e-01,1.618449e+00,2.156836e+00,1.077870e+00,0.750381,2.001017
MAP_relic,115.1084,5.360572e-01,5.289786e-01,1.586936e+00,2.122993e+00,1.065036e+00,0.747499,1.993354
MAP_relic,118.0001,5.333513e-01,5.186289e-01,1.555887e+00,2.089238e+00,1.051980e+00,0.744715,1.986005
MAP_relic,120.9645,5.302656e-01,5.086867e-01,1.526060e+00,2.056326e+00,1.038952e+00,0.742130,1.979230
MAP_relic,124.0033,5.268006e-01,4.991513e-01,1.497454e+00,2.024254e+00,1.025952e+00,0.739756,1.973050
MAP_relic,127.1185,5.229605e-01,4.900179e-01,1.470054e+00,1.993014e+00,1.012978e+00,0.737603,1.967479
MAP_relic,130.3119,5.187528e-01,4.812781e-01,1.443834e+00,1.962587e+00,1.000031e+00,0.735679,1.962526
MAP_relic,133.5856,5.145493e-01,4.729198e-01,1.418759e+00,1.933309e+00,9.874691e-01,0.733850,1.957842
MAP_relic,136.9415,5.097230e-01,4.649282e-01,1.394785e+00,1.904508e+00,9.746512e-01,0.732360,1.954040
MAP_relic,140.3817,5.045834e-01,4.572855e-01,1.371857e+00,1.876440e+00,9.618689e-01,0.731095,1.950827
MAP_relic,143.9083,4.991498e-01,4.499717e-01,1.349915e+00,1.849065e+00,9.491215e-01,0.730053,1.948186
MAP_relic,147.5235,4.934432e-01,4.429648e-01,1.328894e+00,1.822338e+00,9.364080e-01,0.729225,1.946093
MAP_relic,151.2295,4.874858e-01,4.366082e-01,1.309825e+00,1.797310e+00,9.240940e-01,0.728769,1.944943
MAP_relic,155.0287,4.813005e-01,4.302226e-01,1.290668e+00,1.771968e+00,9.115231e-01,0.728381,1.943964
MAP_relic,158.9233,4.749107e-01,4.240837e-01,1.272251e+00,1.747162e+00,8.989944e-01,0.728182,1.943462
MAP_relic,162.9157,4.683399e-01,4.181670e-01,1.254501e+00,1.722841e+00,8.865069e-01,0.728158,1.943404
MAP_relic,167.0084,4.616113e-01,4.124481e-01,1.237344e+00,1.698956e+00,8.740594e-01,0.728297,1.943753
MAP_relic,171.2039,4.551461e-01,4.069030e-01,1.220709e+00,1.675855e+00,8.620491e-01,0.728410,1.944037
MAP_relic,175.5049,4.482499e-01,4.015079e-01,1.204524e+00,1.652773e+00,8.497578e-01,0.728789,1.944994
MAP_relic,179.9138,4.412736e-01,3.962400e-01,1.188720e+00,1.629994e+00,8.375137e-01,0.729279,1.946229
MAP_relic,184.4336,4.342380e-01,3.910777e-01,1.173233e+00,1.607471e+00,8.253157e-01,0.729863,1.947704
MAP_relic,189.0668,4.271623e-01,3.860000e-01,1.158000e+00,1.585162e+00,8.131623e-01,0.730525,1.949380
MAP_relic,193.8165,4.200641e-01,3.814407e-01,1.144322e+00,1.564386e+00,8.015048e-01,0.731483,1.951811
MAP_relic,198.6855,4.129596e-01,3.765612e-01,1.129684e+00,1.542643e+00,7.895208e-01,0.732304,1.953898
MAP_relic,203.6768,4.058630e-01,3.717248e-01,1.115174e+00,1.521037e+00,7.775877e-01,0.733167,1.956097
MAP_relic,208.7935,3.987868e-01,3.669174e-01,1.100752e+00,1.499539e+00,7.657043e-01,0.734060,1.958379
MAP_relic,214.0388,3.921904e-01,3.621267e-01,1.086380e+00,1.478570e+00,7.543171e-01,0.734750,1.960144
MAP_relic,219.4158,3.852669e-01,3.573415e-01,1.072025e+00,1.457291e+00,7.426084e-01,0.735628,1.962396
MAP_relic,224.9279,3.784023e-01,3.525524e-01,1.057657e+00,1.436059e+00,7.309546e-01,0.736500,1.964635
MAP_relic,230.5784,3.716033e-01,3.481418e-01,1.044425e+00,1.416029e+00,7.197451e-01,0.737574,1.967403
MAP_relic,236.3709,3.648752e-01,3.433910e-01,1.030173e+00,1.395048e+00,7.082661e-01,0.738450,1.969666
MAP_relic,242.3090,3.582219e-01,3.386246e-01,1.015874e+00,1.374096e+00,6.968465e-01,0.739304,1.971877
MAP_relic,248.3962,3.516460e-01,3.338388e-01,1.001516e+00,1.353162e+00,6.854848e-01,0.740130,1.974022
MAP_relic,254.6363,3.455646e-01,3.290306e-01,9.870918e-01,1.332656e+00,6.745952e-01,0.740695,1.975490
MAP_relic,261.0332,3.392166e-01,3.241981e-01,9.725944e-01,1.311811e+00,6.634147e-01,0.741414,1.977362
MAP_relic,267.5908,3.329558e-01,3.193401e-01,9.580203e-01,1.290976e+00,6.522959e-01,0.742090,1.979126
MAP_relic,274.3131,3.267816e-01,3.148433e-01,9.445299e-01,1.271311e+00,6.416249e-01,0.742957,1.981394
MAP_relic,281.2043,3.206924e-01,3.099963e-01,9.299890e-01,1.250681e+00,6.306887e-01,0.743586,1.983041
MAP_relic,288.2686,3.146862e-01,3.051313e-01,9.153938e-01,1.230080e+00,6.198174e-01,0.744174,1.984584
MAP_relic,295.5104,3.087604e-01,3.002494e-01,9.007481e-01,1.209509e+00,6.090098e-01,0.744722,1.986025
MAP_relic,302.9342,3.033415e-01,2.953523e-01,8.860569e-01,1.189398e+00,5.986938e-01,0.744962,1.986656
MAP_relic,310.5444,2.976327e-01,2.904418e-01,8.713255e-01,1.168958e+00,5.880746e-01,0.745386,1.987772
MAP_relic,318.3458,2.920018e-01,2.855200e-01,8.565600e-01,1.148562e+00,5.775218e-01,0.745767,1.988777
MAP_relic,326.3431,2.864453e-01,2.810066e-01,8.430199e-01,1.129465e+00,5.674519e-01,0.746389,1.990416
MAP_relic,334.5414,2.809598e-01,2.761294e-01,8.283882e-01,1.109348e+00,5.570892e-01,0.746734,1.991329
MAP_relic,342.9457,2.755421e-01,2.712532e-01,8.137595e-01,1.089302e+00,5.467952e-01,0.747047,1.992156
MAP_relic,351.5610,2.706022e-01,2.663803e-01,7.991408e-01,1.069743e+00,5.369825e-01,0.747040,1.992138
MAP_relic,360.3928,2.653676e-01,2.615129e-01,7.845388e-01,1.049906e+00,5.268805e-01,0.747246,1.992684
MAP_relic,369.4465,2.601960e-01,2.570177e-01,7.710531e-01,1.031249e+00,5.172136e-01,0.747689,1.993855
MAP_relic,378.7276,2.550842e-01,2.522186e-01,7.566559e-01,1.011740e+00,5.073029e-01,0.747876,1.994351
MAP_relic,388.2419,2.500295e-01,2.474359e-01,7.423077e-01,9.923372e-01,4.974654e-01,0.748040,1.994786
MAP_relic,397.9952,2.454011e-01,2.426713e-01,7.280140e-01,9.734151e-01,4.880724e-01,0.747897,1.994407
MAP_relic,407.9935,2.405016e-01,2.379267e-01,7.137801e-01,9.542817e-01,4.784283e-01,0.747976,1.994618
MAP_relic,418.2429,2.356553e-01,2.335421e-01,7.006262e-01,9.362815e-01,4.691974e-01,0.748307,1.995496
MAP_relic,428.7499,2.308600e-01,2.288864e-01,6.866593e-01,9.175193e-01,4.597464e-01,0.748387,1.995707
MAP_relic,439.5208,2.261135e-01,2.242588e-01,6.727765e-01,8.988901e-01,4.503724e-01,0.748453,1.995882
MAP_relic,450.5623,2.217665e-01,2.196605e-01,6.589816e-01,8.807481e-01,4.414271e-01,0.748207,1.995229
MAP_relic,461.8812,2.171556e-01,2.150927e-01,6.452780e-01,8.624335e-01,4.322482e-01,0.748206,1.995227
MAP_relic,473.4844,2.125913e-01,2.108849e-01,6.326546e-01,8.452458e-01,4.234761e-01,0.748486,1.995970
MAP_relic,485.3791,2.080720e-01,2.064208e-01,6.192623e-01,8.273343e-01,4.144927e-01,0.748503,1.996016
MAP_relic,497.5727,2.039060e-01,2.019927e-01,6.059782e-01,8.098842e-01,4.058987e-01,0.748228,1.995286
MAP_relic,510.0725,1.995097e-01,1.976015e-01,5.928045e-01,7.923142e-01,3.971112e-01,0.748194,1.995195
MAP_relic,522.8864,1.951572e-01,1.932477e-01,5.797430e-01,7.749002e-01,3.884048e-01,0.748152,1.995084
MAP_relic,536.0222,1.908474e-01,1.892607e-01,5.677822e-01,7.586296e-01,3.801081e-01,0.748431,1.995826
MAP_relic,549.4879,1.865794e-01,1.850200e-01,5.550601e-01,7.416395e-01,3.715995e-01,0.748423,1.995804
MAP_relic,563.2920,1.826671e-01,1.808205e-01,5.424615e-01,7.251286e-01,3.634876e-01,0.748090,1.994920
MAP_relic,577.4428,1.785145e-01,1.766625e-01,5.299876e-01,7.085020e-01,3.551770e-01,0.748040,1.994786
MAP_relic,591.9492,1.744035e-01,1.728495e-01,5.185486e-01,6.929521e-01,3.472531e-01,0.748318,1.995525
MAP_relic,606.8199,1.703336e-01,1.688075e-01,5.064225e-01,6.767560e-01,3.391411e-01,0.748309,1.995500
MAP_relic,622.0642,1.665982e-01,1.648095e-01,4.944285e-01,6.610267e-01,3.314077e-01,0.747971,1.994603
MAP_relic,637.6915,1.626391e-01,1.611153e-01,4.833459e-01,6.459850e-01,3.237544e-01,0.748231,1.995293
MAP_relic,653.7114,1.587215e-01,1.572328e-01,4.716983e-01,6.304198e-01,3.159542e-01,0.748229,1.995288
MAP_relic,670.1337,1.551001e-01,1.533960e-01,4.601881e-01,6.152882e-01,3.084961e-01,0.747923,1.994476
MAP_relic,686.9686,1.512902e-01,1.496051e-01,4.488154e-01,6.001056e-01,3.008954e-01,0.747894,1.994400
MAP_relic,704.2264,1.475226e-01,1.461115e-01,4.383344e-01,5.858569e-01,2.936340e-01,0.748194,1.995194
MAP_relic,721.9178,1.437970e-01,1.424363e-01,4.273090e-01,5.711060e-01,2.862333e-01,0.748213,1.995246
MAP_relic,740.0535,1.403623e-01,1.388080e-01,4.164240e-01,5.567863e-01,2.791703e-01,0.747906,1.994433
MAP_relic,758.6449,1.367440e-01,1.352263e-01,4.056790e-01,5.424230e-01,2.719703e-01,0.747902,1.994420
MAP_relic,777.7033,1.331690e-01,1.319379e-01,3.958138e-01,5.289827e-01,2.651069e-01,0.748255,1.995356
MAP_relic,797.2405,1.298623e-01,1.284711e-01,3.854133e-01,5.152757e-01,2.583334e-01,0.747975,1.994615
MAP_relic,817.2686,1.263943e-01,1.250514e-01,3.751541e-01,5.015484e-01,2.514457e-01,0.747992,1.994659
MAP_relic,837.7997,1.229708e-01,1.219034e-01,3.657101e-01,4.886808e-01,2.448741e-01,0.748362,1.995641
MAP_relic,858.8466,1.197990e-01,1.185964e-01,3.557893e-01,4.755883e-01,2.383955e-01,0.748104,1.994955
MAP_relic,880.4223,1.164830e-01,1.153367e-01,3.460100e-01,4.624930e-01,2.318197e-01,0.748141,1.995055
MAP_relic,902.5400,1.132128e-01,1.123318e-01,3.369955e-01,4.502083e-01,2.255447e-01,0.748532,1.996094
MAP_relic,925.2133,1.101819e-01,1.091828e-01,3.275484e-01,4.377303e-01,2.193647e-01,0.748288,1.995445
MAP_relic,948.4562,1.070202e-01,1.060809e-01,3.182426e-01,4.252627e-01,2.131010e-01,0.748343,1.995592
MAP_relic,972.2830,1.039056e-01,1.032205e-01,3.096615e-01,4.135671e-01,2.071261e-01,0.748757,1.996692
MAP_relic,996.7084,1.010207e-01,1.002273e-01,3.006818e-01,4.017025e-01,2.012480e-01,0.748519,1.996057
MAP_relic,1021.7473,9.801560e-02,9.745185e-02,2.923556e-01,3.903711e-01,1.954674e-01,0.748917,1.997116
MAP_relic,1047.4153,9.505896e-02,9.456557e-02,2.836967e-01,3.787557e-01,1.896245e-01,0.749023,1.997398
MAP_relic,1073.7282,9.232418e-02,9.172629e-02,2.751789e-01,3.675030e-01,1.840505e-01,0.748780,1.996751
MAP_relic,1100.7020,8.947785e-02,8.909727e-02,2.672918e-01,3.567697e-01,1.785751e-01,0.749200,1.997869
MAP_relic,1128.3535,8.683560e-02,8.636347e-02,2.590904e-01,3.459260e-01,1.731991e-01,0.748976,1.997274
MAP_relic,1156.6996,8.409951e-02,8.367661e-02,2.510298e-01,3.351293e-01,1.677761e-01,0.749054,1.997479
MAP_relic,1185.7578,8.141346e-02,8.119378e-02,2.435813e-01,3.249948e-01,1.626072e-01,0.749493,1.998649
MAP_relic,1215.5460,7.892697e-02,7.861128e-02,2.358338e-01,3.147608e-01,1.575382e-01,0.749248,1.997996
MAP_relic,1246.0826,7.635141e-02,7.621806e-02,2.286542e-01,3.050056e-01,1.525695e-01,0.749672,1.999126
MAP_relic,1277.3863,7.396222e-02,7.373896e-02,2.212169e-01,2.951791e-01,1.477012e-01,0.749433,1.998488
MAP_relic,1309.4763,7.149663e-02,7.143693e-02,2.143108e-01,2.858074e-01,1.429336e-01,0.749843,1.999582
MAP_relic,1342.3726,6.920629e-02,6.906045e-02,2.071813e-01,2.763876e-01,1.382667e-01,0.749604,1.998945
MAP_relic,1376.0952,6.684997e-02,6.673117e-02,2.001935e-01,2.670435e-01,1.335811e-01,0.749666,1.999111
MAP_relic,1410.6650,6.454430e-02,6.457624e-02,1.937287e-01,2.582730e-01,1.291205e-01,0.750093,2.000247
MAP_relic,1446.1033,6.241137e-02,6.234897e-02,1.870469e-01,2.494583e-01,1.247603e-01,0.749812,1.999500
MAP_relic,1482.4318,6.021383e-02,6.028657e-02,1.808597e-01,2.410735e-01,1.205004e-01,0.750226,2.000604
MAP_relic,1519.6730,5.817993e-02,5.816060e-02,1.744818e-01,2.326617e-01,1.163405e-01,0.749938,1.999834
MAP_relic,1557.8497,5.608919e-02,5.619129e-02,1.685739e-01,2.246630e-01,1.122805e-01,0.750341,2.000909
MAP_relic,1596.9855,5.415403e-02,5.416586e-02,1.624976e-01,2.166516e-01,1.083199e-01,0.750041,2.000109
MAP_relic,1637.1044,5.216851e-02,5.228986e-02,1.568696e-01,2.090381e-01,1.044584e-01,0.750435,2.001162
MAP_relic,1678.2312,5.033134e-02,5.036407e-02,1.510922e-01,2.014235e-01,1.006954e-01,0.750122,2.000325
MAP_relic,1720.3912,4.844922e-02,4.858123e-02,1.457437e-01,1.941929e-01,9.703045e-02,0.750510,2.001361
MAP_relic,1763.6103,4.670888e-02,4.675399e-02,1.402620e-01,1.869708e-01,9.346287e-02,0.750181,2.000483
MAP_relic,1807.9151,4.501190e-02,4.506380e-02,1.351914e-01,1.802033e-01,9.007571e-02,0.750216,2.000576
MAP_relic,1853.3330,4.328308e-02,4.341536e-02,1.302461e-01,1.735292e-01,8.669844e-02,0.750572,2.001526
MAP_relic,1899.8918,4.168096e-02,4.173532e-02,1.252060e-01,1.668869e-01,8.341628e-02,0.750244,2.000652
MAP_relic,1947.6202,4.004983e-02,4.017844e-02,1.205353e-01,1.605851e-01,8.022827e-02,0.750601,2.001603
MAP_relic,1996.5477,3.854049e-02,3.859289e-02,1.157787e-01,1.543192e-01,7.713339e-02,0.750255,2.000679
MAP_relic,2046.7043,3.700449e-02,3.712604e-02,1.113781e-01,1.483826e-01,7.413053e-02,0.750614,2.001640
MAP_relic,2098.1209,3.558558e-02,3.570044e-02,1.071013e-01,1.426869e-01,7.128602e-02,0.750604,2.001611
MAP_relic,2150.8292,3.420800e-02,3.425423e-02,1.027627e-01,1.369707e-01,6.846222e-02,0.750253,2.000675
MAP_relic,2204.8617,3.281086e-02,3.291594e-02,9.874783e-02,1.315587e-01,6.572680e-02,0.750599,2.001599
MAP_relic,2260.2515,3.151997e-02,3.161795e-02,9.485386e-02,1.263738e-01,6.313792e-02,0.750582,2.001552
MAP_relic,2317.0328,3.026895e-02,3.030504e-02,9.091512e-02,1.211841e-01,6.057399e-02,0.750223,2.000596
MAP_relic,2375.2405,2.900342e-02,2.909080e-02,8.727240e-02,1.162758e-01,5.809422e-02,0.750564,2.001504
MAP_relic,2434.9105,2.783478e-02,2.791534e-02,8.374602e-02,1.115808e-01,5.575011e-02,0.750542,2.001445
MAP_relic,2496.0795,2.670416e-02,2.672893e-02,8.018678e-02,1.068909e-01,5.343309e-02,0.750174,2.000463
MAP_relic,2558.7852,2.561104e-02,2.563296e-02,7.689889e-02,1.025099e-01,5.124400e-02,0.750160,2.000428
MAP_relic,2623.0662,2.450957e-02,2.457387e-02,7.372160e-02,9.823116e-02,4.908343e-02,0.750491,2.001310
MAP_relic,2688.9620,2.349248e-02,2.350649e-02,7.051947e-02,9.401195e-02,4.699897e-02,0.750112,2.000298
MAP_relic,2756.5132,2.251064e-02,2.252212e-02,6.756635e-02,9.007700e-02,4.503276e-02,0.750096,2.000255
MAP_relic,2825.7614,2.156336e-02,2.157239e-02,6.471718e-02,8.628055e-02,4.313576e-02,0.750078,2.000209
MAP_relic,2896.7492,2.061131e-02,2.065662e-02,6.196987e-02,8.258119e-02,4.126794e-02,0.750412,2.001098
MAP_relic,2969.5204,1.973322e-02,1.977407e-02,5.932222e-02,7.905544e-02,3.950729e-02,0.750388,2.001034
MAP_relic,3044.1197,1.888723e-02,1.888811e-02,5.666434e-02,7.555157e-02,3.777534e-02,0.750009,2.000023
MAP_relic,3120.5931,1.807257e-02,1.807172e-02,5.421515e-02,7.228773e-02,3.614429e-02,0.749991,1.999976
MAP_relic,3198.9876,1.728847e-02,1.728602e-02,5.185807e-02,6.914654e-02,3.457449e-02,0.749974,1.999929
MAP_relic,3279.3515,1.650249e-02,1.653024e-02,4.959072e-02,6.609321e-02,3.303273e-02,0.750315,2.000840
MAP_relic,3361.7343,1.577874e-02,1.580356e-02,4.741067e-02,6.318941e-02,3.158230e-02,0.750294,2.000786
MAP_relic,3446.1867,1.508300e-02,1.510516e-02,4.531547e-02,6.039846e-02,3.018815e-02,0.750275,2.000734
MAP_relic,3532.7606,1.441445e-02,1.443422e-02,4.330267e-02,5.771712e-02,2.884868e-02,0.750257,2.000685
MAP_relic,3621.5095,1.377228e-02,1.378990e-02,4.136970e-02,5.514198e-02,2.756218e-02,0.750240,2.000639
MAP_relic,3712.4878,1.315574e-02,1.317144e-02,3.951431e-02,5.267005e-02,2.632718e-02,0.750224,2.000596
MAP_relic,3805.7517,1.256400e-02,1.257799e-02,3.773396e-02,5.029797e-02,2.514199e-02,0.750209,2.000556
MAP_relic,3901.3586,1.199628e-02,1.198561e-02,3.595682e-02,4.795310e-02,2.398189e-02,0.749833,1.999555
MAP_relic,3999.3672,1.145179e-02,1.144080e-02,3.432240e-02,4.577419e-02,2.289259e-02,0.749820,1.999520
MAP_relic,4099.8380,1.092976e-02,1.093967e-02,3.281902e-02,4.374878e-02,2.186943e-02,0.750170,2.000453
MAP_relic,4202.8327,1.042942e-02,1.043829e-02,3.131486e-02,4.174428e-02,2.086771e-02,0.750159,2.000425
MAP_relic,4308.4149,9.950028e-03,9.938599e-03,2.981580e-02,3.976583e-02,1.988863e-02,0.749784,1.999425
MAP_relic,4416.6495,9.490845e-03,9.479409e-03,2.843823e-02,3.792907e-02,1.897025e-02,0.749774,1.999397
MAP_relic,4527.6031,9.032770e-03,9.039762e-03,2.711929e-02,3.615206e-02,1.807253e-02,0.750145,2.000387
MAP_relic,4641.3441,8.612596e-03,8.618942e-03,2.585683e-02,3.446942e-02,1.723154e-02,0.750138,2.000368
MAP_relic,4757.9424,8.210467e-03,8.216251e-03,2.464875e-02,3.285922e-02,1.642672e-02,0.750132,2.000352
MAP_relic,4877.4698,7.825711e-03,7.814279e-03,2.344284e-02,3.126855e-02,1.563999e-02,0.749726,1.999269
MAP_relic,5000.0000,7.457672e-03,7.446480e-03,2.233944e-02,2.979711e-02,1.490415e-02,0.749718,1.999249
