alpha_s,alpha_p,alpha_s_over_alpha_p,lambda,sigma_m_10,sigma_m_30,sigma_m_50,sigma_m_100,sigma_m_200,sigma_m_500,sigma_m_1000
5.000000e-04,2.774948e-04,1.802,4.2374,0.269107,0.224581,0.217087,0.159895,0.074841,0.016330,0.004248
5.044101e-04,2.750686e-04,1.834,4.2748,0.271248,0.226560,0.219362,0.161843,0.075903,0.016602,0.004322
5.088592e-04,2.726636e-04,1.866,4.3125,0.273399,0.228552,0.221657,0.163809,0.076978,0.016878,0.004397
5.133475e-04,2.702797e-04,1.899,4.3505,0.275560,0.230557,0.223972,0.165795,0.078065,0.017158,0.004474
5.178753e-04,2.679166e-04,1.933,4.3889,0.277732,0.232575,0.226306,0.167799,0.079165,0.017443,0.004552
5.224432e-04,2.655742e-04,1.967,4.4276,0.279915,0.234607,0.228660,0.169822,0.080277,0.017733,0.004631
5.270513e-04,2.632522e-04,2.002,4.4666,0.282108,0.236652,0.231034,0.171864,0.081402,0.018027,0.004711
5.317000e-04,2.609505e-04,2.038,4.5060,0.284311,0.238711,0.233428,0.173925,0.082541,0.018325,0.004793
5.363897e-04,2.586690e-04,2.074,4.5458,0.286525,0.240783,0.235843,0.176005,0.083692,0.018628,0.004877
5.411209e-04,2.564074e-04,2.110,4.5859,0.288749,0.242868,0.238278,0.178105,0.084856,0.018936,0.004961
5.458937e-04,2.541656e-04,2.148,4.6263,0.290984,0.244968,0.240734,0.180224,0.086033,0.019249,0.005048
5.507086e-04,2.519434e-04,2.186,4.6671,0.293229,0.247081,0.243210,0.182362,0.087224,0.019566,0.005135
5.555660e-04,2.497406e-04,2.225,4.7083,0.295485,0.249208,0.245707,0.184520,0.088428,0.019888,0.005224
5.604663e-04,2.475571e-04,2.264,4.7498,0.297751,0.251348,0.248225,0.186698,0.089645,0.020216,0.005315
5.654098e-04,2.453926e-04,2.304,4.7917,0.300028,0.253503,0.250764,0.188896,0.090875,0.020548,0.005407
5.703968e-04,2.432471e-04,2.345,4.8340,0.302315,0.255672,0.253325,0.191113,0.092119,0.020885,0.005501
5.754279e-04,2.411204e-04,2.386,4.8766,0.304613,0.257856,0.255907,0.193350,0.093377,0.021228,0.005596
5.805034e-04,2.390122e-04,2.429,4.9196,0.306921,0.260053,0.258510,0.195607,0.094648,0.021575,0.005693
5.856236e-04,2.369225e-04,2.472,4.9630,0.309240,0.262265,0.261135,0.197884,0.095933,0.021928,0.005792
5.907889e-04,2.348510e-04,2.516,5.0068,0.311569,0.264491,0.263782,0.200181,0.097232,0.022286,0.005892
5.959999e-04,2.327977e-04,2.560,5.0510,0.313908,0.266732,0.266450,0.202499,0.098545,0.022650,0.005994
6.012567e-04,2.307623e-04,2.606,5.0955,0.316258,0.268988,0.269141,0.204836,0.099871,0.023019,0.006098
6.065600e-04,2.287447e-04,2.652,5.1405,0.318619,0.271258,0.271854,0.207194,0.101212,0.023394,0.006204
6.119100e-04,2.267448e-04,2.699,5.1858,0.320990,0.273543,0.274589,0.209573,0.102566,0.023774,0.006311
6.173073e-04,2.247623e-04,2.746,5.2315,0.323372,0.275843,0.277346,0.211972,0.103935,0.024160,0.006420
6.227521e-04,2.227972e-04,2.795,5.2777,0.325764,0.278158,0.280127,0.214391,0.105317,0.024552,0.006531
6.282449e-04,2.208492e-04,2.845,5.3242,0.328166,0.280488,0.282930,0.216831,0.106714,0.024950,0.006644
6.337862e-04,2.189183e-04,2.895,5.3712,0.330580,0.282833,0.285755,0.219291,0.108125,0.025353,0.006758
6.393764e-04,2.170042e-04,2.946,5.4186,0.333003,0.285194,0.288604,0.221773,0.109551,0.025762,0.006875
6.450159e-04,2.151069e-04,2.999,5.4664,0.335437,0.287570,0.291476,0.224275,0.110990,0.026178,0.006994
6.507051e-04,2.132262e-04,3.052,5.5146,0.337882,0.289962,0.294371,0.226797,0.112445,0.026599,0.007114
6.564445e-04,2.113620e-04,3.106,5.5632,0.340337,0.292369,0.297290,0.229341,0.113913,0.027027,0.007237
6.622346e-04,2.095140e-04,3.161,5.6123,0.342803,0.294791,0.300232,0.231906,0.115396,0.027461,0.007361
6.680757e-04,2.076822e-04,3.217,5.6618,0.345279,0.297230,0.303198,0.234491,0.116894,0.027901,0.007488
6.739683e-04,2.058664e-04,3.274,5.7117,0.347766,0.299685,0.306188,0.237098,0.118406,0.028348,0.007617
6.799129e-04,2.040664e-04,3.332,5.7621,0.350264,0.302155,0.309202,0.239725,0.119933,0.028801,0.007748
6.859099e-04,2.022823e-04,3.391,5.8129,0.352771,0.304642,0.312239,0.242374,0.121474,0.029261,0.007881
6.919598e-04,2.005137e-04,3.451,5.8642,0.355290,0.307145,0.315301,0.245044,0.123030,0.029727,0.008016
6.980631e-04,1.987605e-04,3.512,5.9159,0.357819,0.309664,0.318388,0.247735,0.124601,0.030200,0.008154
7.042202e-04,1.970227e-04,3.574,5.9681,0.360358,0.312200,0.321499,0.250447,0.126187,0.030680,0.008294
7.104317e-04,1.953001e-04,3.638,6.0207,0.362908,0.314752,0.324634,0.253181,0.127787,0.031166,0.008436
7.166979e-04,1.935926e-04,3.702,6.0739,0.365469,0.317321,0.327794,0.255936,0.129402,0.031660,0.008581
7.230194e-04,1.919000e-04,3.768,6.1274,0.368040,0.319907,0.330980,0.258712,0.131032,0.032160,0.008728
7.293966e-04,1.902222e-04,3.834,6.1815,0.370622,0.322509,0.334190,0.261509,0.132676,0.032668,0.008877
7.358301e-04,1.885590e-04,3.902,6.2360,0.373214,0.325129,0.337425,0.264328,0.134336,0.033182,0.009029
7.423203e-04,1.869104e-04,3.972,6.2910,0.375817,0.327766,0.340686,0.267168,0.136010,0.033704,0.009184
7.488678e-04,1.852762e-04,4.042,6.3465,0.378430,0.330420,0.343972,0.270029,0.137699,0.034233,0.009341
7.554730e-04,1.836563e-04,4.114,6.4025,0.381054,0.333091,0.347284,0.272912,0.139403,0.034769,0.009500
7.621365e-04,1.820506e-04,4.186,6.4589,0.383688,0.335780,0.350621,0.275817,0.141122,0.035313,0.009662
7.688588e-04,1.804589e-04,4.261,6.5159,0.386333,0.338487,0.353985,0.278742,0.142856,0.035865,0.009827
7.756403e-04,1.788811e-04,4.336,6.5734,0.388989,0.341211,0.357374,0.281690,0.144604,0.036423,0.009995
7.824817e-04,1.773171e-04,4.413,6.6314,0.391655,0.343953,0.360789,0.284658,0.146368,0.036990,0.010165
7.893834e-04,1.757668e-04,4.491,6.6898,0.394332,0.346714,0.364231,0.287648,0.148146,0.037564,0.010338
7.963460e-04,1.742300e-04,4.571,6.7489,0.397019,0.349492,0.367699,0.290660,0.149939,0.038146,0.010514
8.033700e-04,1.727067e-04,4.652,6.8084,0.399717,0.352288,0.371193,0.293693,0.151747,0.038736,0.010693
8.104560e-04,1.711967e-04,4.734,6.8684,0.402425,0.355103,0.374714,0.296747,0.153569,0.039334,0.010875
8.176044e-04,1.696999e-04,4.818,6.9290,0.405144,0.357937,0.378262,0.299823,0.155407,0.039939,0.011059
8.248159e-04,1.682162e-04,4.903,6.9901,0.407873,0.360789,0.381836,0.302920,0.157259,0.040553,0.011247
8.320910e-04,1.667455e-04,4.990,7.0518,0.410614,0.363659,0.385438,0.306039,0.159126,0.041175,0.011438
8.394303e-04,1.652876e-04,5.079,7.1140,0.413364,0.366549,0.389067,0.309179,0.161008,0.041805,0.011632
8.468343e-04,1.638424e-04,5.169,7.1767,0.416125,0.369458,0.392723,0.312340,0.162904,0.042444,0.011829
8.543037e-04,1.624099e-04,5.260,7.2400,0.418897,0.372386,0.396406,0.315523,0.164815,0.043091,0.012029
8.618389e-04,1.609900e-04,5.353,7.3039,0.421679,0.375333,0.400117,0.318727,0.166740,0.043746,0.012232
8.694405e-04,1.595824e-04,5.448,7.3683,0.424472,0.378300,0.403855,0.321952,0.168681,0.044410,0.012439
8.771092e-04,1.581871e-04,5.545,7.4333,0.427276,0.381286,0.407621,0.325198,0.170635,0.045082,0.012649
8.848456e-04,1.568041e-04,5.643,7.4989,0.430090,0.384292,0.411415,0.328466,0.172604,0.045763,0.012862
8.926502e-04,1.554331e-04,5.743,7.5650,0.432915,0.387318,0.415236,0.331754,0.174588,0.046452,0.013079
9.005236e-04,1.540741e-04,5.845,7.6317,0.435750,0.390363,0.419086,0.335064,0.176585,0.047151,0.013299
9.084665e-04,1.527270e-04,5.948,7.6990,0.438596,0.393429,0.422964,0.338395,0.178597,0.047858,0.013523
9.164794e-04,1.513917e-04,6.054,7.7670,0.441452,0.396516,0.426870,0.341747,0.180624,0.048574,0.013750
9.245631e-04,1.500681e-04,6.161,7.8355,0.444319,0.399622,0.430805,0.345120,0.182664,0.049299,0.013981
9.327180e-04,1.487560e-04,6.270,7.9046,0.447197,0.402750,0.434768,0.348514,0.184718,0.050033,0.014216
9.409448e-04,1.474554e-04,6.381,7.9743,0.450085,0.405898,0.438760,0.351928,0.186787,0.050776,0.014454
9.492442e-04,1.461662e-04,6.494,8.0446,0.452983,0.409067,0.442780,0.355363,0.188869,0.051528,0.014696
9.576168e-04,1.448882e-04,6.609,8.1156,0.455893,0.412256,0.446830,0.358819,0.190966,0.052289,0.014942
9.660633e-04,1.436214e-04,6.726,8.1872,0.458812,0.415468,0.450908,0.362296,0.193075,0.053060,0.015192
9.745842e-04,1.423657e-04,6.846,8.2594,0.461743,0.418700,0.455015,0.365793,0.195199,0.053840,0.015445
9.831803e-04,1.411210e-04,6.967,8.3322,0.464684,0.421954,0.459151,0.369311,0.197336,0.054629,0.015703
9.918523e-04,1.398872e-04,7.090,8.4057,0.467635,0.425229,0.463317,0.372849,0.199487,0.055428,0.015965
1.000601e-03,1.386641e-04,7.216,8.4799,0.470598,0.428527,0.467511,0.376407,0.201651,0.056236,0.016231
1.009426e-03,1.374517e-04,7.344,8.5547,0.473570,0.431846,0.471736,0.379986,0.203828,0.057054,0.016501
1.018330e-03,1.362500e-04,7.474,8.6301,0.476554,0.435188,0.475989,0.383585,0.206019,0.057881,0.016775
1.027312e-03,1.350587e-04,7.606,8.7062,0.479548,0.438563,0.480273,0.387203,0.208222,0.058718,0.017053
1.036373e-03,1.338779e-04,7.741,8.7830,0.482552,0.441949,0.484586,0.390842,0.210439,0.059564,0.017336
1.045514e-03,1.327074e-04,7.878,8.8605,0.485567,0.445358,0.488928,0.394501,0.212668,0.060421,0.017623
1.054736e-03,1.315471e-04,8.018,8.9386,0.488593,0.448789,0.493301,0.398179,0.214910,0.061287,0.017915
1.064039e-03,1.303969e-04,8.160,9.0175,0.491629,0.452244,0.497703,0.401877,0.217165,0.062163,0.018211
1.073424e-03,1.292569e-04,8.305,9.0970,0.494676,0.455721,0.502136,0.405594,0.219432,0.063048,0.018511
1.082892e-03,1.281267e-04,8.452,9.1773,0.497733,0.459222,0.506598,0.409331,0.221711,0.063944,0.018816
1.092443e-03,1.270065e-04,8.601,9.2582,0.500801,0.462746,0.511091,0.413087,0.224003,0.064849,0.019126
1.102079e-03,1.258961e-04,8.754,9.3399,0.503880,0.466294,0.515614,0.416862,0.226306,0.065765,0.019441
1.111800e-03,1.247953e-04,8.909,9.4223,0.506969,0.469866,0.520167,0.420656,0.228622,0.066690,0.019760
1.121606e-03,1.237042e-04,9.067,9.5054,0.510068,0.473461,0.524751,0.424469,0.230949,0.067626,0.020084
1.131499e-03,1.226227e-04,9.227,9.5892,0.513179,0.477080,0.529365,0.428301,0.233288,0.068571,0.020413
1.141479e-03,1.215506e-04,9.391,9.6738,0.516299,0.480724,0.534010,0.432152,0.235638,0.069527,0.020747
1.151547e-03,1.204878e-04,9.557,9.7591,0.519431,0.484392,0.538685,0.436021,0.238000,0.070493,0.021086
1.161704e-03,1.194344e-04,9.727,9.8452,0.522573,0.488084,0.543391,0.439908,0.240372,0.071469,0.021431
1.171951e-03,1.183901e-04,9.899,9.9320,0.525725,0.491802,0.548128,0.443813,0.242756,0.072455,0.021780
1.182288e-03,1.173550e-04,10.074,10.0196,0.528888,0.495544,0.552895,0.447737,0.245151,0.073451,0.022134
1.192716e-03,1.163290e-04,10.253,10.1080,0.532062,0.499311,0.557694,0.451678,0.247556,0.074458,0.022494
1.203236e-03,1.153119e-04,10.435,10.1972,0.535246,0.503104,0.562523,0.455638,0.249971,0.075474,0.022859
1.213849e-03,1.143037e-04,10.620,10.2871,0.538441,0.506922,0.567383,0.459614,0.252397,0.076501,0.023230
1.224555e-03,1.133043e-04,10.808,10.3778,0.541646,0.510765,0.572274,0.463609,0.254833,0.077538,0.023606
1.235356e-03,1.123137e-04,10.999,10.4694,0.544862,0.514634,0.577196,0.467620,0.257279,0.078586,0.023987
1.246252e-03,1.113317e-04,11.194,10.5617,0.548088,0.518529,0.582149,0.471648,0.259735,0.079644,0.024375
1.257245e-03,1.103583e-04,11.392,10.6549,0.551325,0.522451,0.587133,0.475694,0.262201,0.080712,0.024767
1.268334e-03,1.093934e-04,11.594,10.7488,0.554573,0.526398,0.592149,0.479756,0.264675,0.081790,0.025166
1.279521e-03,1.084370e-04,11.800,10.8437,0.557831,0.530372,0.597195,0.483835,0.267159,0.082878,0.025570
1.290807e-03,1.074889e-04,12.009,10.9393,0.561100,0.534372,0.602273,0.487930,0.269652,0.083977,0.025980
1.302192e-03,1.065491e-04,12.222,11.0358,0.564379,0.538400,0.607382,0.492041,0.272154,0.085086,0.026396
1.313678e-03,1.056175e-04,12.438,11.1331,0.567668,0.542454,0.612523,0.496168,0.274665,0.086205,0.026818
1.325265e-03,1.046941e-04,12.658,11.2313,0.570969,0.546536,0.617694,0.500311,0.277184,0.087335,0.027246
1.336954e-03,1.037787e-04,12.883,11.3304,0.574279,0.550644,0.622897,0.504470,0.279711,0.088475,0.027680
1.348746e-03,1.028714e-04,13.111,11.4303,0.577601,0.554781,0.628132,0.508644,0.282246,0.089625,0.028120
1.360643e-03,1.019720e-04,13.343,11.5311,0.580932,0.558945,0.633398,0.512833,0.284789,0.090785,0.028567
1.372644e-03,1.010804e-04,13.580,11.6328,0.584275,0.563136,0.638695,0.517038,0.287339,0.091955,0.029019
1.384751e-03,1.001966e-04,13.820,11.7355,0.587628,0.567356,0.644023,0.521257,0.289897,0.093136,0.029479
1.396965e-03,9.932061e-05,14.065,11.8390,0.590991,0.571604,0.649383,0.525491,0.292463,0.094326,0.029944
1.409287e-03,9.845223e-05,14.314,11.9434,0.594365,0.575881,0.654775,0.529739,0.295035,0.095527,0.030416
1.421717e-03,9.759144e-05,14.568,12.0487,0.597749,0.580185,0.660198,0.534001,0.297614,0.096738,0.030895
1.434257e-03,9.673819e-05,14.826,12.1550,0.601144,0.584519,0.665652,0.538277,0.300200,0.097958,0.031380
1.446907e-03,9.589239e-05,15.089,12.2622,0.604550,0.588882,0.671138,0.542567,0.302792,0.099189,0.031872
1.459669e-03,9.505398e-05,15.356,12.3704,0.607965,0.593273,0.676655,0.546871,0.305390,0.100430,0.032370
1.472544e-03,9.422291e-05,15.628,12.4795,0.611392,0.597694,0.682204,0.551188,0.307994,0.101681,0.032875
1.485532e-03,9.339910e-05,15.905,12.5896,0.614829,0.602145,0.687784,0.555518,0.310604,0.102941,0.033388
1.498635e-03,9.258250e-05,16.187,12.7006,0.618276,0.606625,0.693395,0.559861,0.313220,0.104211,0.033907
1.511854e-03,9.177303e-05,16.474,12.8126,0.621734,0.611134,0.699038,0.564216,0.315840,0.105492,0.034433
1.525189e-03,9.097065e-05,16.766,12.9256,0.625202,0.615674,0.704713,0.568584,0.318466,0.106781,0.034966
1.538641e-03,9.017528e-05,17.063,13.0396,0.628681,0.620244,0.710418,0.572964,0.321097,0.108081,0.035506
1.552213e-03,8.938686e-05,17.365,13.1547,0.632171,0.624844,0.716155,0.577356,0.323732,0.109390,0.036054
1.565903e-03,8.860533e-05,17.673,13.2707,0.635670,0.629475,0.721924,0.581760,0.326372,0.110708,0.036608
1.579715e-03,8.783064e-05,17.986,13.3877,0.639181,0.634136,0.727723,0.586175,0.329017,0.112036,0.037170
1.593649e-03,8.706272e-05,18.305,13.5058,0.642701,0.638828,0.733554,0.590601,0.331665,0.113374,0.037740
1.607705e-03,8.630152e-05,18.629,13.6249,0.646232,0.643551,0.739417,0.595038,0.334317,0.114720,0.038316
1.621886e-03,8.554697e-05,18.959,13.7451,0.649774,0.648305,0.745310,0.599486,0.336973,0.116076,0.038900
1.636191e-03,8.479902e-05,19.295,13.8664,0.653326,0.653091,0.751235,0.603945,0.339632,0.117442,0.039492
1.650623e-03,8.405761e-05,19.637,13.9887,0.656889,0.657908,0.757190,0.608414,0.342294,0.118816,0.040091
1.665182e-03,8.332268e-05,19.985,14.1120,0.660461,0.662757,0.763177,0.612892,0.344959,0.120199,0.040698
1.679869e-03,8.259417e-05,20.339,14.2365,0.664045,0.667637,0.769195,0.617381,0.347628,0.121591,0.041313
1.694686e-03,8.187204e-05,20.699,14.3621,0.667639,0.672550,0.775244,0.621878,0.350299,0.122993,0.041935
1.709634e-03,8.115622e-05,21.066,14.4888,0.671243,0.677495,0.781324,0.626385,0.352972,0.124402,0.042565
1.724713e-03,8.044665e-05,21.439,14.6166,0.674857,0.682472,0.787435,0.630901,0.355647,0.125821,0.043203
1.739926e-03,7.974329e-05,21.819,14.7455,0.678482,0.687482,0.793577,0.635426,0.358325,0.127248,0.043849
1.755272e-03,7.904608e-05,22.206,14.8755,0.682118,0.692524,0.799749,0.639959,0.361004,0.128684,0.044502
1.770754e-03,7.835497e-05,22.599,15.0067,0.685764,0.697600,0.805952,0.644501,0.363685,0.130128,0.045164
1.786373e-03,7.766990e-05,23.000,15.1391,0.689420,0.702708,0.812186,0.649050,0.366368,0.131580,0.045834
1.802129e-03,7.699082e-05,23.407,15.2726,0.693086,0.707849,0.818451,0.653607,0.369051,0.133041,0.046512
1.818024e-03,7.631768e-05,23.822,15.4073,0.696763,0.713024,0.824746,0.658171,0.371736,0.134510,0.047198
1.834060e-03,7.565042e-05,24.244,15.5432,0.700451,0.718233,0.831072,0.662742,0.374422,0.135986,0.047892
1.850237e-03,7.498899e-05,24.673,15.6803,0.704148,0.723475,0.837428,0.667321,0.377108,0.137471,0.048594
1.866557e-03,7.433335e-05,25.111,15.8186,0.707857,0.728750,0.843814,0.671906,0.379796,0.138963,0.049305
1.883020e-03,7.368344e-05,25.556,15.9582,0.711575,0.734060,0.850230,0.676497,0.382483,0.140464,0.050024
1.899629e-03,7.303921e-05,26.008,16.0989,0.715304,0.739404,0.856677,0.681094,0.385171,0.141971,0.050751
1.916384e-03,7.240062e-05,26.469,16.2409,0.719043,0.744782,0.863154,0.685697,0.387859,0.143487,0.051486
1.933287e-03,7.176761e-05,26.938,16.3842,0.722792,0.750195,0.869661,0.690306,0.390547,0.145009,0.052230
1.950339e-03,7.114013e-05,27.415,16.5287,0.726552,0.755642,0.876198,0.694920,0.393235,0.146539,0.052983
1.967542e-03,7.051814e-05,27.901,16.6745,0.730322,0.761124,0.882764,0.699539,0.395922,0.148076,0.053744
1.984896e-03,6.990159e-05,28.396,16.8215,0.734103,0.766641,0.889361,0.704163,0.398609,0.149620,0.054513
2.002404e-03,6.929043e-05,28.899,16.9699,0.737893,0.772193,0.895987,0.708791,0.401295,0.151171,0.055291
2.020065e-03,6.868461e-05,29.411,17.1196,0.741694,0.777780,0.902643,0.713423,0.403981,0.152729,0.056078
2.037883e-03,6.808409e-05,29.932,17.2706,0.745506,0.783402,0.909328,0.718060,0.406666,0.154294,0.056873
2.055858e-03,6.748882e-05,30.462,17.4229,0.749327,0.789060,0.916042,0.722700,0.409350,0.155865,0.057677
2.073991e-03,6.689875e-05,31.002,17.5766,0.753159,0.794754,0.922786,0.727343,0.412033,0.157443,0.058489
2.092284e-03,6.631385e-05,31.551,17.7316,0.757001,0.800483,0.929559,0.731990,0.414714,0.159027,0.059310
2.110739e-03,6.573405e-05,32.110,17.8880,0.760854,0.806248,0.936361,0.736639,0.417395,0.160618,0.060140
2.129356e-03,6.515933e-05,32.679,18.0458,0.764716,0.812049,0.943192,0.741292,0.420074,0.162214,0.060979
2.148137e-03,6.458963e-05,33.258,18.2050,0.768589,0.817886,0.950052,0.745946,0.422751,0.163817,0.061826
2.167085e-03,6.402491e-05,33.848,18.3656,0.772472,0.823760,0.956940,0.750603,0.425427,0.165425,0.062682
2.186199e-03,6.346513e-05,34.447,18.5275,0.776366,0.829670,0.963857,0.755261,0.428101,0.167040,0.063546
2.205482e-03,6.291024e-05,35.058,18.6910,0.780269,0.835616,0.970803,0.759921,0.430774,0.168660,0.064420
2.224935e-03,6.236021e-05,35.679,18.8558,0.784183,0.841600,0.977777,0.764582,0.433445,0.170286,0.065302
2.244559e-03,6.181498e-05,36.311,19.0221,0.788107,0.847620,0.984779,0.769245,0.436114,0.171917,0.066193
2.264357e-03,6.127452e-05,36.954,19.1899,0.792041,0.853676,0.991809,0.773908,0.438782,0.173554,0.067093
2.284329e-03,6.073879e-05,37.609,19.3592,0.795986,0.859770,0.998868,0.778571,0.441447,0.175196,0.068001
2.304478e-03,6.020774e-05,38.275,19.5299,0.799940,0.865901,1.005954,0.783235,0.444110,0.176844,0.068919
2.324804e-03,5.968133e-05,38.954,19.7022,0.803905,0.872070,1.013068,0.787899,0.446772,0.178496,0.069845
2.345309e-03,5.915953e-05,39.644,19.8760,0.807880,0.878275,1.020210,0.792563,0.449432,0.180154,0.070780
2.365996e-03,5.864229e-05,40.346,20.0513,0.811865,0.884518,1.027379,0.797226,0.452089,0.181816,0.071723
2.386864e-03,5.812957e-05,41.061,20.2281,0.815861,0.890799,1.034575,0.801889,0.454745,0.183483,0.072676
2.407917e-03,5.762133e-05,41.789,20.4066,0.819866,0.897118,1.041799,0.806550,0.457398,0.185155,0.073637
2.429156e-03,5.711754e-05,42.529,20.5865,0.823881,0.903474,1.049050,0.811211,0.460050,0.186832,0.074607
2.450582e-03,5.661815e-05,43.283,20.7681,0.827907,0.909868,1.056328,0.815869,0.462699,0.188513,0.075585
2.472196e-03,5.612313e-05,44.050,20.9513,0.831943,0.916300,1.063632,0.820527,0.465347,0.190199,0.076573
2.494002e-03,5.563243e-05,44.830,21.1361,0.835989,0.922771,1.070963,0.825182,0.467992,0.191889,0.077569
2.516000e-03,5.514603e-05,45.624,21.3225,0.840045,0.929279,1.078321,0.829835,0.470636,0.193584,0.078573
2.538192e-03,5.466388e-05,46.433,21.5106,0.844111,0.935826,1.085705,0.834486,0.473278,0.195283,0.079587
2.560579e-03,5.418594e-05,47.255,21.7003,0.848187,0.942411,1.093115,0.839134,0.475918,0.196986,0.080609
2.583164e-03,5.371219e-05,48.093,21.8917,0.852273,0.949035,1.100552,0.843779,0.478556,0.198693,0.081639
2.605949e-03,5.324257e-05,48.945,22.0848,0.856369,0.955697,1.108014,0.848421,0.481192,0.200404,0.082678
2.628934e-03,5.277706e-05,49.812,22.2796,0.860476,0.962398,1.115502,0.853059,0.483827,0.202119,0.083726
2.652122e-03,5.231562e-05,50.695,22.4761,0.864592,0.969137,1.123016,0.857695,0.486460,0.203838,0.084782
2.675514e-03,5.185822e-05,51.593,22.6744,0.868719,0.975916,1.130555,0.862326,0.489091,0.205561,0.085847
2.699113e-03,5.140481e-05,52.507,22.8744,0.872855,0.982733,1.138120,0.866953,0.491721,0.207288,0.086920
2.722920e-03,5.095537e-05,53.437,23.0761,0.877001,0.989589,1.145709,0.871577,0.494350,0.209018,0.088001
2.746937e-03,5.050986e-05,54.384,23.2797,0.881158,0.996484,1.153324,0.876195,0.496978,0.210752,0.089091
2.771166e-03,5.006825e-05,55.348,23.4850,0.885324,1.003419,1.160963,0.880809,0.499604,0.212490,0.090189
2.795608e-03,4.963049e-05,56.328,23.6921,0.889501,1.010392,1.168627,0.885419,0.502229,0.214231,0.091295
2.820266e-03,4.919656e-05,57.326,23.9011,0.893687,1.017405,1.176316,0.890023,0.504854,0.215976,0.092410
2.845142e-03,4.876643e-05,58.342,24.1119,0.897883,1.024457,1.184029,0.894622,0.507477,0.217725,0.093533
2.870237e-03,4.834005e-05,59.376,24.3246,0.902090,1.031548,1.191766,0.899216,0.510100,0.219477,0.094664
2.895553e-03,4.791741e-05,60.428,24.5392,0.906306,1.038679,1.199527,0.903804,0.512722,0.221232,0.095803
2.921093e-03,4.749846e-05,61.499,24.7556,0.910532,1.045849,1.207312,0.908386,0.515344,0.222991,0.096949
2.946858e-03,4.708317e-05,62.588,24.9740,0.914768,1.053058,1.215120,0.912963,0.517965,0.224753,0.098104
2.972850e-03,4.667152e-05,63.697,25.1942,0.919014,1.060307,1.222952,0.917533,0.520586,0.226518,0.099267
2.999071e-03,4.626346e-05,64.826,25.4165,0.923270,1.067596,1.230808,0.922097,0.523207,0.228287,0.100438
3.025524e-03,4.585897e-05,65.975,25.6406,0.927536,1.074924,1.238686,0.926654,0.525828,0.230059,0.101616
3.052210e-03,4.545802e-05,67.143,25.8668,0.931812,1.082292,1.246588,0.931205,0.528450,0.231834,0.102802
3.079131e-03,4.506057e-05,68.333,26.0949,0.936097,1.089700,1.254512,0.935748,0.531072,0.233612,0.103996
3.106290e-03,4.466660e-05,69.544,26.3251,0.940392,1.097147,1.262459,0.940285,0.533694,0.235393,0.105197
3.133688e-03,4.427607e-05,70.776,26.5573,0.944698,1.104634,1.270428,0.944815,0.536317,0.237178,0.106406
3.161328e-03,4.388896e-05,72.030,26.7915,0.949013,1.112161,1.278419,0.949337,0.538942,0.238966,0.107622
3.189212e-03,4.350523e-05,73.306,27.0279,0.953338,1.119728,1.286433,0.953852,0.541567,0.240756,0.108846
3.217342e-03,4.312485e-05,74.605,27.2662,0.957673,1.127334,1.294468,0.958360,0.544193,0.242550,0.110077
3.245720e-03,4.274781e-05,75.927,27.5067,0.962017,1.134981,1.302525,0.962859,0.546821,0.244346,0.111315
3.274348e-03,4.237405e-05,77.272,27.7494,0.966371,1.142667,1.310604,0.967351,0.549450,0.246146,0.112561
3.303229e-03,4.200357e-05,78.642,27.9941,0.970736,1.150393,1.318704,0.971835,0.552081,0.247948,0.113813
3.332364e-03,4.163633e-05,80.035,28.2410,0.975110,1.158159,1.326825,0.976310,0.554713,0.249754,0.115073
3.361756e-03,4.127229e-05,81.453,28.4901,0.979493,1.165965,1.334967,0.980778,0.557348,0.251562,0.116340
3.391408e-03,4.091144e-05,82.896,28.7414,0.983887,1.173811,1.343129,0.985237,0.559985,0.253372,0.117613
3.421321e-03,4.055375e-05,84.365,28.9949,0.988290,1.181697,1.351312,0.989688,0.562624,0.255186,0.118893
3.451498e-03,4.019918e-05,85.860,29.2507,0.992703,1.189622,1.359516,0.994130,0.565266,0.257001,0.120180
3.481942e-03,3.984771e-05,87.381,29.5087,0.997125,1.197588,1.367740,0.998563,0.567911,0.258820,0.121474
3.512653e-03,3.949932e-05,88.929,29.7689,1.001558,1.205593,1.375984,1.002988,0.570558,0.260641,0.122774
3.543636e-03,3.915397e-05,90.505,30.0315,1.006000,1.213639,1.384247,1.007404,0.573208,0.262464,0.124080
3.574892e-03,3.881164e-05,92.109,30.2964,1.010451,1.221724,1.392530,1.011810,0.575862,0.264290,0.125393
3.606423e-03,3.847230e-05,93.741,30.5636,1.014913,1.229849,1.400833,1.016208,0.578518,0.266117,0.126713
3.638233e-03,3.813593e-05,95.402,30.8332,1.019384,1.238014,1.409155,1.020597,0.581178,0.267947,0.128038
3.670323e-03,3.780250e-05,97.092,31.1052,1.023865,1.246219,1.417495,1.024977,0.583842,0.269779,0.129370
3.702697e-03,3.747199e-05,98.812,31.3795,1.028355,1.254463,1.425855,1.029347,0.586509,0.271612,0.130708
3.735356e-03,3.714436e-05,100.563,31.6563,1.032855,1.262748,1.434233,1.033708,0.589180,0.273447,0.132052
3.768302e-03,3.681960e-05,102.345,31.9355,1.037365,1.271072,1.442629,1.038060,0.591855,0.275284,0.133402
3.801540e-03,3.649768e-05,104.158,32.2172,1.041884,1.279436,1.451044,1.042402,0.594534,0.277122,0.134757
3.835071e-03,3.617858e-05,106.004,32.5014,1.046413,1.287840,1.459476,1.046735,0.597218,0.278962,0.136118
3.868897e-03,3.586226e-05,107.882,32.7880,1.050951,1.296283,1.467927,1.051058,0.599905,0.280802,0.137485
3.903022e-03,3.554871e-05,109.794,33.0772,1.055499,1.304766,1.476395,1.055372,0.602597,0.282643,0.138858
3.937448e-03,3.523790e-05,111.739,33.3690,1.060057,1.313289,1.484880,1.059676,0.605293,0.284485,0.140236
3.972177e-03,3.492981e-05,113.719,33.6633,1.064624,1.321851,1.493382,1.063971,0.607993,0.286327,0.141619
4.007213e-03,3.462442e-05,115.734,33.9602,1.069200,1.330453,1.501901,1.068256,0.610698,0.288169,0.143008
4.042558e-03,3.432169e-05,117.784,34.2598,1.073787,1.339094,1.510438,1.072532,0.613408,0.290011,0.144402
4.078214e-03,3.402161e-05,119.871,34.5619,1.078382,1.347774,1.518990,1.076798,0.616122,0.291853,0.145801
4.114185e-03,3.372415e-05,121.995,34.8668,1.082987,1.356495,1.527559,1.081054,0.618840,0.293694,0.147205
4.150473e-03,3.342930e-05,124.157,35.1743,1.087602,1.365254,1.536144,1.085301,0.621564,0.295534,0.148614
4.187082e-03,3.313702e-05,126.357,35.4846,1.092226,1.374053,1.544745,1.089538,0.624292,0.297373,0.150028
4.224013e-03,3.284729e-05,128.595,35.7976,1.096860,1.382891,1.553361,1.093765,0.627024,0.299210,0.151447
4.261270e-03,3.256011e-05,130.874,36.1133,1.101503,1.391768,1.561993,1.097983,0.629761,0.301045,0.152870
4.298856e-03,3.227543e-05,133.193,36.4318,1.106156,1.400684,1.570640,1.102191,0.632503,0.302878,0.154297
4.336773e-03,3.199324e-05,135.553,36.7532,1.110817,1.409640,1.579302,1.106390,0.635249,0.304708,0.155730
4.375024e-03,3.171351e-05,137.955,37.0773,1.115489,1.418634,1.587979,1.110580,0.637999,0.306535,0.157166
4.413613e-03,3.143624e-05,140.399,37.4044,1.120170,1.427667,1.596670,1.114759,0.640754,0.308359,0.158607
4.452543e-03,3.116139e-05,142.887,37.7343,1.124860,1.436740,1.605376,1.118930,0.643512,0.310178,0.160052
4.491815e-03,3.088894e-05,145.418,38.0671,1.129560,1.445851,1.614096,1.123091,0.646275,0.311993,0.161501
4.531435e-03,3.061887e-05,147.995,38.4029,1.134269,1.455000,1.622830,1.127243,0.649042,0.313802,0.162953
4.571403e-03,3.035116e-05,150.617,38.7416,1.138987,1.464189,1.631577,1.131385,0.651812,0.315607,0.164410
4.611724e-03,3.008580e-05,153.286,39.0833,1.143715,1.473416,1.640338,1.135519,0.654586,0.317405,0.165870
4.652401e-03,2.982275e-05,156.002,39.4280,1.148452,1.482681,1.649112,1.139643,0.657363,0.319196,0.167334
4.693436e-03,2.956201e-05,158.766,39.7758,1.153198,1.491986,1.657899,1.143758,0.660144,0.320981,0.168801
4.734834e-03,2.930354e-05,161.579,40.1267,1.157954,1.501328,1.666699,1.147865,0.662927,0.322757,0.170271
4.776596e-03,2.904734e-05,164.442,40.4806,1.162719,1.510709,1.675512,1.151962,0.665713,0.324525,0.171745
4.818727e-03,2.879337e-05,167.355,40.8376,1.167493,1.520128,1.684336,1.156051,0.668501,0.326285,0.173221
4.861230e-03,2.854162e-05,170.321,41.1978,1.172277,1.529585,1.693173,1.160131,0.671291,0.328034,0.174700
4.904107e-03,2.829208e-05,173.339,41.5612,1.177069,1.539080,1.702022,1.164202,0.674083,0.329773,0.176182
4.947363e-03,2.804472e-05,176.410,41.9278,1.181872,1.548613,1.710882,1.168265,0.676876,0.331502,0.177666
4.991000e-03,2.779952e-05,179.535,42.2976,1.186683,1.558184,1.719753,1.172320,0.679671,0.333218,0.179153
5.035022e-03,2.755646e-05,182.717,42.6707,1.191504,1.567792,1.728636,1.176366,0.682465,0.334923,0.180641
5.079433e-03,2.731553e-05,185.954,43.0470,1.196333,1.577439,1.737530,1.180404,0.685260,0.336614,0.182132
5.124235e-03,2.707671e-05,189.249,43.4267,1.201172,1.587123,1.746434,1.184434,0.688055,0.338291,0.183625
5.169432e-03,2.683997e-05,192.602,43.8098,1.206021,1.596844,1.755349,1.188457,0.690849,0.339954,0.185119
5.215028e-03,2.660530e-05,196.015,44.1962,1.210878,1.606603,1.764274,1.192471,0.693642,0.341601,0.186614
5.261026e-03,2.637269e-05,199.488,44.5860,1.215745,1.616399,1.773209,1.196478,0.696432,0.343233,0.188110
5.307430e-03,2.614211e-05,203.022,44.9793,1.220621,1.626233,1.782153,1.200477,0.699221,0.344847,0.189608
5.354243e-03,2.591354e-05,206.619,45.3760,1.225505,1.636104,1.791107,1.204469,0.702007,0.346443,0.191106
5.401469e-03,2.568698e-05,210.280,45.7762,1.230400,1.646011,1.800071,1.208454,0.704789,0.348021,0.192605
5.449111e-03,2.546239e-05,214.006,46.1800,1.235303,1.655956,1.809043,1.212432,0.707568,0.349580,0.194103
5.497174e-03,2.523977e-05,217.798,46.5873,1.240215,1.665937,1.818024,1.216403,0.710341,0.351118,0.195602
5.545661e-03,2.501909e-05,221.657,46.9982,1.245137,1.675956,1.827014,1.220367,0.713110,0.352636,0.197101
5.594575e-03,2.480035e-05,225.585,47.4128,1.250067,1.686011,1.836012,1.224325,0.715872,0.354131,0.198599
5.643921e-03,2.458351e-05,229.582,47.8310,1.255007,1.696102,1.845017,1.228276,0.718628,0.355604,0.200096
5.693702e-03,2.436858e-05,233.649,48.2528,1.259956,1.706230,1.854031,1.232221,0.721376,0.357054,0.201591
5.743922e-03,2.415552e-05,237.789,48.6784,1.264914,1.716394,1.863052,1.236160,0.724116,0.358479,0.203086
5.794585e-03,2.394432e-05,242.002,49.1078,1.269880,1.726595,1.872081,1.240092,0.726847,0.359879,0.204578
5.845695e-03,2.373497e-05,246.290,49.5409,1.274856,1.736831,1.881117,1.244020,0.729568,0.361253,0.206068
5.897255e-03,2.352745e-05,250.654,49.9779,1.279841,1.747104,1.890159,1.247941,0.732278,0.362600,0.207556
5.949271e-03,2.332175e-05,255.095,50.4187,1.284835,1.757413,1.899208,1.251858,0.734977,0.363920,0.209041
6.001745e-03,2.311784e-05,259.615,50.8634,1.289838,1.767757,1.908263,1.255769,0.737664,0.365212,0.210523
6.054682e-03,2.291572e-05,264.215,51.3121,1.294850,1.778137,1.917325,1.259675,0.740337,0.366474,0.212002
6.108086e-03,2.271536e-05,268.897,51.7647,1.299871,1.788553,1.926392,1.263576,0.742996,0.367706,0.213476
6.161961e-03,2.251676e-05,273.661,52.2212,1.304901,1.799004,1.935464,1.267473,0.745640,0.368908,0.214946
6.216312e-03,2.231989e-05,278.510,52.6818,1.309940,1.809491,1.944542,1.271366,0.748268,0.370078,0.216411
6.271141e-03,2.212474e-05,283.445,53.1465,1.314988,1.820013,1.953625,1.275254,0.750879,0.371216,0.217872
6.326455e-03,2.193130e-05,288.467,53.6153,1.320045,1.830570,1.962713,1.279138,0.753471,0.372322,0.219326
6.382256e-03,2.173955e-05,293.578,54.0882,1.325111,1.841162,1.971806,1.283018,0.756045,0.373394,0.220775
6.438549e-03,2.154948e-05,298.780,54.5653,1.330186,1.851789,1.980903,1.286895,0.758598,0.374432,0.222217
6.495339e-03,2.136107e-05,304.074,55.0465,1.335269,1.862452,1.990003,1.290768,0.761130,0.375435,0.223653
6.552630e-03,2.117431e-05,309.461,55.5321,1.340362,1.873148,1.999108,1.294638,0.763639,0.376403,0.225081
6.610426e-03,2.098918e-05,314.944,56.0219,1.345463,1.883880,2.008216,1.298506,0.766125,0.377335,0.226501
6.668732e-03,2.080567e-05,320.525,56.5160,1.350574,1.894646,2.017328,1.302370,0.768586,0.378231,0.227913
6.727552e-03,2.062376e-05,326.204,57.0145,1.355693,1.905447,2.026442,1.306232,0.771021,0.379089,0.229317
6.786891e-03,2.044344e-05,331.984,57.5174,1.360821,1.916281,2.035560,1.310091,0.773429,0.379911,0.230711
6.846753e-03,2.026470e-05,337.866,58.0247,1.365958,1.927151,2.044680,1.313948,0.775809,0.380695,0.232096
6.907143e-03,2.008752e-05,343.852,58.5365,1.371104,1.938054,2.053802,1.317804,0.778160,0.381440,0.233470
6.968066e-03,1.991189e-05,349.945,59.0528,1.376259,1.948991,2.062926,1.321657,0.780480,0.382147,0.234834
7.029527e-03,1.973780e-05,356.145,59.5737,1.381422,1.959962,2.072052,1.325509,0.782768,0.382816,0.236187
7.091529e-03,1.956523e-05,362.456,60.0991,1.386594,1.970967,2.081180,1.329360,0.785023,0.383445,0.237529
7.154079e-03,1.939417e-05,368.878,60.6292,1.391776,1.982006,2.090309,1.333209,0.787243,0.384035,0.238858
7.217180e-03,1.922460e-05,375.414,61.1640,1.396966,1.993078,2.099438,1.337058,0.789428,0.384585,0.240175
7.280837e-03,1.905652e-05,382.065,61.7035,1.402164,2.004184,2.108569,1.340906,0.791576,0.385096,0.241479
7.345056e-03,1.888990e-05,388.835,62.2477,1.407372,2.015323,2.117700,1.344754,0.793686,0.385567,0.242769
7.409842e-03,1.872475e-05,395.725,62.7967,1.412588,2.026495,2.126832,1.348601,0.795756,0.385998,0.244046
7.475199e-03,1.856103e-05,402.736,63.3506,1.417813,2.037701,2.135963,1.352448,0.797785,0.386390,0.245308
7.541132e-03,1.839875e-05,409.872,63.9094,1.423047,2.048939,2.145095,1.356295,0.799773,0.386741,0.246555
7.607647e-03,1.823789e-05,417.134,64.4731,1.428290,2.060211,2.154226,1.360143,0.801716,0.387053,0.247787
7.674749e-03,1.807843e-05,424.525,65.0418,1.433541,2.071515,2.163356,1.363991,0.803615,0.387325,0.249004
7.742442e-03,1.792037e-05,432.047,65.6155,1.438801,2.082852,2.172485,1.367840,0.805468,0.387558,0.250204
7.810733e-03,1.776369e-05,439.702,66.1942,1.444070,2.094222,2.181613,1.371689,0.807273,0.387751,0.251387
7.879626e-03,1.760837e-05,447.493,66.7781,1.449348,2.105625,2.190740,1.375540,0.809030,0.387906,0.252554
7.949126e-03,1.745442e-05,455.422,67.3671,1.454634,2.117059,2.199864,1.379392,0.810736,0.388021,0.253704
8.019240e-03,1.730181e-05,463.491,67.9613,1.459929,2.128527,2.208987,1.383246,0.812392,0.388098,0.254835
8.089972e-03,1.715054e-05,471.704,68.5607,1.465232,2.140026,2.218108,1.387101,0.813994,0.388137,0.255949
8.161328e-03,1.700059e-05,480.061,69.1654,1.470545,2.151558,2.227226,1.390958,0.815542,0.388138,0.257044
8.233313e-03,1.685195e-05,488.567,69.7755,1.475866,2.163121,2.236342,1.394818,0.817035,0.388102,0.258121
8.305933e-03,1.670461e-05,497.224,70.3909,1.481196,2.174717,2.245454,1.398679,0.818472,0.388028,0.259178
8.379194e-03,1.655856e-05,506.034,71.0118,1.486534,2.186344,2.254564,1.402543,0.819850,0.387919,0.260216
8.453101e-03,1.641379e-05,515.000,71.6381,1.491881,2.198003,2.263670,1.406409,0.821170,0.387773,0.261235
8.527660e-03,1.627028e-05,524.125,72.2700,1.497237,2.209694,2.272772,1.410278,0.822429,0.387591,0.262233
8.602876e-03,1.612803e-05,533.412,72.9074,1.502601,2.221416,2.281870,1.414150,0.823626,0.387375,0.263212
8.678756e-03,1.598702e-05,542.863,73.5505,1.507974,2.233170,2.290965,1.418025,0.824760,0.387124,0.264170
8.755305e-03,1.584724e-05,552.481,74.1992,1.513356,2.244956,2.300055,1.421903,0.825830,0.386839,0.265108
8.832529e-03,1.570868e-05,562.271,74.8537,1.518746,2.256772,2.309140,1.425785,0.826835,0.386521,0.266025
8.910435e-03,1.557134e-05,572.233,75.5139,1.524145,2.268620,2.318221,1.429670,0.827773,0.386171,0.266921
8.989027e-03,1.543520e-05,582.372,76.1800,1.529553,2.280498,2.327296,1.433559,0.828644,0.385788,0.267796
9.068313e-03,1.530024e-05,592.691,76.8519,1.534969,2.292408,2.336367,1.437451,0.829446,0.385373,0.268650
9.148298e-03,1.516647e-05,603.192,77.5298,1.540394,2.304349,2.345431,1.441347,0.830178,0.384928,0.269482
9.228989e-03,1.503387e-05,613.880,78.2136,1.545827,2.316320,2.354490,1.445247,0.830839,0.384452,0.270293
9.310391e-03,1.490242e-05,624.757,78.9035,1.551269,2.328322,2.363543,1.449151,0.831427,0.383947,0.271083
9.392512e-03,1.477213e-05,635.827,79.5994,1.556720,2.340355,2.372590,1.453060,0.831943,0.383412,0.271851
9.475356e-03,1.464297e-05,647.092,80.3015,1.562179,2.352418,2.381630,1.456973,0.832385,0.382849,0.272597
9.558932e-03,1.451495e-05,658.558,81.0098,1.567647,2.364512,2.390664,1.460890,0.832752,0.382258,0.273322
9.643244e-03,1.438804e-05,670.226,81.7243,1.573124,2.376636,2.399691,1.464812,0.833042,0.381639,0.274025
9.728300e-03,1.426224e-05,682.102,82.4452,1.578609,2.388790,2.408711,1.468738,0.833256,0.380993,0.274706
9.814107e-03,1.413755e-05,694.187,83.1723,1.584102,2.400975,2.417723,1.472669,0.833393,0.380320,0.275365
9.900670e-03,1.401394e-05,706.487,83.9059,1.589604,2.413189,2.426728,1.476604,0.833450,0.379621,0.276002
9.987997e-03,1.389141e-05,719.005,84.6460,1.595115,2.425434,2.435726,1.480544,0.833428,0.378896,0.276617
1.007609e-02,1.376996e-05,731.745,85.3926,1.600635,2.437708,2.444715,1.484490,0.833327,0.378146,0.277210
1.016497e-02,1.364957e-05,744.710,86.1458,1.606162,2.450012,2.453696,1.488439,0.833144,0.377371,0.277780
1.025463e-02,1.353023e-05,757.905,86.9056,1.611699,2.462346,2.462669,1.492394,0.832880,0.376571,0.278329
1.034507e-02,1.341193e-05,771.334,87.6722,1.617244,2.474710,2.471634,1.496354,0.832534,0.375746,0.278855
1.043632e-02,1.329467e-05,785.001,88.4455,1.622798,2.487103,2.480589,1.500319,0.832106,0.374897,0.279359
1.052837e-02,1.317843e-05,798.910,89.2256,1.628360,2.499526,2.489536,1.504288,0.831594,0.374024,0.279840
1.062124e-02,1.306321e-05,813.065,90.0126,1.633931,2.511978,2.498474,1.508263,0.830998,0.373127,0.280298
1.071492e-02,1.294899e-05,827.471,90.8065,1.639510,2.524460,2.507402,1.512242,0.830319,0.372205,0.280734
1.080943e-02,1.283578e-05,842.133,91.6075,1.645098,2.536971,2.516321,1.516226,0.829555,0.371260,0.281146
1.090477e-02,1.272355e-05,857.054,92.4155,1.650695,2.549510,2.525230,1.520215,0.828707,0.370290,0.281536
1.100095e-02,1.261231e-05,872.239,93.2306,1.656300,2.562079,2.534129,1.524209,0.827773,0.369296,0.281901
1.109798e-02,1.250204e-05,887.694,94.0529,1.661914,2.574677,2.543019,1.528208,0.826754,0.368278,0.282243
1.119587e-02,1.239273e-05,903.423,94.8825,1.667536,2.587304,2.551898,1.532211,0.825650,0.367235,0.282561
1.129462e-02,1.228438e-05,919.430,95.7194,1.673167,2.599960,2.560766,1.536219,0.824460,0.366167,0.282854
1.139424e-02,1.217697e-05,935.721,96.5636,1.678806,2.612644,2.569624,1.540231,0.823185,0.365074,0.283122
1.149474e-02,1.207051e-05,952.300,97.4154,1.684454,2.625358,2.578472,1.544248,0.821824,0.363956,0.283365
1.159613e-02,1.196497e-05,969.173,98.2746,1.690111,2.638099,2.587308,1.548269,0.820378,0.362811,0.283583
1.169841e-02,1.186036e-05,986.345,99.1414,1.695776,2.650870,2.596134,1.552295,0.818846,0.361640,0.283774
1.180160e-02,1.175666e-05,1003.822,100.0159,1.701450,2.663668,2.604948,1.556324,0.817229,0.360442,0.283938
1.190569e-02,1.165387e-05,1021.608,100.8980,1.707132,2.676495,2.613751,1.560358,0.815527,0.359216,0.284075
1.201070e-02,1.155198e-05,1039.709,101.7880,1.712823,2.689351,2.622542,1.564395,0.813741,0.357962,0.284185
1.211664e-02,1.145098e-05,1058.131,102.6858,1.718523,2.702234,2.631321,1.568436,0.811870,0.356679,0.284265
1.222351e-02,1.135086e-05,1076.879,103.5915,1.724231,2.715146,2.640089,1.572480,0.809915,0.355367,0.284316
1.233133e-02,1.125162e-05,1095.960,104.5052,1.729948,2.728085,2.648845,1.576528,0.807876,0.354025,0.284338
1.244009e-02,1.115325e-05,1115.379,105.4270,1.735674,2.741053,2.657588,1.580579,0.805755,0.352652,0.284328
1.254982e-02,1.105573e-05,1135.141,106.3569,1.741408,2.754049,2.666320,1.584632,0.803552,0.351247,0.284288
1.266051e-02,1.095907e-05,1155.254,107.2950,1.747151,2.767072,2.675039,1.588688,0.801267,0.349810,0.284214
1.277218e-02,1.086325e-05,1175.723,108.2413,1.752902,2.780123,2.683745,1.592747,0.798901,0.348340,0.284108
1.288483e-02,1.076827e-05,1196.555,109.1961,1.758662,2.793202,2.692439,1.596808,0.796454,0.346836,0.283968
1.299848e-02,1.067412e-05,1217.756,110.1592,1.764431,2.806308,2.701120,1.600870,0.793929,0.345297,0.283793
1.311313e-02,1.058080e-05,1239.333,111.1308,1.770208,2.819442,2.709788,1.604934,0.791325,0.343723,0.283583
1.322879e-02,1.048829e-05,1261.292,112.1110,1.775994,2.832603,2.718444,1.609000,0.788644,0.342114,0.283336
1.334548e-02,1.039659e-05,1283.640,113.0999,1.781789,2.845792,2.727086,1.613066,0.785886,0.340467,0.283052
1.346319e-02,1.030569e-05,1306.384,114.0975,1.787592,2.859008,2.735715,1.617133,0.783053,0.338783,0.282729
1.358194e-02,1.021558e-05,1329.531,115.1038,1.793405,2.872251,2.744330,1.621201,0.780146,0.337062,0.282368
1.370173e-02,1.012627e-05,1353.088,116.1191,1.799226,2.885521,2.752932,1.625268,0.777166,0.335301,0.281967
1.382259e-02,1.003773e-05,1377.063,117.1433,1.805055,2.898818,2.761521,1.629336,0.774115,0.333502,0.281526
1.394450e-02,9.949970e-06,1401.462,118.1765,1.810894,2.912142,2.770096,1.633402,0.770993,0.331664,0.281043
1.406750e-02,9.862976e-06,1426.294,119.2189,1.816741,2.925493,2.778657,1.637467,0.767802,0.329786,0.280518
1.419158e-02,9.776742e-06,1451.565,120.2704,1.822597,2.938871,2.787204,1.641531,0.764543,0.327867,0.279951
1.431675e-02,9.691262e-06,1477.285,121.3312,1.828461,2.952276,2.795738,1.645593,0.761219,0.325909,0.279341
1.444303e-02,9.606530e-06,1503.460,122.4014,1.834335,2.965707,2.804257,1.649653,0.757830,0.323910,0.278687
1.457042e-02,9.522538e-06,1530.098,123.4810,1.840217,2.979165,2.812763,1.653709,0.754378,0.321871,0.277988
1.469894e-02,9.439281e-06,1557.209,124.5702,1.846108,2.992649,2.821254,1.657763,0.750865,0.319792,0.277246
1.482859e-02,9.356752e-06,1584.801,125.6689,1.852008,3.006159,2.829732,1.661813,0.747293,0.317673,0.276459
1.495938e-02,9.274944e-06,1612.881,126.7774,1.857917,3.019696,2.838195,1.665858,0.743663,0.315514,0.275627
1.509132e-02,9.193852e-06,1641.458,127.8956,1.863835,3.033260,2.846644,1.669899,0.739977,0.313317,0.274750
1.522443e-02,9.113469e-06,1670.542,129.0236,1.869761,3.046849,2.855078,1.673934,0.736237,0.311081,0.273828
1.535872e-02,9.033788e-06,1700.142,130.1617,1.875697,3.060464,2.863498,1.677964,0.732445,0.308807,0.272861
1.549419e-02,8.954804e-06,1730.265,131.3097,1.881641,3.074105,2.871903,1.681987,0.728603,0.306497,0.271849
1.563085e-02,8.876511e-06,1760.923,132.4679,1.887594,3.087773,2.880294,1.686004,0.724712,0.304151,0.270794
1.576872e-02,8.798902e-06,1792.123,133.6363,1.893557,3.101466,2.888671,1.690013,0.720776,0.301770,0.269694
1.590780e-02,8.721971e-06,1823.877,134.8150,1.899528,3.115184,2.897033,1.694014,0.716795,0.299356,0.268551
1.604811e-02,8.645714e-06,1856.193,136.0042,1.905509,3.128929,2.905380,1.698006,0.712773,0.296911,0.267366
1.618966e-02,8.570123e-06,1889.082,137.2037,1.911498,3.142699,2.913713,1.701989,0.708711,0.294436,0.266139
1.633246e-02,8.495193e-06,1922.553,138.4139,1.917496,3.156494,2.922031,1.705962,0.704611,0.291934,0.264871
1.647652e-02,8.420918e-06,1956.618,139.6348,1.923504,3.170315,2.930334,1.709925,0.700476,0.289405,0.263564
1.662185e-02,8.347292e-06,1991.286,140.8664,1.929521,3.184161,2.938623,1.713876,0.696308,0.286853,0.262218
1.676845e-02,8.274310e-06,2026.568,142.1089,1.935546,3.198032,2.946897,1.717816,0.692109,0.284279,0.260834
1.691636e-02,8.201967e-06,2062.476,143.3623,1.941581,3.211928,2.955156,1.721742,0.687882,0.281686,0.259415
1.706556e-02,8.130256e-06,2099.019,144.6268,1.947625,3.225849,2.963400,1.725656,0.683628,0.279078,0.257961
1.721609e-02,8.059171e-06,2136.211,145.9025,1.953679,3.239796,2.971630,1.729555,0.679351,0.276456,0.256473
1.736794e-02,7.988709e-06,2174.061,147.1894,1.959741,3.253766,2.979845,1.733440,0.675053,0.273824,0.254955
1.752113e-02,7.918862e-06,2212.582,148.4876,1.965813,3.267762,2.988045,1.737309,0.670736,0.271184,0.253407
1.767567e-02,7.849626e-06,2251.785,149.7973,1.971894,3.281782,2.996230,1.741162,0.666402,0.268541,0.251830
1.783157e-02,7.780995e-06,2291.683,151.1186,1.977984,3.295827,3.004401,1.744998,0.662054,0.265897,0.250228
1.798885e-02,7.712965e-06,2332.288,152.4515,1.984084,3.309897,3.012557,1.748816,0.657694,0.263257,0.248601
1.814752e-02,7.645529e-06,2373.612,153.7962,1.990193,3.323990,3.020698,1.752615,0.653326,0.260623,0.246951
1.830759e-02,7.578683e-06,2415.669,155.1527,1.996312,3.338108,3.028825,1.756395,0.648951,0.258000,0.245281
1.846907e-02,7.512421e-06,2458.470,156.5212,2.002440,3.352250,3.036937,1.760155,0.644571,0.255392,0.243592
1.863197e-02,7.446739e-06,2502.031,157.9017,2.008577,3.366416,3.045034,1.763893,0.640190,0.252801,0.241887
1.879631e-02,7.381631e-06,2546.362,159.2945,2.014724,3.380605,3.053117,1.767610,0.635810,0.250234,0.240166
1.896210e-02,7.317092e-06,2591.480,160.6995,2.020881,3.394819,3.061185,1.771303,0.631433,0.247692,0.238431
1.912935e-02,7.253117e-06,2637.397,162.1169,2.027047,3.409056,3.069239,1.774973,0.627062,0.245182,0.236686
1.929807e-02,7.189702e-06,2684.127,163.5468,2.033223,3.423317,3.077278,1.778619,0.622700,0.242706,0.234930
1.946829e-02,7.126841e-06,2731.685,164.9894,2.039408,3.437601,3.085303,1.782238,0.618348,0.240270,0.233166
1.964000e-02,7.064530e-06,2780.086,166.4446,2.045604,3.451909,3.093313,1.785831,0.614009,0.237877,0.231396
1.981323e-02,7.002764e-06,2829.345,167.9127,2.051808,3.466240,3.101309,1.789397,0.609686,0.235532,0.229620
1.998799e-02,6.941537e-06,2879.476,169.3937,2.058023,3.480594,3.109291,1.792935,0.605381,0.233239,0.227841
2.016429e-02,6.880846e-06,2930.496,170.8878,2.064248,3.494971,3.117258,1.796443,0.601096,0.231002,0.226059
2.034215e-02,6.820686e-06,2982.420,172.3951,2.070482,3.509370,3.125212,1.799921,0.596835,0.228825,0.224275
2.052157e-02,6.761051e-06,3035.263,173.9157,2.076726,3.523793,3.133151,1.803367,0.592599,0.226712,0.222491
2.070258e-02,6.701938e-06,3089.043,175.4497,2.082981,3.538238,3.141076,1.806782,0.588390,0.224668,0.220708
2.088518e-02,6.643342e-06,3143.776,176.9972,2.089245,3.552706,3.148988,1.810163,0.584211,0.222695,0.218926
2.106939e-02,6.585258e-06,3199.479,178.5584,2.095519,3.567196,3.156885,1.813510,0.580065,0.220799,0.217145
2.125523e-02,6.527682e-06,3256.168,180.1333,2.101804,3.581709,3.164769,1.816822,0.575953,0.218983,0.215368
2.144271e-02,6.470610e-06,3313.862,181.7221,2.108098,3.596243,3.172639,1.820097,0.571878,0.217250,0.213593
2.163184e-02,6.414036e-06,3372.578,183.3250,2.114403,3.610800,3.180495,1.823336,0.567842,0.215603,0.211822
2.182264e-02,6.357957e-06,3432.335,184.9420,2.120718,3.625378,3.188337,1.826536,0.563847,0.214046,0.210055
2.201512e-02,6.302368e-06,3493.150,186.5732,2.127044,3.639979,3.196166,1.829696,0.559895,0.212582,0.208291
2.220930e-02,6.247266e-06,3555.043,188.2188,2.133379,3.654600,3.203982,1.832816,0.555989,0.211214,0.206532
2.240519e-02,6.192645e-06,3618.033,189.8790,2.139726,3.669244,3.211784,1.835895,0.552129,0.209944,0.204776
2.260281e-02,6.138501e-06,3682.139,191.5538,2.146082,3.683908,3.219574,1.838931,0.548320,0.208775,0.203024
2.280218e-02,6.084831e-06,3747.380,193.2433,2.152449,3.698594,3.227350,1.841923,0.544561,0.207708,0.201277
2.300330e-02,6.031631e-06,3813.778,194.9478,2.158827,3.713301,3.235112,1.844871,0.540856,0.206746,0.199533
2.320619e-02,5.978895e-06,3881.352,196.6673,2.165215,3.728028,3.242862,1.847772,0.537205,0.205890,0.197793
2.341088e-02,5.926621e-06,3950.123,198.4019,2.171614,3.742777,3.250600,1.850627,0.533612,0.205142,0.196057
2.361737e-02,5.874803e-06,4020.113,200.1519,2.178024,3.757546,3.258324,1.853434,0.530077,0.204503,0.194325
2.382568e-02,5.823439e-06,4091.342,201.9173,2.184445,3.772336,3.266036,1.856191,0.526602,0.203974,0.192598
2.403583e-02,5.772523e-06,4163.834,203.6983,2.190877,3.787145,3.273735,1.858899,0.523189,0.203555,0.190875
2.424783e-02,5.722053e-06,4237.611,205.4949,2.197319,3.801975,3.281421,1.861555,0.519840,0.203246,0.189156
2.446171e-02,5.672024e-06,4312.694,207.3075,2.203773,3.816825,3.289096,1.864158,0.516555,0.203048,0.187443
2.467747e-02,5.622433e-06,4389.108,209.1360,2.210237,3.831695,3.296758,1.866708,0.513337,0.202961,0.185736
2.489513e-02,5.573275e-06,4466.876,210.9806,2.216713,3.846585,3.304408,1.869203,0.510186,0.202983,0.184036
2.511471e-02,5.524547e-06,4546.022,212.8415,2.223200,3.861494,3.312046,1.871642,0.507104,0.203114,0.182343
2.533623e-02,5.476245e-06,4626.570,214.7188,2.229698,3.876422,3.319672,1.874024,0.504093,0.203353,0.180659
2.555970e-02,5.428365e-06,4708.545,216.6127,2.236208,3.891370,3.327287,1.876348,0.501153,0.203698,0.178986
2.578515e-02,5.380904e-06,4791.973,218.5233,2.242729,3.906336,3.334890,1.878613,0.498286,0.204147,0.177325
2.601258e-02,5.333858e-06,4876.879,220.4508,2.249262,3.921322,3.342481,1.880817,0.495493,0.204700,0.175678
2.624202e-02,5.287223e-06,4963.289,222.3952,2.255806,3.936326,3.350061,1.882960,0.492774,0.205353,0.174048
2.647348e-02,5.240996e-06,5051.231,224.3568,2.262362,3.951348,3.357629,1.885039,0.490130,0.206104,0.172435
2.670698e-02,5.195173e-06,5140.730,226.3357,2.268930,3.966389,3.365186,1.887056,0.487564,0.206951,0.170845
2.694255e-02,5.149751e-06,5231.816,228.3320,2.275510,3.981448,3.372733,1.889007,0.485074,0.207890,0.169278
2.718019e-02,5.104726e-06,5324.515,230.3460,2.282101,3.996525,3.380268,1.890892,0.482662,0.208918,0.167739
2.741993e-02,5.060094e-06,5418.857,232.3777,2.288705,4.011620,3.387793,1.892710,0.480328,0.210033,0.166231
2.766178e-02,5.015853e-06,5514.870,234.4273,2.295320,4.026733,3.395307,1.894459,0.478074,0.211230,0.164756
2.790576e-02,4.971998e-06,5612.585,236.4950,2.301948,4.041862,3.402810,1.896139,0.249189,0.202866,0.163320
2.815190e-02,4.928527e-06,5712.031,238.5810,2.308588,4.057009,3.410303,1.897749,0.252857,0.204919,0.161926
2.840021e-02,4.885436e-06,5813.238,240.6854,2.315241,4.072174,3.417785,1.899286,0.256607,0.207026,0.160579
2.865070e-02,4.842722e-06,5916.240,242.8083,2.321906,4.087354,3.425258,1.900751,0.260436,0.209182,0.159281
2.890341e-02,4.800381e-06,6021.066,244.9499,2.328583,4.102552,3.432720,1.902142,0.264341,0.218324,0.158038
2.915835e-02,4.758411e-06,6127.749,247.1104,2.335273,4.117766,3.440173,1.903458,0.268318,0.219936,0.156853
2.941553e-02,4.716807e-06,6236.323,249.2900,2.341976,4.132996,3.447615,1.904698,0.272365,0.221603,0.155732
2.967499e-02,4.675567e-06,6346.820,251.4888,2.348692,4.148243,3.455048,1.905861,0.462932,0.223320,0.154679
2.993673e-02,4.634688e-06,6459.276,253.7070,2.355420,4.163505,3.462472,1.906945,0.461403,0.225083,0.153696
3.020078e-02,4.594166e-06,6573.724,255.9448,2.362162,4.178782,3.469886,1.907950,0.459956,0.226888,0.152790
3.046716e-02,4.553999e-06,6690.199,258.2023,2.368917,4.194076,3.477291,1.908875,0.458589,0.228731,0.151963
3.073589e-02,4.514182e-06,6808.739,260.4797,2.375685,4.209384,3.484686,1.909718,0.457302,0.230607,0.151219
3.100699e-02,4.474714e-06,6929.379,262.7772,2.382467,4.224707,3.492073,1.910479,0.456096,0.232513,0.150563
3.128048e-02,4.435591e-06,7052.156,265.0950,2.389261,4.240046,3.499451,1.911156,0.454970,0.234443,0.149996
3.155638e-02,4.396810e-06,7177.109,267.4332,2.396070,4.255398,3.506820,1.911749,0.453923,0.236394,0.149522
3.183472e-02,4.358368e-06,7304.275,269.7921,2.402892,4.270766,3.514180,1.912256,0.452955,0.238363,0.149143
3.211551e-02,4.320262e-06,7433.695,272.1717,2.409728,4.286147,3.521532,1.912677,0.452065,0.240345,0.148862
3.239878e-02,4.282489e-06,7565.408,274.5723,2.416578,4.301542,3.528876,1.913010,0.451253,0.242338,0.148680
3.268454e-02,4.245046e-06,7699.455,276.9941,2.423442,4.316951,3.536211,1.913255,0.450518,0.244336,0.148599
3.297283e-02,4.207931e-06,7835.877,279.4373,2.430320,4.332373,3.543538,1.913410,0.449859,0.246338,0.148618
3.326366e-02,4.171141e-06,7974.716,281.9020,2.437213,4.347809,3.550857,1.913475,0.449276,0.248340,0.148740
3.355705e-02,4.134672e-06,8116.015,284.3885,2.444119,4.363258,3.558169,1.913449,0.448768,0.250339,0.148962
3.385304e-02,4.098521e-06,8259.817,286.8969,2.451041,4.378719,3.565472,1.913330,0.448333,0.252332,0.149285
3.415163e-02,4.062687e-06,8406.168,289.4274,2.457977,4.394193,3.572768,1.913119,0.447971,0.254317,0.149707
3.445286e-02,4.027167e-06,8555.111,291.9802,2.464927,4.409679,3.580057,1.912813,0.447681,0.256292,0.150227
3.475674e-02,3.991956e-06,8706.694,294.5556,2.471893,4.425177,3.587338,1.912413,0.447463,0.258254,0.150842
3.506331e-02,3.957054e-06,8860.963,297.1536,2.478874,4.440687,3.594612,1.911916,0.447314,0.260202,0.151550
3.537258e-02,3.922457e-06,9017.964,299.7746,2.485870,4.456209,3.601879,1.911324,0.447233,0.262133,0.152348
3.568457e-02,3.888162e-06,9177.748,302.4187,2.492881,4.471742,3.609138,1.910634,0.447221,0.264047,0.153232
3.599932e-02,3.854167e-06,9340.363,305.0861,2.499908,4.487286,3.616391,1.909846,0.447275,0.265942,0.147668
3.631684e-02,3.820470e-06,9505.859,307.7771,2.506950,4.502841,3.623638,1.908959,0.447394,0.267816,0.149521
3.663717e-02,3.787067e-06,9674.287,310.4918,2.514008,4.518406,3.630877,1.907972,0.447578,0.269669,0.151403
3.696032e-02,3.753956e-06,9845.700,313.2304,2.521082,4.533982,3.638111,1.906885,0.447824,0.271500,0.153309
3.728632e-02,3.721134e-06,10020.150,315.9932,2.528172,4.549568,3.645337,1.905698,0.448132,0.273309,0.155230
3.761520e-02,3.688600e-06,10197.690,318.7803,2.535278,4.565164,3.652558,1.904408,0.448500,0.275095,0.157160
3.794697e-02,3.656350e-06,10378.377,321.5921,2.542400,4.580769,3.659772,1.903016,0.448927,0.276857,0.159091
3.828168e-02,3.624381e-06,10562.265,324.4286,2.549539,4.596384,3.666981,1.901521,0.449412,0.278596,0.162888
3.861933e-02,3.592693e-06,10749.411,327.2901,2.556695,4.612007,3.674183,1.899923,0.449953,0.280311,0.164345
3.895997e-02,3.561281e-06,10939.873,330.1769,2.563867,4.627640,3.681380,1.898220,0.450549,0.282002,0.165841
3.930360e-02,3.530144e-06,11133.710,333.0892,2.571057,4.643281,3.688571,1.896412,0.451199,0.283670,0.167371
3.965027e-02,3.499280e-06,11330.981,336.0271,2.578263,4.658930,3.695757,1.894500,0.451900,0.285313,0.168930
4.000000e-02,3.468685e-06,11531.748,338.9910,2.585487,4.674587,3.702937,1.892481,0.452652,0.286933,0.170515
