m_chi_GeV,m_phi_MeV,alpha,sigma_m_30,sigma_m_1000
6.866488,1.0216981478e+01,1.8621508658e-03,0.822521,0.46988579
6.866488,1.1406794577e+01,2.2332042800e-03,0.687510,0.46819724
6.866488,1.2735166723e+01,2.7201756400e-03,0.584120,0.46999710
7.906043,5.8900303675e+00,8.8433867061e-04,2.572045,0.46982935
7.906043,6.5759506955e+00,1.0153562911e-03,2.098204,0.46889910
7.906043,7.3417495075e+00,1.1767149092e-03,1.726222,0.46769003
7.906043,8.1967290095e+00,1.3679651377e-03,1.418936,0.46747419
7.906043,9.1512746909e+00,1.6052095969e-03,1.175390,0.46817275
7.906043,1.0216981478e+01,1.9012595559e-03,0.980841,0.46904189
7.906043,1.1406794577e+01,2.2730239755e-03,0.824263,0.46927955
7.906043,1.2735166723e+01,2.7429605896e-03,0.697356,0.46808018
7.906043,1.4218233734e+01,3.3619405254e-03,0.599245,0.46906448
7.906043,1.5874010520e+01,4.1721931973e-03,0.520548,0.46910456
9.102982,3.0413853336e+00,3.9291182151e-04,8.634158,0.36131022
9.102982,3.3955682317e+00,4.3866815699e-04,6.967734,0.36116436
9.102982,3.7909973093e+00,4.8975302199e-04,5.602178,0.35830936
9.102982,4.2324758681e+00,5.9100706917e-04,4.995141,0.40295867
9.102982,4.7253665758e+00,7.1988176231e-04,4.488650,0.46814254
9.102982,5.2756566064e+00,8.1885701596e-04,3.665649,0.46904972
9.102982,5.8900303675e+00,9.3144019988e-04,2.983122,0.46895954
9.102982,6.5759506955e+00,1.0661144845e-03,2.438967,0.46934057
9.102982,7.3417495075e+00,1.2278764586e-03,2.002842,0.46977528
9.102982,8.1967290095e+00,1.4274419195e-03,1.658397,0.46876393
9.102982,9.1512746909e+00,1.6646126914e-03,1.372547,0.46903120
9.102982,1.0216981478e+01,1.9593900615e-03,1.144618,0.46950192
9.102982,1.1406794577e+01,2.3279923276e-03,0.961463,0.46937417
9.102982,1.2735166723e+01,2.7918696198e-03,0.813186,0.46781589
9.102982,1.4218233734e+01,3.4006632524e-03,0.698161,0.46848147
9.102982,1.5874010520e+01,3.8085145959e-03,0.530813,0.40569230
10.481131,2.7241463332e+00,3.0565365354e-04,9.085574,0.24216460
10.481131,3.0413853336e+00,3.4124838586e-04,7.400284,0.23724842
10.481131,3.3955682317e+00,3.8098828365e-04,6.002074,0.23883189
10.481131,3.7909973093e+00,4.3471988376e-04,4.996137,0.24717986
10.481131,4.2324758681e+00,5.7056030776e-04,4.998211,0.33701482
10.481131,4.7253665758e+00,7.5586902910e-04,4.999890,0.45227271
10.481131,5.2756566064e+00,8.6785345869e-04,4.148921,0.46801237
10.481131,5.8900303675e+00,9.8717307574e-04,3.392825,0.46784605
10.481131,6.5759506955e+00,1.1263962257e-03,2.776899,0.46951684
10.481131,7.3417495075e+00,1.2892586466e-03,2.274385,0.46851334
10.481131,8.1967290095e+00,1.4895046499e-03,1.878330,0.46973031
10.481131,9.1512746909e+00,1.7369872009e-03,1.563774,0.46812360
10.481131,1.0216981478e+01,2.0319001145e-03,1.301789,0.46820938
10.481131,1.1406794577e+01,2.3768845695e-03,1.078993,0.46062621
10.481131,1.2735166723e+01,2.6536833874e-03,0.838627,0.41346772
10.481131,1.4218233734e+01,2.9627166633e-03,0.647282,0.36645934
12.067926,2.4399977085e+00,2.3777384851e-04,9.338490,0.15936252
12.067926,2.7241463332e+00,2.6546367453e-04,7.688037,0.15748006
12.067926,3.0413853336e+00,2.9637810440e-04,6.298798,0.15815818
12.067926,3.3955682317e+00,3.3089265762e-04,5.136805,0.15492941
12.067926,3.7909973093e+00,4.2229928686e-04,4.995994,0.20347684
12.067926,4.2324758681e+00,5.5598539104e-04,5.003583,0.27874295
12.067926,4.7253665758e+00,7.3885523877e-04,5.003083,0.38792687
12.067926,5.2756566064e+00,9.3129795370e-04,4.646728,0.46951252
12.067926,5.8900303675e+00,1.0495003978e-03,3.772870,0.46809329
12.067926,6.5759506955e+00,1.1900865016e-03,3.077446,0.46717961
12.067926,7.3417495075e+00,1.3286773870e-03,2.458491,0.44604977
12.067926,8.1967290095e+00,1.4834077996e-03,1.958037,0.42445223
12.067926,9.1512746909e+00,1.6561572595e-03,1.554174,0.39952889
12.067926,1.0216981478e+01,1.8490241651e-03,1.228875,0.36795780
12.067926,1.1406794577e+01,2.0643512827e-03,0.967380,0.34008779
12.067926,1.2735166723e+01,2.3047542043e-03,0.757659,0.31031550
12.067926,1.4218233734e+01,2.5731531193e-03,0.589932,0.27954277
12.067926,2.2090711661e+01,8.7680588598e-03,0.532077,0.46883117
13.894955,2.1854878884e+00,1.8496884424e-04,9.362527,0.10324522
13.894955,2.4399977085e+00,2.0650929181e-04,7.791438,0.10270524
13.894955,2.7241463332e+00,2.3055822065e-04,6.454331,0.10388003
13.894955,3.0413853336e+00,2.5740775460e-04,5.320880,0.10265881
13.894955,3.3955682317e+00,3.1746368103e-04,4.995001,0.12577407
13.894955,3.7909973093e+00,4.1407988641e-04,4.996097,0.17275335
13.894955,4.2324758681e+00,5.4686250722e-04,5.006209,0.23490156
13.894955,4.7253665758e+00,7.2899593631e-04,5.000372,0.32817460
13.894955,5.2756566064e+00,8.2922428141e-04,4.129585,0.33752984
13.894955,5.8900303675e+00,9.2579115044e-04,3.329025,0.32370159
13.894955,6.5759506955e+00,1.0336036624e-03,2.676302,0.31787292
13.894955,7.3417495075e+00,1.1539714227e-03,2.145733,0.30904133
13.894955,8.1967290095e+00,1.2883565459e-03,1.715557,0.29573480
13.894955,9.1512746909e+00,1.4383914166e-03,1.367543,0.28226589
13.894955,1.0216981478e+01,1.6058985177e-03,1.086550,0.26650603
13.894955,1.1406794577e+01,1.7929125684e-03,0.860098,0.24887117
13.894955,1.2735166723e+01,2.0017052402e-03,0.677957,0.22806004
13.894955,1.4218233734e+01,2.2348127505e-03,0.531777,0.20884419
13.894955,1.9786486935e+01,6.9927146119e-03,0.631766,0.46992241
13.894955,2.2090711661e+01,8.9243998796e-03,0.564658,0.46949129
13.894955,2.4663273642e+01,1.1640432305e-02,0.512437,0.46918670
15.998587,1.9575253262e+00,1.4389081707e-04,9.189956,0.06651129
15.998587,2.1854878884e+00,1.6064754501e-04,7.713307,0.06782466
15.998587,2.4399977085e+00,1.7935566872e-04,6.452179,0.06716042
15.998587,2.7241463332e+00,2.0024243695e-04,5.375942,0.06682317
15.998587,3.0413853336e+00,2.4314964289e-04,5.000399,0.07999350
15.998587,3.3955682317e+00,3.1420332714e-04,5.000903,0.10565671
15.998587,3.7909973093e+00,4.1110413861e-04,5.009101,0.14697154
15.998587,4.2324758681e+00,5.4293252909e-04,4.999814,0.20444381
15.998587,4.7253665758e+00,6.4506949739e-04,4.372796,0.22514668
15.998587,5.2756566064e+00,7.2019071979e-04,3.549488,0.22525820
15.998587,5.8900303675e+00,8.0406014388e-04,2.872063,0.22180433
15.998587,6.5759506955e+00,8.9769653676e-04,2.317112,0.21870483
15.998587,7.3417495075e+00,1.0022373056e-03,1.864212,0.20951925
15.998587,8.1967290095e+00,1.1189523136e-03,1.495776,0.20427078
15.998587,9.1512746909e+00,1.2492593052e-03,1.196853,0.19591051
15.998587,1.0216981478e+01,1.3947411277e-03,0.954883,0.18755113
15.998587,1.1406794577e+01,1.5571649578e-03,0.759407,0.17761999
15.998587,1.2735166723e+01,1.7385037680e-03,0.601789,0.16638165
15.998587,1.5874010520e+01,4.7526018604e-03,0.873199,0.46897822
15.998587,1.7722609903e+01,5.8250799726e-03,0.756340,0.46899302
15.998587,1.9786486935e+01,7.2740827868e-03,0.664021,0.46998882
15.998587,2.2090711661e+01,9.2259159575e-03,0.588667,0.46910093
15.998587,2.4663273642e+01,1.1959075813e-02,0.529224,0.46882682
18.420700,1.7533409465e+00,1.1193543065e-04,8.880486,0.04333579
18.420700,1.9575253262e+00,1.2497081120e-04,7.501923,0.04334982
18.420700,2.1854878884e+00,1.3952422001e-04,6.319608,0.04432430
18.420700,2.4399977085e+00,1.5577243823e-04,5.308663,0.04410278
18.420700,2.7241463332e+00,1.8915077796e-04,4.993453,0.05213956
18.420700,3.0413853336e+00,2.4215438117e-04,4.992546,0.06950413
18.420700,3.3955682317e+00,3.1389215079e-04,5.000652,0.09293613
18.420700,3.7909973093e+00,4.1069699497e-04,4.991693,0.12824546
18.420700,4.2324758681e+00,5.0181195340e-04,4.548786,0.15096329
18.420700,4.7253665758e+00,5.6025019534e-04,3.722469,0.15099153
18.420700,5.2756566064e+00,6.2549383141e-04,3.035055,0.14725780
18.420700,5.8900303675e+00,6.9833538014e-04,2.465923,0.14767736
18.420700,6.5759506955e+00,7.7965965236e-04,1.997018,0.14565770
18.420700,7.3417495075e+00,8.7045449909e-04,1.612438,0.14397029
18.420700,8.1967290095e+00,9.7182281101e-04,1.298265,0.13799235
18.420700,9.1512746909e+00,1.0849959153e-03,1.042471,0.13491300
18.420700,1.0216981478e+01,1.2113485329e-03,0.834791,0.13058429
18.420700,1.0216981478e+01,2.5355849429e-03,1.779568,0.46974498
18.420700,1.1406794577e+01,1.3524154767e-03,0.666578,0.12451281
18.420700,1.1406794577e+01,2.9660871036e-03,1.490626,0.46917396
18.420700,1.2735166723e+01,1.5099102958e-03,0.530612,0.11827810
18.420700,1.2735166723e+01,3.4913356257e-03,1.253157,0.46915735
18.420700,1.4218233734e+01,4.1610527869e-03,1.062968,0.46944856
18.420700,1.5874010520e+01,5.0842008896e-03,0.919022,0.46961062
18.420700,1.7722609903e+01,6.2121535125e-03,0.792409,0.46987118
18.420700,1.9786486935e+01,7.7093287135e-03,0.690096,0.46917032
18.420700,2.2090711661e+01,9.7779501394e-03,0.609494,0.46994931
21.209509,1.4066444801e+00,7.7993975159e-05,9.833038,0.02824480
21.209509,1.5704545088e+00,8.7076721712e-05,8.430960,0.02837831
21.209509,1.7533409465e+00,9.7217194646e-05,7.185511,0.02861109
21.209509,1.9575253262e+00,1.0853857092e-04,6.096072,0.02876477
21.209509,2.1854878884e+00,1.2117837199e-04,5.153741,0.02883315
21.209509,2.4399977085e+00,1.4945055596e-04,5.007071,0.03514041
21.209509,2.7241463332e+00,1.8955218266e-04,4.995973,0.04509417
21.209509,3.0413853336e+00,2.4342432261e-04,4.996195,0.05959405
21.209509,3.3955682317e+00,3.1652139895e-04,5.000091,0.08195137
21.209509,3.7909973093e+00,3.9036915804e-04,4.644917,0.09912723
21.209509,3.7909973093e+00,8.0701316326e-04,9.663919,0.40975250
21.209509,4.2324758681e+00,4.3582938901e-04,3.831170,0.09997510
21.209509,4.2324758681e+00,9.0099344843e-04,7.934041,0.41028213
21.209509,4.7253665758e+00,4.8658366680e-04,3.149849,0.09851974
21.209509,4.7253665758e+00,1.0059181573e-03,6.510400,0.40047044
21.209509,5.2756566064e+00,5.4324850679e-04,2.580339,0.09868482
21.209509,5.2756566064e+00,1.1230618169e-03,5.332102,0.39702799
21.209509,5.8900303675e+00,6.0651222034e-04,2.105982,0.09924876
21.209509,5.8900303675e+00,1.3764933588e-03,4.721353,0.46778938
21.209509,6.5759506955e+00,6.7714327573e-04,1.712706,0.09675257
21.209509,6.5759506955e+00,1.5755166116e-03,3.928433,0.46770428
21.209509,7.3417495075e+00,7.5599963279e-04,1.388252,0.09558773
21.209509,7.3417495075e+00,1.7921315676e-03,3.242463,0.46760123
21.209509,8.1967290095e+00,8.4403916464e-04,1.121821,0.09470953
21.209509,8.1967290095e+00,2.0385285257e-03,2.669557,0.46763711
21.209509,9.1512746909e+00,9.4233129295e-04,0.903940,0.09081290
21.209509,9.1512746909e+00,2.3846383800e-03,2.244864,0.46909560
21.209509,1.0216981478e+01,1.0520699784e-03,0.726388,0.08903485
21.209509,1.0216981478e+01,2.7464605083e-03,1.859541,0.46913019
21.209509,1.1406794577e+01,1.1745882235e-03,0.582127,0.08642137
21.209509,1.1406794577e+01,3.1928398271e-03,1.549444,0.46863989
21.209509,1.2735166723e+01,3.7816975699e-03,1.308485,0.46948286
21.209509,1.4218233734e+01,4.4931140059e-03,1.105674,0.46866573
21.209509,1.5874010520e+01,5.4220433991e-03,0.944015,0.46879891
21.209509,1.7722609903e+01,6.7707898852e-03,0.825499,0.46877357
21.209509,1.9786486935e+01,7.8224203067e-03,0.679175,0.43332562
21.209509,2.2090711661e+01,8.7333760689e-03,0.543814,0.38082900
21.209509,2.4663273642e+01,1.3806405720e-02,0.559500,0.46884630
21.209509,2.7535421948e+01,1.8347487828e-02,0.503483,0.46894458
24.420531,1.2599210499e+00,6.0673011491e-05,8.873279,0.01844929
24.420531,1.4066444801e+00,6.7738654509e-05,7.756158,0.01837362
24.420531,1.5704545088e+00,7.5627123196e-05,6.716549,0.01831029
24.420531,1.7533409465e+00,8.4434239274e-05,5.770125,0.01852569
24.420531,1.9575253262e+00,9.5150824025e-05,4.996622,0.01891473
24.420531,2.1854878884e+00,1.1881982298e-04,5.011169,0.02379676
24.420531,2.4399977085e+00,1.4930254518e-04,4.992023,0.03021377
24.420531,2.7241463332e+00,1.9054625996e-04,5.002234,0.03941976
24.420531,3.0413853336e+00,2.4546331260e-04,4.993427,0.05263413
24.420531,3.3955682317e+00,3.0367566679e-04,4.684869,0.06393292
24.420531,3.7909973093e+00,3.3904005372e-04,3.880153,0.06499242
24.420531,3.7909973093e+00,7.0090011105e-04,8.167107,0.27079357
24.420531,4.2324758681e+00,3.7852278137e-04,3.209932,0.06454695
24.420531,4.2324758681e+00,7.8252305764e-04,6.691275,0.26726700
24.420531,4.7253665758e+00,4.2260344890e-04,2.649642,0.06519320
24.420531,4.7253665758e+00,8.7365136070e-04,5.492565,0.26809287
24.420531,5.2756566064e+00,4.7181750692e-04,2.180520,0.06425608
24.420531,5.2756566064e+00,1.1012031610e-03,5.003632,0.32860800
24.420531,5.8900303675e+00,5.2676276169e-04,1.788117,0.06445912
24.420531,5.8900303675e+00,1.5049506514e-03,4.831731,0.46859078
24.420531,6.5759506955e+00,5.8810663663e-04,1.460902,0.06496728
24.420531,6.5759506955e+00,1.6906948768e-03,3.970915,0.46779369
24.420531,7.3417495075e+00,6.5659427963e-04,1.189251,0.06334696
24.420531,7.3417495075e+00,1.9532914417e-03,3.327198,0.46980846
24.420531,8.1967290095e+00,7.3305761438e-04,0.964830,0.06268675
24.420531,8.1967290095e+00,2.2357122859e-03,2.759967,0.46989838
24.420531,9.1512746909e+00,8.1842544577e-04,0.780311,0.06226164
24.420531,9.1512746909e+00,2.5510196160e-03,2.278055,0.46795118
24.420531,1.0216981478e+01,9.1373474219e-04,0.629250,0.05971760
24.420531,1.0216981478e+01,3.0215059963e-03,1.930311,0.46885384
24.420531,1.1406794577e+01,1.0201432316e-03,0.506036,0.05871185
24.420531,1.1406794577e+01,3.5125881671e-03,1.608877,0.46931352
24.420531,1.2735166723e+01,4.1346136433e-03,1.350939,0.46988867
24.420531,1.4218233734e+01,4.8819532274e-03,1.134883,0.45953422
24.420531,1.5874010520e+01,5.4504784726e-03,0.913674,0.41896966
24.420531,1.7722609903e+01,6.0852110204e-03,0.734705,0.37799579
24.420531,1.9786486935e+01,6.7938610066e-03,0.590098,0.33762523
24.420531,1.9786486935e+01,9.2674944645e-03,0.735443,0.46925403
24.420531,2.2090711661e+01,1.2277426151e-02,0.661682,0.46978151
24.420531,2.4663273642e+01,1.6063804123e-02,0.587651,0.46933209
24.420531,2.7535421948e+01,2.1547521412e-02,0.527447,0.46755105
24.420531,2.7535421948e+01,2.1703295737e-02,0.529699,0.46984047
28.117687,8.1092235729e-01,3.3916185668e-05,9.858546,0.01188634
28.117687,9.0535788556e-01,3.7865876883e-05,9.144499,0.01189787
28.117687,1.0107908526e+00,4.2275527271e-05,8.383584,0.01199311
28.117687,1.1285019594e+00,4.7198701129e-05,7.596638,0.01194857
28.117687,1.2599210499e+00,5.2695200560e-05,6.804463,0.01200513
28.117687,1.4066444801e+00,5.8831791884e-05,6.026968,0.01201671
28.117687,1.5704545088e+00,6.5683016660e-05,5.281456,0.01197449
28.117687,1.7533409465e+00,7.7314471239e-05,4.994227,0.01343684
28.117687,1.9575253262e+00,9.5352747529e-05,5.010398,0.01629066
28.117687,2.1854878884e+00,1.1870214784e-04,5.007404,0.02044323
28.117687,2.4399977085e+00,1.4961938630e-04,5.004076,0.02621893
28.117687,2.7241463332e+00,1.9095062607e-04,4.995066,0.03435502
28.117687,3.0413853336e+00,2.3623513461e-04,4.717524,0.04214177
28.117687,3.3955682317e+00,2.6374577054e-04,3.905701,0.04194739
28.117687,3.3955682317e+00,5.4524366024e-04,8.564559,0.17650697
28.117687,3.7909973093e+00,2.9446014281e-04,3.235130,0.04276089
28.117687,3.7909973093e+00,6.0873971831e-04,6.944835,0.17928979
28.117687,4.2324758681e+00,3.2875134084e-04,2.679805,0.04269164
28.117687,4.2324758681e+00,6.7963017578e-04,5.660756,0.17815309
28.117687,4.7253665758e+00,3.6703590195e-04,2.217881,0.04200578
28.117687,4.7253665758e+00,8.2782997731e-04,5.003863,0.20591966
28.117687,5.2756566064e+00,4.0977887110e-04,1.832057,0.04248782
28.117687,5.2756566064e+00,1.1743775393e-03,4.997807,0.32345610
28.117687,5.8900303675e+00,4.5749944979e-04,1.509070,0.04188350
28.117687,5.8900303675e+00,1.6453958522e-03,4.862870,0.46843215
28.117687,6.5759506955e+00,5.1077730289e-04,1.238763,0.04253004
28.117687,6.5759506955e+00,1.8484741244e-03,4.000735,0.46891608
28.117687,7.3417495075e+00,5.7025959980e-04,1.013128,0.04250154
28.117687,7.3417495075e+00,2.1026175197e-03,3.319108,0.46864691
28.117687,8.1967290095e+00,6.3666887570e-04,0.825559,0.04144795
28.117687,8.1967290095e+00,2.4443537192e-03,2.791359,0.46753136
28.117687,9.1512746909e+00,7.1081180822e-04,0.670389,0.04150993
28.117687,9.1512746909e+00,2.7290096208e-03,2.274580,0.45083883
28.117687,1.0216981478e+01,7.9358901618e-04,0.542642,0.04090282
28.117687,1.0216981478e+01,3.0468149728e-03,1.848597,0.42495362
28.117687,1.1406794577e+01,3.4016301767e-03,1.498782,0.40141131
28.117687,1.2735166723e+01,3.7977651948e-03,1.212637,0.36308737
28.117687,1.4218233734e+01,4.2400319041e-03,0.979388,0.33836283
28.117687,1.4218233734e+01,5.5718962939e-03,1.185828,0.46946125
28.117687,1.5874010520e+01,4.7338025458e-03,0.789808,0.30833647
28.117687,1.5874010520e+01,6.8932880617e-03,1.024512,0.46947551
28.117687,1.7722609903e+01,5.2850749829e-03,0.636081,0.28197199
28.117687,1.7722609903e+01,8.5546217551e-03,0.884424,0.46895733
28.117687,1.9786486935e+01,5.9005455559e-03,0.511655,0.25513140
28.117687,1.9786486935e+01,1.0917772224e-02,0.774793,0.46985551
28.117687,2.2090711661e+01,1.4284830739e-02,0.686539,0.46932000
28.117687,2.2090711661e+01,1.4298862937e-02,0.686939,0.46964784
28.117687,2.4663273642e+01,1.6762230820e-02,0.568788,0.40869839
28.117687,2.4663273642e+01,2.1452887593e-02,0.654603,0.46996495
28.117687,2.7535421948e+01,3.0150838906e-02,0.595993,0.46936499
28.117687,3.0742044746e+01,3.6954715128e-02,0.503009,0.43522929
32.374575,1.0000000000e-01,3.6324800695e-06,9.006049,0.00143370
32.374575,1.1164544638e-01,4.0554985881e-06,8.997413,0.00164050
32.374575,1.2464705697e-01,4.5277795014e-06,8.952827,0.00187534
32.374575,1.3916276314e-01,5.0550596353e-06,8.955132,0.00213580
32.374575,1.5536888810e-01,5.6437438945e-06,9.102929,0.00240914
32.374575,1.7346228865e-01,6.3009830633e-06,9.054229,0.00271626
32.374575,1.9366274646e-01,7.0347606671e-06,9.151124,0.00304928
32.374575,2.1621563775e-01,7.8539899483e-06,9.043289,0.00340751
32.374575,2.4139491390e-01,8.7686221362e-06,9.087610,0.00378942
32.374575,2.6950642916e-01,9.7897673250e-06,9.173909,0.00419256
32.374575,3.0089165584e-01,1.0929829429e-05,8.988399,0.00461351
32.374575,3.3593183228e-01,1.2202656854e-05,8.930553,0.00504782
32.374575,3.7505259366e-01,1.3623710715e-05,8.905676,0.00549001
32.374575,4.1872914234e-01,1.5210252641e-05,8.612692,0.00593370
32.374575,4.6749202008e-01,1.6981554456e-05,8.518481,0.00637175
32.374575,5.2193355259e-01,1.8959132274e-05,8.352749,0.00679652
32.374575,5.8271504458e-01,2.1167007856e-05,8.078773,0.00720029
32.374575,6.5057481262e-01,2.3632000405e-05,7.798250,0.00757565
32.374575,7.2633715356e-01,2.6384052340e-05,7.457151,0.00781946
32.374575,8.1092235729e-01,2.9456593007e-05,6.991586,0.00781518
32.374575,9.0535788556e-01,3.2886944750e-05,6.582173,0.00779518
32.374575,1.0107908526e+00,3.6716776266e-05,6.125359,0.00781343
32.374575,1.1285019594e+00,4.0992608757e-05,5.634088,0.00779695
32.374575,1.2599210499e+00,4.5766381028e-05,5.121925,0.00783765
32.374575,1.4066444801e+00,5.3536787607e-05,4.989548,0.00865512
32.374575,1.5704545088e+00,6.4204563343e-05,4.992330,0.01001005
32.374575,1.7533409465e+00,7.7962078804e-05,5.007837,0.01181988
32.374575,1.9575253262e+00,9.5555099544e-05,5.004558,0.01423195
32.374575,2.1854878884e+00,1.1858458925e-04,4.997924,0.01770864
32.374575,2.4399977085e+00,1.4947120831e-04,5.002194,0.02280112
32.374575,2.7241463332e+00,1.8377184914e-04,4.748988,0.02727074
32.374575,3.0413853336e+00,2.0517290129e-04,3.936355,0.02736539
32.374575,3.0413853336e+00,4.2415551709e-04,9.189683,0.11588283
32.374575,3.3955682317e+00,2.2906620149e-04,3.258462,0.02736033
32.374575,3.3955682317e+00,4.7355032038e-04,7.388474,0.11557927
32.374575,3.7909973093e+00,2.5574198315e-04,2.697412,0.02797305
32.374575,3.7909973093e+00,5.2869736901e-04,5.955246,0.11784795
32.374575,4.2324758681e+00,2.8552427866e-04,2.234029,0.02780661
32.374575,4.2324758681e+00,6.1271701572e-04,4.995277,0.12553348
32.374575,4.7253665758e+00,3.1877485542e-04,1.850668,0.02777405
32.374575,4.7253665758e+00,8.6651392707e-04,5.002349,0.19664237
32.374575,5.2756566064e+00,3.5589761027e-04,1.532198,0.02816984
32.374575,5.2756566064e+00,1.2524143171e-03,4.994678,0.31932142
32.374575,5.8900303675e+00,3.9734347563e-04,1.266466,0.02796273
32.374575,5.8900303675e+00,1.5255151297e-03,4.329296,0.36270986
32.374575,6.5759506955e+00,4.4361589701e-04,1.044097,0.02817853
32.374575,6.5759506955e+00,1.7031681760e-03,3.532914,0.35672688
32.374575,7.3417495075e+00,4.9527694842e-04,0.857935,0.02776495
32.374575,7.3417495075e+00,1.9015097127e-03,2.891849,0.34060507
32.374575,8.1967290095e+00,5.5295415986e-04,0.702396,0.02778774
32.374575,8.1967290095e+00,2.1229490066e-03,2.367740,0.33010185
32.374575,8.1967290095e+00,2.6626172458e-03,2.766454,0.46939436
32.374575,9.1512746909e+00,6.1734814003e-04,0.572935,0.02710154
32.374575,9.1512746909e+00,2.3701758948e-03,1.935575,0.30876056
32.374575,9.1512746909e+00,3.1536856571e-03,2.352517,0.46932417
32.374575,1.0216981478e+01,2.6461934576e-03,1.578406,0.29873564
32.374575,1.0216981478e+01,3.6435120781e-03,1.963630,0.46829496
32.374575,1.1406794577e+01,2.9543544977e-03,1.283729,0.28228592
32.374575,1.1406794577e+01,4.3289329318e-03,1.664539,0.46857208
32.374575,1.2735166723e+01,3.2984022665e-03,1.041474,0.26751114
32.374575,1.2735166723e+01,5.1593202063e-03,1.409732,0.46938796
32.374575,1.4218233734e+01,3.6825159338e-03,0.843100,0.24210252
32.374575,1.4218233734e+01,6.6256373770e-03,1.247012,0.46974419
32.374575,1.5874010520e+01,4.1113613521e-03,0.681249,0.22634996
32.374575,1.5874010520e+01,8.1714680047e-03,1.071982,0.46892327
32.374575,1.7722609903e+01,4.5901477337e-03,0.549600,0.20922107
32.374575,1.7722609903e+01,1.0396384203e-02,0.935762,0.46987066
32.374575,1.7722609903e+01,1.0374274704e-02,0.934605,0.46914115
32.374575,1.9786486935e+01,1.1679528158e-02,0.758025,0.41509187
32.374575,1.9786486935e+01,1.4133885609e-02,0.844812,0.46964896
32.374575,2.2090711661e+01,1.3039661347e-02,0.611094,0.37141318
32.374575,2.2090711661e+01,1.9136540884e-02,0.756650,0.46948727
32.374575,2.4663273642e+01,2.5749176261e-02,0.672109,0.45954308
32.374575,2.7535421948e+01,2.8747782775e-02,0.541263,0.36389505
37.275937,1.0000000000e-01,3.1548502552e-06,5.832556,0.00078831
37.275937,1.1164544638e-01,3.5222466500e-06,5.848486,0.00091287
37.275937,1.2464705697e-01,3.9324279948e-06,5.844068,0.00104524
37.275937,1.3916276314e-01,4.3903767883e-06,5.869942,0.00118447
37.275937,1.5536888810e-01,4.9016557629e-06,5.981240,0.00135140
37.275937,1.7346228865e-01,5.4724754563e-06,5.923131,0.00152504
37.275937,1.9366274646e-01,6.1097696510e-06,5.892719,0.00172149
37.275937,2.1621563775e-01,6.8212795994e-06,5.963703,0.00193494
37.275937,2.4139491390e-01,7.6156480574e-06,5.893695,0.00216509
37.275937,2.6950642916e-01,8.5025242681e-06,5.930369,0.00241108
37.275937,3.0089165584e-01,9.4926811724e-06,5.998407,0.00267150
37.275937,3.3593183228e-01,1.0598146268e-05,5.877055,0.00294428
37.275937,3.7505259366e-01,1.1832347709e-05,5.847260,0.00322669
37.275937,4.1872914234e-01,1.3210277416e-05,5.843360,0.00351533
37.275937,4.6749202008e-01,1.4748673189e-05,5.651035,0.00380618
37.275937,5.2193355259e-01,1.6466222016e-05,5.602782,0.00409469
37.275937,5.8271504458e-01,1.8383787071e-05,5.507078,0.00437592
37.275937,6.5057481262e-01,2.0524661136e-05,5.336361,0.00464479
37.275937,7.2633715356e-01,2.2914849543e-05,5.164457,0.00489637
37.275937,8.1092235729e-01,2.5743049242e-05,5.010270,0.00517744
37.275937,9.0535788556e-01,2.9556964847e-05,5.013380,0.00547888
37.275937,1.0107908526e+00,3.4254105195e-05,5.010184,0.00589622
37.275937,1.1285019594e+00,3.9697706744e-05,4.996058,0.00637627
37.275937,1.2599210499e+00,4.6437748555e-05,4.993688,0.00699614
37.275937,1.4066444801e+00,5.4831463344e-05,4.995367,0.00787629
37.275937,1.5704545088e+00,6.5349378526e-05,4.992732,0.00892472
37.275937,1.7533409465e+00,7.8860043615e-05,5.002314,0.01045684
37.275937,1.9575253262e+00,9.6355495697e-05,5.011696,0.01250848
37.275937,2.1854878884e+00,1.1883624252e-04,4.990679,0.01543333
37.275937,2.4399977085e+00,1.4295965159e-04,4.700005,0.01785139
37.275937,2.7241463332e+00,1.5960794116e-04,3.936407,0.01793381
37.275937,2.7241463332e+00,3.2995872451e-04,9.836798,0.07623981
37.275937,3.0413853336e+00,1.7819499836e-04,3.277343,0.01807921
37.275937,3.0413853336e+00,3.6838389083e-04,7.951750,0.07674954
37.275937,3.3955682317e+00,1.9894660133e-04,2.718380,0.01817203
37.275937,3.3955682317e+00,4.1128383930e-04,6.399755,0.07700640
37.275937,3.7909973093e+00,2.2211482111e-04,2.250667,0.01820774
37.275937,3.7909973093e+00,4.5917967826e-04,5.144281,0.07698495
37.275937,4.2324758681e+00,2.4798108350e-04,1.863004,0.01817873
37.275937,4.2324758681e+00,6.2170523585e-04,5.002307,0.11181502
37.275937,4.2324758681e+00,1.1683724126e-03,8.894537,0.37178451
37.275937,4.7253665758e+00,2.7685958760e-04,1.542748,0.01823737
37.275937,4.7253665758e+00,8.8746876220e-04,4.999798,0.17893377
37.275937,4.7253665758e+00,1.3044345954e-03,6.935114,0.36620446
37.275937,5.2756566064e+00,3.0910112241e-04,1.278011,0.01805902
37.275937,5.2756566064e+00,1.1867275235e-03,4.634576,0.24496296
37.275937,5.2756566064e+00,1.4563418267e-03,5.450705,0.35426665
37.275937,5.8900303675e+00,3.4509732787e-04,1.058367,0.01834295
37.275937,5.8900303675e+00,1.3249272409e-03,3.714360,0.24466596
37.275937,5.8900303675e+00,1.9293379992e-03,4.906021,0.46886971
37.275937,6.5759506955e+00,3.8528545213e-04,0.875304,0.01821398
37.275937,6.5759506955e+00,1.4792209323e-03,3.005187,0.23763771
37.275937,6.5759506955e+00,2.2220772200e-03,4.002855,0.46948313
37.275937,7.3417495075e+00,4.3015366286e-04,0.722203,0.01838106
37.275937,7.3417495075e+00,1.6514828128e-03,2.448858,0.23427838
37.275937,7.3417495075e+00,2.5354615672e-03,3.278607,0.46900755
37.275937,8.1967290095e+00,4.8024697700e-04,0.594013,0.01811499
37.275937,8.1967290095e+00,1.8438053581e-03,2.003418,0.22395138
37.275937,8.1967290095e+00,2.9751834518e-03,2.753915,0.46804347
37.275937,9.1512746909e+00,2.0585247224e-03,1.640579,0.21759072
37.275937,9.1512746909e+00,3.4695128856e-03,2.312278,0.46860423
37.275937,1.0216981478e+01,2.2982491151e-03,1.341896,0.21198398
37.275937,1.0216981478e+01,4.0459756039e-03,1.942907,0.46886946
37.275937,1.1406794577e+01,2.5658904834e-03,1.095079,0.19776448
37.275937,1.1406794577e+01,5.0210858174e-03,1.691497,0.46961051
37.275937,1.2735166723e+01,2.8646998837e-03,0.891292,0.18734174
37.275937,1.2735166723e+01,6.1925577527e-03,1.462468,0.46994706
37.275937,1.4218233734e+01,3.1983069725e-03,0.723577,0.17811773
37.275937,1.4218233734e+01,7.2891647280e-03,1.227266,0.45309743
37.275937,1.4218233734e+01,7.5974338689e-03,1.256419,0.46903866
37.275937,1.5874010520e+01,3.5707640959e-03,0.586091,0.16128088
37.275937,1.5874010520e+01,8.1380204977e-03,0.996693,0.38236591
37.275937,1.5874010520e+01,1.1153067026e-02,1.185665,0.46935888
37.275937,1.7722609903e+01,9.0857293109e-03,0.807582,0.35059209
37.275937,1.7722609903e+01,1.4457141680e-02,1.039826,0.46931215
37.275937,1.9786486935e+01,1.0143803046e-02,0.653104,0.31825364
37.275937,1.9786486935e+01,1.7941420353e-02,0.888717,0.45294750
37.275937,2.2090711661e+01,1.1325094190e-02,0.527349,0.28008421
37.275937,2.2090711661e+01,2.0030778839e-02,0.718556,0.39008562
37.275937,2.4663273642e+01,2.2363452448e-02,0.580094,0.35067636
42.919343,1.0000000000e-01,3.1517257982e-06,5.010457,0.00058437
42.919343,1.1164544638e-01,3.5078293667e-06,5.012248,0.00064984
42.919343,1.2464705697e-01,3.9041679554e-06,4.998673,0.00075794
42.919343,1.3916276314e-01,4.3588257411e-06,4.999198,0.00086044
42.919343,1.5536888810e-01,4.8815922730e-06,5.010741,0.00098820
42.919343,1.7346228865e-01,5.3826803671e-06,4.986910,0.00109319
42.919343,1.9366274646e-01,6.0282407347e-06,5.015423,0.00124547
42.919343,2.1621563775e-01,6.7722590883e-06,5.003643,0.00142522
42.919343,2.4139491390e-01,7.5140246626e-06,5.006994,0.00158404
42.919343,2.6950642916e-01,8.4414216436e-06,5.008127,0.00179695
42.919343,3.0089165584e-01,9.3369205555e-06,5.004020,0.00196680
42.919343,3.3593183228e-01,1.0391869793e-05,4.985037,0.00216884
42.919343,3.7505259366e-01,1.1747315608e-05,5.002265,0.00245426
42.919343,4.1872914234e-01,1.3074607789e-05,4.999992,0.00267728
42.919343,4.6749202008e-01,1.4688303822e-05,5.013285,0.00295827
42.919343,5.2193355259e-01,1.6449914426e-05,5.007653,0.00322869
42.919343,5.8271504458e-01,1.8711583687e-05,5.013083,0.00361211
42.919343,6.5057481262e-01,2.1021007331e-05,4.989959,0.00391586
42.919343,7.2633715356e-01,2.3911147964e-05,5.008349,0.00432282
42.919343,8.1092235729e-01,2.7114172125e-05,4.990287,0.00471003
42.919343,9.0535788556e-01,3.1034533018e-05,5.007460,0.00519266
42.919343,1.0107908526e+00,3.5632398976e-05,4.997361,0.00554276
42.919343,1.1285019594e+00,4.1423695059e-05,4.997132,0.00600966
42.919343,1.2599210499e+00,4.8156244363e-05,4.990411,0.00652614
42.919343,1.4066444801e+00,5.6507920761e-05,4.988108,0.00721323
42.919343,1.5704545088e+00,6.7138242950e-05,5.007845,0.00816684
42.919343,1.7533409465e+00,8.0266176926e-05,4.988122,0.00939785
42.919343,1.9575253262e+00,9.7465315314e-05,4.995072,0.01116268
42.919343,2.1854878884e+00,1.1121105914e-04,4.464516,0.01166310
42.919343,2.4399977085e+00,1.2416208339e-04,3.817546,0.01167893
42.919343,2.7241463332e+00,1.3862131224e-04,3.231308,0.01178425
42.919343,2.7241463332e+00,2.8657290510e-04,8.369858,0.05016989
42.919343,3.0413853336e+00,1.5476438282e-04,2.711859,0.01170727
42.919343,3.0413853336e+00,3.1994559909e-04,6.831455,0.04978637
42.919343,3.3955682317e+00,1.7278738603e-04,2.261076,0.01181150
42.919343,3.3955682317e+00,3.5720469227e-04,5.532027,0.05016318
42.919343,3.7909973093e+00,1.9290924841e-04,1.877013,0.01179570
42.919343,3.7909973093e+00,4.4329367991e-04,4.997897,0.06163855
42.919343,4.2324758681e+00,2.1537439149e-04,1.554622,0.01182333
42.919343,4.2324758681e+00,6.1723740719e-04,5.000047,0.09498602
42.919343,4.2324758681e+00,1.0147447291e-03,8.044654,0.24643620
42.919343,4.7253665758e+00,2.4045570076e-04,1.286757,0.01190796
42.919343,4.7253665758e+00,8.8383616918e-04,4.999617,0.15352719
42.919343,4.7253665758e+00,1.1329162824e-03,6.252156,0.24466961
42.919343,5.2756566064e+00,2.6845784045e-04,1.065407,0.01185217
42.919343,5.2756566064e+00,1.0306863517e-03,4.088210,0.16392736
42.919343,5.2756566064e+00,1.3048141198e-03,4.997048,0.25297387
42.919343,5.8900303675e+00,2.9972095431e-04,0.882533,0.01207183
42.919343,5.8900303675e+00,1.1507143781e-03,3.236038,0.16476238
42.919343,5.8900303675e+00,1.9945218138e-03,4.999215,0.43079390
42.919343,6.5759506955e+00,3.3462479732e-04,0.730991,0.01193750
42.919343,6.5759506955e+00,1.2847202040e-03,2.586195,0.15998325
42.919343,6.5759506955e+00,2.4446081144e-03,4.163024,0.46929308
42.919343,7.3417495075e+00,3.7359334865e-04,0.604844,0.01185719
42.919343,7.3417495075e+00,1.4343316064e-03,2.087233,0.15556535
42.919343,7.3417495075e+00,2.8596638506e-03,3.375523,0.46976203
42.919343,8.1967290095e+00,1.6013659245e-03,1.697961,0.15373074
42.919343,8.1967290095e+00,3.3038231809e-03,2.747379,0.46814453
42.919343,9.1512746909e+00,1.7878521346e-03,1.388026,0.14711933
42.919343,9.1512746909e+00,4.0117541460e-03,2.329010,0.46968607
42.919343,9.1512746909e+00,4.0032225379e-03,2.326133,0.46855533
42.919343,1.0216981478e+01,1.9960554962e-03,1.136628,0.14508985
42.919343,1.0216981478e+01,4.5491497355e-03,1.911713,0.45265539
42.919343,1.0216981478e+01,4.7121318342e-03,1.949805,0.46990342
42.919343,1.1406794577e+01,2.2285050686e-03,0.930139,0.14005747
42.919343,1.1406794577e+01,5.0789185285e-03,1.563259,0.41653121
42.919343,1.1406794577e+01,5.7396568434e-03,1.671912,0.46944246
42.919343,1.2735166723e+01,2.4880244314e-03,0.759592,0.13079853
42.919343,1.2735166723e+01,5.6703812622e-03,1.279381,0.36394148
42.919343,1.2735166723e+01,7.7229963679e-03,1.510408,0.46929253
42.919343,1.4218233734e+01,2.7777659824e-03,0.618699,0.12588695
42.919343,1.4218233734e+01,6.3307224714e-03,1.045308,0.33793013
42.919343,1.4218233734e+01,9.6141567014e-03,1.306449,0.46940237
42.919343,1.5874010520e+01,3.1012492303e-03,0.502624,0.11848970
42.919343,1.5874010520e+01,7.0679633621e-03,0.851820,0.30416079
42.919343,1.5874010520e+01,1.2501159688e-02,1.151214,0.45904998
42.919343,1.7722609903e+01,7.8910592453e-03,0.692275,0.27776096
42.919343,1.7722609903e+01,1.3956975536e-02,0.937969,0.41923229
42.919343,1.9786486935e+01,8.8100083183e-03,0.561262,0.23556761
42.919343,1.9786486935e+01,1.5582327638e-02,0.762086,0.33291023
42.919343,2.2090711661e+01,1.7396959247e-02,0.617694,0.30490792
49.417134,1.0000000000e-01,3.3821329593e-06,5.007368,0.00050483
49.417134,1.1164544638e-01,3.7525780005e-06,4.997454,0.00056099
49.417134,1.2464705697e-01,4.2157291964e-06,4.992813,0.00063019
49.417134,1.3916276314e-01,4.7066696794e-06,5.011536,0.00073687
49.417134,1.5536888810e-01,5.2547823730e-06,5.012368,0.00083170
49.417134,1.7346228865e-01,5.7941778687e-06,5.001150,0.00093090
49.417134,1.9366274646e-01,6.4890903175e-06,5.005159,0.00106899
49.417134,2.1621563775e-01,7.2447738507e-06,5.002805,0.00121411
49.417134,2.4139491390e-01,8.0133277003e-06,4.984942,0.00134417
49.417134,2.6950642916e-01,9.0023497292e-06,5.015347,0.00153345
49.417134,3.0089165584e-01,9.9883771435e-06,4.998447,0.00169895
49.417134,3.3593183228e-01,1.1221163995e-05,4.994445,0.00192086
49.417134,3.7505259366e-01,1.2527918631e-05,5.008011,0.00213443
49.417134,4.1872914234e-01,1.4117990418e-05,4.987093,0.00240395
49.417134,4.6749202008e-01,1.5713137677e-05,4.988664,0.00262655
49.417134,5.2193355259e-01,1.7652486708e-05,4.999883,0.00290704
49.417134,5.8271504458e-01,1.9769600308e-05,4.994606,0.00317830
49.417134,6.5057481262e-01,2.2487687231e-05,4.985624,0.00356215
49.417134,7.2633715356e-01,2.5341875392e-05,4.989482,0.00389304
49.417134,8.1092235729e-01,2.8736553024e-05,5.003114,0.00427912
49.417134,9.0535788556e-01,3.2789331132e-05,4.998842,0.00472988
49.417134,1.0107908526e+00,3.7530247097e-05,5.002047,0.00522460
49.417134,1.1285019594e+00,4.3224726391e-05,5.001831,0.00569077
49.417134,1.2599210499e+00,5.0406553955e-05,4.995571,0.00619968
49.417134,1.4066444801e+00,5.8781648693e-05,4.988755,0.00678284
49.417134,1.5704545088e+00,6.9406547819e-05,5.004382,0.00760109
49.417134,1.7533409465e+00,7.7489250127e-05,4.506125,0.00761067
49.417134,1.9575253262e+00,8.6513219198e-05,4.006184,0.00764857
49.417134,2.1854878884e+00,9.6588069748e-05,3.517402,0.00758892
49.417134,2.1854878884e+00,1.9967725957e-04,9.906360,0.03237881
49.417134,2.4399977085e+00,1.0783618162e-04,3.051019,0.00759590
49.417134,2.4399977085e+00,2.2293056776e-04,8.383347,0.03239231
49.417134,2.7241463332e+00,1.2039418632e-04,2.615785,0.00769365
49.417134,2.7241463332e+00,2.4889182749e-04,7.007506,0.03278926
49.417134,3.0413853336e+00,1.3441462673e-04,2.220074,0.00768559
49.417134,3.0413853336e+00,2.7787639180e-04,5.794028,0.03272838
49.417134,3.3955682317e+00,1.5006781001e-04,1.867288,0.00773772
49.417134,3.3955682317e+00,3.2505540168e-04,5.008777,0.03611592
49.417134,3.7909973093e+00,1.6754387635e-04,1.559410,0.00766173
49.417134,3.7909973093e+00,4.3737835815e-04,4.995707,0.05166342
49.417134,3.7909973093e+00,7.8938941741e-04,9.196319,0.16363368
49.417134,4.2324758681e+00,1.8705510863e-04,1.295829,0.00771127
49.417134,4.2324758681e+00,6.0522383866e-04,4.992842,0.07899656
49.417134,4.2324758681e+00,8.8131733872e-04,7.239741,0.16316946
49.417134,4.7253665758e+00,2.0883851100e-04,1.073744,0.00773624
49.417134,4.7253665758e+00,8.0179071186e-04,4.657568,0.10966795
49.417134,4.7253665758e+00,9.8395067681e-04,5.653332,0.16183051
49.417134,4.7253665758e+00,1.7403209250e-03,9.391922,0.44979983
49.417134,5.2756566064e+00,2.3315868781e-04,0.888774,0.00773359
49.417134,5.2756566064e+00,8.9516281926e-04,3.648434,0.10858512
49.417134,5.2756566064e+00,1.2675336300e-03,4.993424,0.20735638
49.417134,5.2756566064e+00,1.9429890651e-03,7.211447,0.43300050
49.417134,5.8900303675e+00,2.6031105777e-04,0.735789,0.00769831
49.417134,5.8900303675e+00,9.9940852536e-04,2.863392,0.10681068
49.417134,5.8900303675e+00,1.9315175213e-03,5.004125,0.34270058
49.417134,5.8900303675e+00,2.1692588147e-03,5.502201,0.41201064
49.417134,6.5759506955e+00,2.9062544241e-04,0.609432,0.00785253
49.417134,6.5759506955e+00,1.1157941093e-03,2.261255,0.10758168
49.417134,6.5759506955e+00,2.5429726211e-03,4.357227,0.43221971
49.417134,6.5759506955e+00,2.6920663235e-03,4.553266,0.46909825
49.417134,7.3417495075e+00,3.2447007246e-04,0.504839,0.00784132
49.417134,7.3417495075e+00,1.2457333139e-03,1.802096,0.10565629
49.417134,7.3417495075e+00,2.8391131341e-03,3.335851,0.40639350
49.417134,7.3417495075e+00,3.1589479724e-03,3.604091,0.46892255
49.417134,8.1967290095e+00,1.3908045190e-03,1.450585,0.10515639
49.417134,8.1967290095e+00,3.1697405316e-03,2.586132,0.38827911
49.417134,8.1967290095e+00,3.6838100482e-03,2.859981,0.46929344
49.417134,9.1512746909e+00,1.5527699134e-03,1.177761,0.10194342
49.417134,9.1512746909e+00,3.5388709655e-03,2.038716,0.35737150
49.417134,9.1512746909e+00,4.4870997453e-03,2.359833,0.46887524
49.417134,1.0216981478e+01,1.7335969011e-03,0.961790,0.10012301
49.417134,1.0216981478e+01,3.9509882861e-03,1.633936,0.33529270
49.417134,1.0216981478e+01,5.4316559890e-03,1.960515,0.46965933
49.417134,1.1406794577e+01,1.9354819986e-03,0.787433,0.09553220
49.417134,1.1406794577e+01,4.4110985083e-03,1.325877,0.30145933
49.417134,1.1406794577e+01,7.1289292911e-03,1.717501,0.46899124
49.417134,1.2735166723e+01,2.1608775168e-03,0.644621,0.09245229
49.417134,1.2735166723e+01,4.9247906197e-03,1.083183,0.27805908
49.417134,1.2735166723e+01,8.7105140213e-03,1.458304,0.45285492
49.417134,1.4218233734e+01,2.4125213493e-03,0.526775,0.08642694
49.417134,1.4218233734e+01,5.4983044705e-03,0.886573,0.24294677
49.417134,1.4218233734e+01,9.7248922608e-03,1.191983,0.37293333
49.417134,1.5874010520e+01,6.1386065692e-03,0.724815,0.22627701
49.417134,1.5874010520e+01,1.0857399374e-02,0.976200,0.34794292
49.417134,1.7722609903e+01,6.8534747055e-03,0.591105,0.20401416
49.417134,1.7722609903e+01,1.2121791996e-02,0.798254,0.30772773
49.417134,1.9786486935e+01,1.3533428783e-02,0.650926,0.28209457
49.417134,2.2090711661e+01,1.5109456975e-02,0.529265,0.22294167
56.898660,1.0000000000e-01,3.6293840539e-06,5.003572,0.00040988
56.898660,1.1164544638e-01,4.0520420277e-06,4.985541,0.00048234
56.898660,1.2464705697e-01,4.5239204092e-06,5.008802,0.00055733
56.898660,1.3916276314e-01,5.0194254360e-06,4.987398,0.00060331
56.898660,1.5536888810e-01,5.6039599335e-06,5.013407,0.00069390
56.898660,1.7346228865e-01,6.2371337112e-06,4.992680,0.00078909
56.898660,1.9366274646e-01,6.9634757729e-06,4.985339,0.00090315
56.898660,2.1621563775e-01,7.7744036100e-06,5.002208,0.00103422
56.898660,2.4139491390e-01,8.7068102384e-06,4.984944,0.00118066
56.898660,2.6950642916e-01,9.6604672106e-06,5.002370,0.00131551
56.898660,3.0089165584e-01,1.0819074882e-05,4.999410,0.00149323
56.898660,3.3593183228e-01,1.2004088212e-05,4.985406,0.00165645
56.898660,3.7505259366e-01,1.3527674257e-05,5.006755,0.00188698
56.898660,4.1872914234e-01,1.5056123552e-05,4.990237,0.00208670
56.898660,4.6749202008e-01,1.6757267518e-05,4.995925,0.00229581
56.898660,5.2193355259e-01,1.8942973130e-05,4.993924,0.00259170
56.898660,5.8271504458e-01,2.1280955354e-05,5.000658,0.00287317
56.898660,6.5057481262e-01,2.3833241654e-05,4.993322,0.00314666
56.898660,7.2633715356e-01,2.7194495175e-05,4.994817,0.00355504
56.898660,8.1092235729e-01,3.0646082053e-05,4.992072,0.00389245
56.898660,9.0535788556e-01,3.4751286093e-05,4.995028,0.00428657
56.898660,1.0107908526e+00,3.8798228480e-05,4.778626,0.00454492
56.898660,1.1285019594e+00,4.3316455373e-05,4.559290,0.00478575
56.898660,1.2599210499e+00,4.8360849956e-05,4.303104,0.00495537
56.898660,1.4066444801e+00,5.3992686804e-05,4.016821,0.00495407
56.898660,1.5704545088e+00,6.0280376193e-05,3.679960,0.00497380
56.898660,1.7533409465e+00,6.7300295078e-05,3.368397,0.00498976
56.898660,1.9575253262e+00,7.5137714853e-05,3.043902,0.00498490
56.898660,1.9575253262e+00,1.5533277590e-04,9.065706,0.02128503
56.898660,2.1854878884e+00,8.3887837145e-05,2.715798,0.00497507
56.898660,2.1854878884e+00,1.7342197102e-04,7.892207,0.02123698
56.898660,2.4399977085e+00,9.3656950236e-05,2.392747,0.00498409
56.898660,2.4399977085e+00,1.9361773366e-04,6.785261,0.02126772
56.898660,2.7241463332e+00,1.0456372015e-04,2.082429,0.00499586
56.898660,2.7241463332e+00,2.1616538301e-04,5.761804,0.02130802
56.898660,3.0413853336e+00,1.1674063211e-04,1.790854,0.00501333
56.898660,3.0413853336e+00,2.4819098028e-04,5.003449,0.02259599
56.898660,3.3955682317e+00,1.3033559982e-04,1.524223,0.00498182
56.898660,3.3955682317e+00,3.2372488275e-04,4.991743,0.03056690
56.898660,3.3955682317e+00,6.1408119148e-04,9.962586,0.10805489
56.898660,3.7909973093e+00,1.4551376221e-04,1.285028,0.00504911
56.898660,3.7909973093e+00,4.3423517799e-04,5.005762,0.04448928
56.898660,3.7909973093e+00,6.8559368734e-04,8.053874,0.10890399
56.898660,4.2324758681e+00,1.6245948936e-04,1.075069,0.00507130
56.898660,4.2324758681e+00,5.9529302599e-04,4.997021,0.06667034
56.898660,4.2324758681e+00,7.6543413256e-04,6.429941,0.10860357
56.898660,4.7253665758e+00,1.8137862208e-04,0.894401,0.00511069
56.898660,4.7253665758e+00,6.9636435262e-04,4.152979,0.07317376
56.898660,4.7253665758e+00,8.5457235402e-04,5.076054,0.10850745
56.898660,4.7253665758e+00,1.5114885173e-03,8.495420,0.30962629
56.898660,5.2756566064e+00,2.0250097225e-04,0.741554,0.00502018
56.898660,5.2756566064e+00,7.7745908988e-04,3.266149,0.07130821
56.898660,5.2756566064e+00,1.2236814342e-03,4.994733,0.16712822
56.898660,5.2756566064e+00,1.6875081021e-03,6.613457,0.29417473
56.898660,5.8900303675e+00,2.2608311438e-04,0.613890,0.00514445
56.898660,5.8900303675e+00,8.6799767130e-04,2.559187,0.07248892
56.898660,5.8900303675e+00,1.8416351963e-03,4.994721,0.28146438
56.898660,5.8900303675e+00,1.8840259532e-03,5.091101,0.29221545
56.898660,6.5759506955e+00,2.5241150224e-04,0.508170,0.00513552
56.898660,6.5759506955e+00,9.6907987465e-04,2.006569,0.07157488
56.898660,6.5759506955e+00,2.2086006446e-03,4.047666,0.30193929
56.898660,6.5759506955e+00,2.8798974538e-03,5.005505,0.44421926
56.898660,7.3417495075e+00,1.0819335518e-03,1.581252,0.07019406
56.898660,7.3417495075e+00,2.4658020483e-03,3.080197,0.28461089
56.898660,7.3417495075e+00,3.5851092097e-03,4.113043,0.46829385
56.898660,8.1967290095e+00,1.2079295434e-03,1.256724,0.06901716
56.898660,8.1967290095e+00,2.7529557036e-03,2.352620,0.26812644
56.898660,8.1967290095e+00,4.3668762534e-03,3.300363,0.46951366
56.898660,9.1512746909e+00,1.3485983306e-03,1.008819,0.06884518
56.898660,9.1512746909e+00,3.0735496838e-03,1.816434,0.25693902
56.898660,9.1512746909e+00,5.2370229062e-03,2.614587,0.46923515
56.898660,1.0216981478e+01,1.5056486261e-03,0.817304,0.06682238
56.898660,1.0216981478e+01,3.4314782641e-03,1.425004,0.23687589
56.898660,1.0216981478e+01,6.0692812834e-03,2.038188,0.42705032
56.898660,1.1406794577e+01,1.6809881294e-03,0.666574,0.06578730
56.898660,1.1406794577e+01,3.8310892252e-03,1.137128,0.22285906
56.898660,1.1406794577e+01,6.7760761807e-03,1.580221,0.39114990
56.898660,1.2735166723e+01,1.8767467006e-03,0.545510,0.06284561
56.898660,1.2735166723e+01,4.2772366666e-03,0.920048,0.20057924
56.898660,1.2735166723e+01,7.5651804987e-03,1.253085,0.33472376
56.898660,1.4218233734e+01,4.7753399690e-03,0.750639,0.18545334
56.898660,1.4218233734e+01,8.4461795370e-03,1.011983,0.30251001
56.898660,1.5874010520e+01,5.3314496244e-03,0.614306,0.16203633
56.898660,1.5874010520e+01,9.4297748458e-03,0.825877,0.24858477
56.898660,1.7722609903e+01,5.9523207315e-03,0.502485,0.15138554
56.898660,1.7722609903e+01,1.0527914219e-02,0.676320,0.23269667
56.898660,1.9786486935e+01,1.1753936824e-02,0.553387,0.20607450
65.512856,1.0000000000e-01,3.3336968403e-06,3.642757,0.00023983
65.512856,1.1164544638e-01,3.7219207182e-06,3.647716,0.00028609
65.512856,1.2464705697e-01,4.1553549996e-06,3.680667,0.00033520
65.512856,1.3916276314e-01,4.6392646378e-06,3.656607,0.00039179
65.512856,1.5536888810e-01,5.1795277135e-06,3.689220,0.00043516
65.512856,1.7346228865e-01,5.7827068359e-06,3.684299,0.00049116
65.512856,1.9366274646e-01,6.4561288596e-06,3.692966,0.00057304
65.512856,2.1621563775e-01,7.2079738839e-06,3.719463,0.00065467
65.512856,2.4139491390e-01,8.0473746174e-06,3.702052,0.00073977
65.512856,2.6950642916e-01,8.9845273132e-06,3.770803,0.00084275
65.512856,3.0089165584e-01,1.0030815624e-05,3.728836,0.00095476
65.512856,3.3593183228e-01,1.1198948878e-05,3.703779,0.00107830
65.512856,3.7505259366e-01,1.2503116464e-05,3.743304,0.00121263
65.512856,4.1872914234e-01,1.3959160188e-05,3.689765,0.00135762
65.512856,4.6749202008e-01,1.5584766702e-05,3.742310,0.00151275
65.512856,5.2193355259e-01,1.7399682351e-05,3.736733,0.00167717
65.512856,5.8271504458e-01,1.9425953029e-05,3.643818,0.00184963
65.512856,6.5057481262e-01,2.1688191972e-05,3.644565,0.00202843
65.512856,7.2633715356e-01,2.4213878738e-05,3.587932,0.00221148
65.512856,8.1092235729e-01,2.7033693002e-05,3.536736,0.00239625
65.512856,9.0535788556e-01,3.0181887224e-05,3.387960,0.00257988
65.512856,1.0107908526e+00,3.3696702717e-05,3.301946,0.00275927
65.512856,1.1285019594e+00,3.7620834162e-05,3.165944,0.00293119
65.512856,1.2599210499e+00,4.2001948231e-05,3.029730,0.00309247
65.512856,1.4066444801e+00,4.6893262589e-05,2.868222,0.00324022
65.512856,1.4066444801e+00,9.6942802468e-05,9.544897,0.01384433
65.512856,1.5704545088e+00,5.2354192338e-05,2.685718,0.00324307
65.512856,1.5704545088e+00,1.0823222454e-04,8.711142,0.01385523
65.512856,1.7533409465e+00,5.8451071732e-05,2.465576,0.00325964
65.512856,1.7533409465e+00,1.2083635022e-04,7.769997,0.01392434
65.512856,1.9575253262e+00,6.5257959947e-05,2.264957,0.00324192
65.512856,1.9575253262e+00,1.3490828258e-04,6.962772,0.01384641
65.512856,2.1854878884e+00,7.2857540679e-05,2.054112,0.00324013
65.512856,2.1854878884e+00,1.5061895429e-04,6.160166,0.01383588
65.512856,2.4399977085e+00,8.1342126510e-05,1.839229,0.00326171
65.512856,2.4399977085e+00,1.6815920384e-04,5.381650,0.01392440
65.512856,2.7241463332e+00,9.0814780235e-05,1.626125,0.00328566
65.512856,2.7241463332e+00,1.9855431214e-04,4.994553,0.01567980
65.512856,3.0413853336e+00,1.0139056677e-04,1.420030,0.00325250
65.512856,3.0413853336e+00,2.5261641030e-04,4.999895,0.02012790
65.512856,3.3955682317e+00,1.1319795085e-04,1.225029,0.00329963
65.512856,3.3955682317e+00,3.2847374794e-04,5.007952,0.02762535
65.512856,3.3955682317e+00,5.3333649921e-04,8.407295,0.07201006
65.512856,3.7909973093e+00,1.2638035752e-04,1.045697,0.00328562
65.512856,3.7909973093e+00,4.3515668645e-04,4.996820,0.03853258
65.512856,3.7909973093e+00,5.9544591523e-04,6.910829,0.07137833
65.512856,4.2324758681e+00,1.4109791428e-04,0.883795,0.00327364
65.512856,4.2324758681e+00,5.4171520662e-04,4.558451,0.04741247
65.512856,4.2324758681e+00,6.6478824999e-04,5.607027,0.07071507
65.512856,4.2324758681e+00,1.1758159524e-03,9.359362,0.20842170
65.512856,4.7253665758e+00,1.5752939623e-04,0.740836,0.00331098
65.512856,4.7253665758e+00,6.0480036052e-04,3.659094,0.04774514
65.512856,4.7253665758e+00,8.3015594444e-04,5.003464,0.08811020
65.512856,4.7253665758e+00,1.3127449686e-03,7.519963,0.20678853
65.512856,5.2756566064e+00,1.7587439759e-04,0.617165,0.00331680
65.512856,5.2756566064e+00,6.7523206219e-04,2.906411,0.04756206
65.512856,5.2756566064e+00,1.1961376951e-03,4.998427,0.14047184
65.512856,5.2756566064e+00,1.4656199799e-03,5.955662,0.20221510
65.512856,5.8900303675e+00,1.9635575626e-04,0.512078,0.00333452
65.512856,5.8900303675e+00,7.5386584991e-04,2.289732,0.04749301
65.512856,5.8900303675e+00,1.7181128672e-03,4.847083,0.21469036
65.512856,5.8900303675e+00,1.7852123081e-03,5.003495,0.22890530
65.512856,6.5759506955e+00,8.4165689321e-04,1.795228,0.04719488
65.512856,6.5759506955e+00,1.9181947799e-03,3.741686,0.20743344
65.512856,6.5759506955e+00,2.7544377359e-03,4.997879,0.35813091
65.512856,7.3417495075e+00,9.3967159538e-04,1.406670,0.04663490
65.512856,7.3417495075e+00,2.1415771244e-03,2.861467,0.19831382
65.512856,7.3417495075e+00,3.7878234853e-03,4.467593,0.42903770
65.512856,8.1967290095e+00,1.0491005471e-03,1.106486,0.04622194
65.512856,8.1967290095e+00,2.3909733400e-03,2.178036,0.18956628
65.512856,8.1967290095e+00,4.2289324381e-03,3.379098,0.39258312
65.512856,9.1512746909e+00,1.1712729888e-03,0.877097,0.04504918
65.512856,9.1512746909e+00,2.6694128582e-03,1.660615,0.17672636
65.512856,9.1512746909e+00,4.7214104974e-03,2.536065,0.34709676
65.512856,1.0216981478e+01,1.3076729566e-03,0.702103,0.04503706
65.512856,1.0216981478e+01,2.9802779011e-03,1.277445,0.16985786
65.512856,1.0216981478e+01,5.2712398251e-03,1.902091,0.32312110
65.512856,1.1406794577e+01,1.4599573096e-03,0.567465,0.04376483
65.512856,1.1406794577e+01,3.3273445660e-03,0.997392,0.15685409
65.512856,1.1406794577e+01,5.8850992323e-03,1.439354,0.28420532
65.512856,1.2735166723e+01,3.7148286932e-03,0.792246,0.14798535
65.512856,1.2735166723e+01,6.5704453076e-03,1.109088,0.26081316
65.512856,1.4218233734e+01,4.1474370766e-03,0.638851,0.13333273
65.512856,1.4218233734e+01,7.3356029926e-03,0.874106,0.22305572
65.512856,1.5874010520e+01,4.6304246373e-03,0.520307,0.12357682
65.512856,1.5874010520e+01,8.1898667055e-03,0.702833,0.20190465
65.512856,1.7722609903e+01,9.1436132410e-03,0.572361,0.18815800
75.431201,1.0000000000e-01,2.8953536224e-06,2.370233,0.00012696
75.431201,1.1164544638e-01,3.2325304760e-06,2.372422,0.00014490
75.431201,1.2464705697e-01,3.6089730791e-06,2.402995,0.00017422
75.431201,1.3916276314e-01,4.0292541038e-06,2.400483,0.00021359
75.431201,1.5536888810e-01,4.4984787298e-06,2.416796,0.00024938
75.431201,1.7346228865e-01,5.0223466581e-06,2.393044,0.00027726
75.431201,1.9366274646e-01,5.6072213450e-06,2.408550,0.00030881
75.431201,2.1621563775e-01,6.2602072999e-06,2.416372,0.00036263
75.431201,2.4139491390e-01,6.9892363841e-06,2.415562,0.00040984
75.431201,2.6950642916e-01,7.8031641593e-06,2.467633,0.00047067
75.431201,3.0089165584e-01,8.7118774571e-06,2.452814,0.00053337
75.431201,3.3593183228e-01,9.7264144748e-06,2.449341,0.00060408
75.431201,3.7505259366e-01,1.0859098857e-05,2.482276,0.00068307
75.431201,4.1872914234e-01,1.2123689391e-05,2.463568,0.00076910
75.431201,4.6749202008e-01,1.3535547138e-05,2.480616,0.00086215
75.431201,5.2193355259e-01,1.5111822022e-05,2.443898,0.00096197
75.431201,5.2193355259e-01,3.1240785910e-05,9.905462,0.00411119
75.431201,5.8271504458e-01,1.6871661152e-05,2.443905,0.00106806
75.431201,5.8271504458e-01,3.4878914881e-05,9.798859,0.00456455
75.431201,6.5057481262e-01,1.8836441404e-05,2.383444,0.00117967
75.431201,6.5057481262e-01,3.8940720210e-05,9.421871,0.00504149
75.431201,7.2633715356e-01,2.1030029087e-05,2.389539,0.00129577
75.431201,7.2633715356e-01,4.3475540901e-05,9.316583,0.00553762
75.431201,8.1092235729e-01,2.3479069847e-05,2.356373,0.00141507
75.431201,8.1092235729e-01,4.8538461703e-05,9.035335,0.00604737
75.431201,9.0535788556e-01,2.6213312336e-05,2.328378,0.00153598
75.431201,9.0535788556e-01,5.4190982233e-05,8.771034,0.00656399
75.431201,1.0107908526e+00,2.9265969567e-05,2.231574,0.00165669
75.431201,1.0107908526e+00,6.0501764009e-05,8.214853,0.00707970
75.431201,1.1285019594e+00,3.2674122360e-05,2.181021,0.00177520
75.431201,1.1285019594e+00,6.7547464494e-05,7.861337,0.00758596
75.431201,1.2599210499e+00,3.6479169758e-05,2.095756,0.00188941
75.431201,1.2599210499e+00,7.5413668250e-05,7.374042,0.00807375
75.431201,1.4066444801e+00,4.0727331911e-05,2.011609,0.00199722
75.431201,1.4066444801e+00,8.4195926546e-05,6.911487,0.00853408
75.431201,1.5704545088e+00,4.5470211509e-05,1.910167,0.00209667
75.431201,1.5704545088e+00,9.4000918024e-05,6.401896,0.00895853
75.431201,1.7533409465e+00,5.0765420608e-05,1.794150,0.00212234
75.431201,1.7533409465e+00,1.0494774453e-04,5.861481,0.00906744
75.431201,1.9575253262e+00,5.6677280442e-05,1.650278,0.00213547
75.431201,1.9575253262e+00,1.1716937784e-04,5.236847,0.00912253
75.431201,2.1854878884e+00,6.3277602744e-05,1.521458,0.00212702
75.431201,2.1854878884e+00,1.3663717642e-04,5.005831,0.00991104
75.431201,2.4399977085e+00,7.0646562039e-05,1.384787,0.00212897
75.431201,2.4399977085e+00,1.6695074288e-04,5.009532,0.01187601
75.431201,2.7241463332e+00,7.8873669538e-05,1.244354,0.00214578
75.431201,2.7241463332e+00,2.0718711365e-04,5.006376,0.01477742
75.431201,2.7241463332e+00,3.7161632763e-04,9.641011,0.04726046
75.431201,3.0413853336e+00,8.8058860430e-05,1.104053,0.00213770
75.431201,3.0413853336e+00,2.6196484462e-04,5.005317,0.01885305
75.431201,3.0413853336e+00,4.1489270779e-04,8.240293,0.04698014
75.431201,3.3955682317e+00,9.8313707801e-05,0.967432,0.00214755
75.431201,3.3955682317e+00,3.3746534076e-04,4.995231,0.02514614
75.431201,3.3955682317e+00,4.6320881560e-04,6.961962,0.04707191
75.431201,3.7909973093e+00,1.0976277792e-04,0.837240,0.00214934
75.431201,3.7909973093e+00,4.2141066524e-04,4.709059,0.03135914
75.431201,3.7909973093e+00,5.1715154983e-04,5.804730,0.04695298
75.431201,3.7909973093e+00,9.1468981603e-04,9.570234,0.14158131
75.431201,4.2324758681e+00,1.2254514337e-04,0.716844,0.00214149
75.431201,4.2324758681e+00,4.7048581829e-04,3.887659,0.03115715
75.431201,4.2324758681e+00,6.0307674972e-04,4.997313,0.05071980
75.431201,4.2324758681e+00,1.0212095281e-03,7.943732,0.13921457
75.431201,4.7253665758e+00,1.3681607233e-04,0.607449,0.00216133
75.431201,4.7253665758e+00,5.2527599196e-04,3.169090,0.03134155
75.431201,4.7253665758e+00,8.3971765492e-04,5.005346,0.07791355
75.431201,4.7253665758e+00,1.1401339360e-03,6.501708,0.13838769
75.431201,5.2756566064e+00,1.5274891466e-04,0.510266,0.00214707
75.431201,5.2756566064e+00,5.8644672593e-04,2.552079,0.03099728
75.431201,5.2756566064e+00,1.2024106554e-03,5.002745,0.12153389
75.431201,5.2756566064e+00,1.2729076222e-03,5.245212,0.13476849
75.431201,5.8900303675e+00,6.5474106493e-04,2.032700,0.03112121
75.431201,5.8900303675e+00,1.4922005666e-03,4.342783,0.14491230
75.431201,5.8900303675e+00,1.7779050652e-03,4.995601,0.19534005
75.431201,6.5759506955e+00,7.3098858455e-04,1.604601,0.03111374
75.431201,6.5759506955e+00,1.6659739834e-03,3.406727,0.14162823
75.431201,6.5759506955e+00,2.7346432173e-03,4.999127,0.30531764
75.431201,7.3417495075e+00,8.1611546818e-04,1.259261,0.03096050
75.431201,7.3417495075e+00,1.8599840903e-03,2.638264,0.13719596
75.431201,7.3417495075e+00,3.2897677787e-03,4.109851,0.31414451
75.431201,8.1967290095e+00,9.1115575740e-04,0.986426,0.03064172
75.431201,8.1967290095e+00,2.0765875401e-03,2.022124,0.13155619
75.431201,8.1967290095e+00,3.6728759213e-03,3.158247,0.28820505
75.431201,9.1512746909e+00,1.0172639125e-03,0.774740,0.03012939
75.431201,9.1512746909e+00,2.3184154286e-03,1.540303,0.12464384
75.431201,9.1512746909e+00,4.1005987172e-03,2.396032,0.26017447
75.431201,1.0216981478e+01,1.1357288360e-03,0.612624,0.03031014
75.431201,1.0216981478e+01,2.5884052541e-03,1.172981,0.12111965
75.431201,1.0216981478e+01,4.5781317419e-03,1.801112,0.24452699
75.431201,1.1406794577e+01,2.8898365999e-03,0.899455,0.11375464
75.431201,1.1406794577e+01,5.1112756189e-03,1.349916,0.21951162
75.431201,1.2735166723e+01,3.2263709715e-03,0.699058,0.10376322
75.431201,1.2735166723e+01,5.7065064803e-03,1.017933,0.18899038
75.431201,1.4218233734e+01,3.6020962729e-03,0.552626,0.09817180
75.431201,1.4218233734e+01,6.3710546324e-03,0.779832,0.17376515
75.431201,1.5874010520e+01,7.1129923832e-03,0.610718,0.14852313
86.851137,1.0000000000e-01,2.5146475521e-06,1.553852,0.00006023
86.851137,1.0000000000e-01,5.1985502280e-06,6.632902,0.00025740
86.851137,1.1164544638e-01,2.8074894844e-06,1.556675,0.00007950
86.851137,1.1164544638e-01,5.8039446071e-06,6.642537,0.00033979
86.851137,1.2464705697e-01,3.1344341668e-06,1.560359,0.00008958
86.851137,1.2464705697e-01,6.4798398640e-06,6.655165,0.00038283
86.851137,1.3916276314e-01,3.4994530169e-06,1.565826,0.00011096
86.851137,1.3916276314e-01,7.2344461407e-06,6.674559,0.00047421
86.851137,1.5536888810e-01,3.9069799414e-06,1.555979,0.00013050
86.851137,1.5536888810e-01,8.0769296866e-06,6.627420,0.00055771
86.851137,1.7346228865e-01,4.3619651955e-06,1.577028,0.00015613
86.851137,1.7346228865e-01,9.0175242021e-06,6.710978,0.00066728
86.851137,1.9366274646e-01,4.8699355132e-06,1.583975,0.00017645
86.851137,1.9366274646e-01,1.0067655148e-05,6.732583,0.00075391
86.851137,2.1621563775e-01,5.4370612420e-06,1.596300,0.00019549
86.851137,2.1621563775e-01,1.1240078529e-05,6.775099,0.00083536
86.851137,2.4139491390e-01,6.0702312934e-06,1.604063,0.00022720
86.851137,2.4139491390e-01,1.2549035847e-05,6.795566,0.00097097
86.851137,2.6950642916e-01,6.7771368236e-06,1.606881,0.00025740
86.851137,2.6950642916e-01,1.4010427087e-05,6.791799,0.00109999
86.851137,3.0089165584e-01,7.5663646582e-06,1.604103,0.00029465
86.851137,3.0089165584e-01,1.5642003861e-05,6.760374,0.00125919
86.851137,3.3593183228e-01,8.4475015971e-06,1.594627,0.00033636
86.851137,3.3593183228e-01,1.7463585033e-05,6.695874,0.00143745
86.851137,3.7505259366e-01,9.4312508658e-06,1.593078,0.00038272
86.851137,3.7505259366e-01,1.9497297463e-05,6.659956,0.00163556
86.851137,4.1872914234e-01,1.0529562128e-05,1.616835,0.00043257
86.851137,4.1872914234e-01,2.1767844784e-05,6.725927,0.00184864
86.851137,4.6749202008e-01,1.1755776639e-05,1.605186,0.00048763
86.851137,4.6749202008e-01,2.4302807475e-05,6.633758,0.00208397
86.851137,5.2193355259e-01,1.3124789304e-05,1.618627,0.00054731
86.851137,5.2193355259e-01,2.7132977888e-05,6.640855,0.00233905
86.851137,5.8271504458e-01,1.4653229604e-05,1.595024,0.00061149
86.851137,5.8271504458e-01,3.0292734278e-05,6.481560,0.00261333
86.851137,6.5057481262e-01,1.6359663600e-05,1.597403,0.00067989
86.851137,6.5057481262e-01,3.3820458404e-05,6.424306,0.00290562
86.851137,7.2633715356e-01,1.8264819452e-05,1.557996,0.00075205
86.851137,7.2633715356e-01,3.7759001752e-05,6.180526,0.00321401
86.851137,8.1092235729e-01,2.0391839207e-05,1.565662,0.00082737
86.851137,8.1092235729e-01,4.2156206053e-05,6.129172,0.00353586
86.851137,9.0535788556e-01,2.2766559907e-05,1.546497,0.00090503
86.851137,9.0535788556e-01,4.7065484424e-05,5.957249,0.00386773
86.851137,1.0107908526e+00,2.5417827433e-05,1.531830,0.00098406
86.851137,1.0107908526e+00,5.2546470174e-05,5.800320,0.00420540
86.851137,1.1285019594e+00,2.8377846897e-05,1.468742,0.00106331
86.851137,1.1285019594e+00,5.8665741181e-05,5.436951,0.00454398
86.851137,1.2599210499e+00,3.1682573840e-05,1.439489,0.00114149
86.851137,1.2599210499e+00,6.5497628611e-05,5.220125,0.00487796
86.851137,1.4066444801e+00,3.5372150987e-05,1.396748,0.00121724
86.851137,1.4066444801e+00,7.3581485900e-05,5.003441,0.00526662
86.851137,1.5704545088e+00,3.9491395862e-05,1.334496,0.00128918
86.851137,1.5704545088e+00,8.5807116638e-05,4.988778,0.00608508
86.851137,1.7533409465e+00,4.4090345191e-05,1.271039,0.00135599
86.851137,1.7533409465e+00,1.0100224059e-04,5.008381,0.00711368
86.851137,1.9575253262e+00,4.9224862697e-05,1.197512,0.00138849
86.851137,1.9575253262e+00,1.2000287528e-04,5.009536,0.00824788
86.851137,2.1854878884e+00,5.4957317687e-05,1.103466,0.00139853
86.851137,2.1854878884e+00,1.4617063965e-04,5.004982,0.00988500
86.851137,2.1854878884e+00,2.5893351602e-04,9.766365,0.03093602
86.851137,2.4399977085e+00,6.1357342648e-05,1.020994,0.00139493
86.851137,2.4399977085e+00,1.7749154163e-04,4.992231,0.01165665
86.851137,2.4399977085e+00,2.8908747978e-04,8.661338,0.03082527
86.851137,2.7241463332e+00,6.8502679084e-05,0.932624,0.00139811
86.851137,2.7241463332e+00,2.1958418829e-04,4.991625,0.01433240
86.851137,2.7241463332e+00,3.2275300722e-04,7.595294,0.03085703
86.851137,3.0413853336e+00,7.6480121843e-05,0.841047,0.00139511
86.851137,3.0413853336e+00,2.7763955371e-04,5.008618,0.01831089
86.851137,3.0413853336e+00,3.6033903561e-04,6.586273,0.03074108
86.851137,3.3955682317e+00,8.5386573421e-05,0.748862,0.00140224
86.851137,3.3955682317e+00,3.2782345153e-04,4.572246,0.02054764
86.851137,3.3955682317e+00,4.0230212477e-04,5.647326,0.03083748
86.851137,3.3955682317e+00,7.1155477850e-04,9.203017,0.09432757
86.851137,3.7909973093e+00,9.5330221041e-05,0.658465,0.00141036
86.851137,3.7909973093e+00,3.6599995578e-04,3.878968,0.02063361
86.851137,3.7909973093e+00,4.6914498833e-04,4.994849,0.03371532
86.851137,3.7909973093e+00,7.9441850867e-04,7.843243,0.09413374
86.851137,4.2324758681e+00,1.0643185081e-04,0.571966,0.00141351
86.851137,4.2324758681e+00,4.0862228437e-04,3.251512,0.02063781
86.851137,4.2324758681e+00,6.3322487267e-04,4.994168,0.04881695
86.851137,4.2324758681e+00,8.8693209011e-04,6.607138,0.09342433
86.851137,4.7253665758e+00,4.5620817338e-04,2.690679,0.02054575
86.851137,4.7253665758e+00,8.8169558081e-04,5.001292,0.07397351
86.851137,4.7253665758e+00,9.9021929105e-04,5.490193,0.09210959
86.851137,5.2756566064e+00,5.0933565157e-04,2.201082,0.02045829
86.851137,5.2756566064e+00,1.1608114850e-03,4.689553,0.09916226
86.851137,5.2756566064e+00,1.2598348534e-03,4.995522,0.11510577
86.851137,5.8900303675e+00,5.6865006175e-04,1.778435,0.02052070
86.851137,5.8900303675e+00,1.2959931640e-03,3.801898,0.09795401
86.851137,5.8900303675e+00,1.8667834717e-03,4.997350,0.18365246
86.851137,6.5759506955e+00,6.3487189976e-04,1.420636,0.02063193
86.851137,6.5759506955e+00,1.4469173530e-03,3.037391,0.09674286
86.851137,6.5759506955e+00,2.5591735494e-03,4.636125,0.24245900
86.851137,7.3417495075e+00,7.0880556641e-04,1.123952,0.02022232
86.851137,7.3417495075e+00,1.6154173374e-03,2.391959,0.09257380
86.851137,7.3417495075e+00,2.8572007328e-03,3.690480,0.22251136
86.851137,8.1967290095e+00,7.9134913856e-04,0.883178,0.02013868
86.851137,8.1967290095e+00,1.8035398972e-03,1.858718,0.08982838
86.851137,8.1967290095e+00,3.1899345120e-03,2.890847,0.20739533
86.851137,9.1512746909e+00,8.8350527814e-04,0.691874,0.01994602
86.851137,9.1512746909e+00,2.0135701688e-03,1.428274,0.08627968
86.851137,9.1512746909e+00,3.5614166251e-03,2.230377,0.19058784
86.851137,1.0216981478e+01,9.8639341154e-04,0.542748,0.02018225
86.851137,1.0216981478e+01,2.2480594030e-03,1.089269,0.08473728
86.851137,1.0216981478e+01,3.9761594884e-03,1.697713,0.18097350
86.851137,1.1406794577e+01,2.5098559553e-03,0.829000,0.07980084
86.851137,1.1406794577e+01,4.4392010094e-03,1.278830,0.16233033
86.851137,1.2735166723e+01,2.8021398847e-03,0.633991,0.07509481
86.851137,1.2735166723e+01,4.9561657825e-03,0.958487,0.14588845
86.851137,1.4218233734e+01,5.5333334110e-03,0.720806,0.13532827
86.851137,1.5874010520e+01,6.1777147863e-03,0.549293,0.11895368
100.000000,1.0000000000e-01,2.1840000000e-06,1.023062,0.00002931
100.000000,1.0000000000e-01,4.8348092793e-06,5.008590,0.00014365
100.000000,1.1164544638e-01,2.4383365489e-06,1.018720,0.00003666
100.000000,1.1164544638e-01,5.3978444013e-06,4.985726,0.00017964
100.000000,1.2464705697e-01,2.7222917241e-06,1.026214,0.00004897
100.000000,1.2464705697e-01,6.0077298344e-06,4.989348,0.00023852
100.000000,1.3916276314e-01,3.0393147471e-06,1.015847,0.00005675
100.000000,1.3916276314e-01,6.7492166888e-06,4.997899,0.00027984
100.000000,1.5536888810e-01,3.3932565162e-06,1.030587,0.00007012
100.000000,1.5536888810e-01,7.4884584290e-06,5.004799,0.00034151
100.000000,1.7346228865e-01,3.7884163842e-06,1.026210,0.00008344
100.000000,1.7346228865e-01,8.3865708278e-06,5.010235,0.00040894
100.000000,1.9366274646e-01,4.2295943827e-06,1.022468,0.00009846
100.000000,1.9366274646e-01,9.3632244364e-06,4.986551,0.00048254
100.000000,2.1621563775e-01,4.7221495285e-06,1.034149,0.00011373
100.000000,2.1621563775e-01,1.0421145667e-05,5.006049,0.00055383
100.000000,2.4139491390e-01,5.2720649196e-06,1.035973,0.00012433
100.000000,2.4139491390e-01,1.1634734597e-05,5.006573,0.00060544
100.000000,2.6950642916e-01,5.8860204128e-06,1.041522,0.00014182
100.000000,2.6950642916e-01,1.2949306604e-05,4.992367,0.00068636
100.000000,3.0089165584e-01,6.5714737636e-06,1.043746,0.00016373
100.000000,3.0089165584e-01,1.4457311161e-05,4.990304,0.00079238
100.000000,3.3593183228e-01,7.3367512169e-06,1.042199,0.00018750
100.000000,3.3593183228e-01,1.6191218150e-05,4.997357,0.00091313
100.000000,3.7505259366e-01,8.1911486456e-06,1.045828,0.00021315
100.000000,3.7505259366e-01,1.8076757777e-05,4.995265,0.00103806
100.000000,4.1872914234e-01,9.1450444688e-06,1.035577,0.00024229
100.000000,4.1872914234e-01,2.0371100788e-05,5.011216,0.00120220
100.000000,4.6749202008e-01,1.0210025718e-05,1.052549,0.00027384
100.000000,4.6749202008e-01,2.2602347567e-05,5.004640,0.00134193
100.000000,5.2193355259e-01,1.1399028789e-05,1.045295,0.00030906
100.000000,5.2193355259e-01,2.5391977603e-05,4.992812,0.00153353
100.000000,5.8271504458e-01,1.2726496574e-05,1.055572,0.00034732
100.000000,5.8271504458e-01,2.8348986739e-05,5.000797,0.00172337
100.000000,6.5057481262e-01,1.4208553908e-05,1.040376,0.00038855
100.000000,6.5057481262e-01,3.2046638480e-05,4.990167,0.00197655
100.000000,7.2633715356e-01,1.5863203434e-05,1.043473,0.00043261
100.000000,7.2633715356e-01,3.6001903083e-05,5.002449,0.00222822
100.000000,8.1092235729e-01,1.7710544283e-05,1.051419,0.00047924
100.000000,8.1092235729e-01,4.0319715066e-05,5.001670,0.00248374
100.000000,9.0535788556e-01,1.9773016221e-05,1.025172,0.00052805
100.000000,9.0535788556e-01,4.6149427788e-05,5.004489,0.00287633
100.000000,1.0107908526e+00,2.2075672222e-05,1.014283,0.00057856
100.000000,1.0107908526e+00,5.2331386614e-05,4.986656,0.00325097
100.000000,1.1285019594e+00,2.4646482792e-05,1.007103,0.00063016
100.000000,1.1285019594e+00,5.9526335194e-05,5.001480,0.00367546
100.000000,1.2599210499e+00,2.7516675730e-05,0.965922,0.00068211
100.000000,1.2599210499e+00,6.9416689872e-05,4.997602,0.00434037
100.000000,1.4066444801e+00,3.0721115446e-05,0.949327,0.00073362
100.000000,1.4066444801e+00,7.9700995910e-05,4.990995,0.00493663
100.000000,1.5704545088e+00,3.4298726472e-05,0.923735,0.00078378
100.000000,1.5704545088e+00,9.2654714399e-05,5.004181,0.00571797
100.000000,1.7533409465e+00,3.8292966271e-05,0.884559,0.00083170
100.000000,1.7533409465e+00,1.0940223707e-04,5.007138,0.00678554
100.000000,1.7533409465e+00,1.8041878339e-04,9.416520,0.01843118
100.000000,1.9575253262e+00,4.2752353124e-05,0.845040,0.00087649
100.000000,1.9575253262e+00,1.2957937024e-04,4.997607,0.00804652
100.000000,1.9575253262e+00,2.0142935606e-04,8.530894,0.01941640
100.000000,2.1854878884e+00,4.7731055482e-05,0.798593,0.00091508
100.000000,2.1854878884e+00,1.5588360276e-04,5.000466,0.00975025
100.000000,2.1854878884e+00,2.2488670371e-04,7.653095,0.02026166
100.000000,2.4399977085e+00,5.3289549953e-05,0.746449,0.00091560
100.000000,2.4399977085e+00,1.9046707466e-04,5.004321,0.01167701
100.000000,2.4399977085e+00,2.5107576420e-04,6.802054,0.02025830
100.000000,2.7241463332e+00,5.9495355917e-05,0.684462,0.00091444
100.000000,2.7241463332e+00,2.2841967004e-04,4.733068,0.01344390
100.000000,2.7241463332e+00,2.8031465768e-04,5.874825,0.02021364
100.000000,2.7241463332e+00,4.9579463264e-04,9.429704,0.06255468
100.000000,3.0413853336e+00,6.6423855686e-05,0.627471,0.00091464
100.000000,3.0413853336e+00,2.5502016022e-04,4.171526,0.01343668
100.000000,3.0413853336e+00,3.1295855083e-04,5.167953,0.02019411
100.000000,3.0413853336e+00,5.5353213072e-04,8.330429,0.06232317
100.000000,3.3955682317e+00,7.4159210181e-05,0.567888,0.00091715
100.000000,3.3955682317e+00,2.8471839623e-04,3.634272,0.01346092
100.000000,3.3955682317e+00,3.9080775170e-04,5.005818,0.02524612
100.000000,3.3955682317e+00,6.1799341818e-04,7.279406,0.06219273
100.000000,3.7909973093e+00,8.2795381236e-05,0.507442,0.00091197
100.000000,3.7909973093e+00,3.1787512439e-04,3.129802,0.01336810
100.000000,3.7909973093e+00,5.1612771824e-04,5.004588,0.03486657
100.000000,3.7909973093e+00,6.8996151030e-04,6.292322,0.06145394
100.000000,4.2324758681e+00,3.5489310154e-04,2.664039,0.01343371
100.000000,4.2324758681e+00,6.9880989945e-04,4.994788,0.05087139
100.000000,4.2324758681e+00,7.7031060800e-04,5.379515,0.06139224
100.000000,4.7253665758e+00,3.9622198738e-04,2.240694,0.01344605
100.000000,4.7253665758e+00,9.0301755263e-04,4.716341,0.06692380
100.000000,4.7253665758e+00,9.8004973307e-04,5.004774,0.07810218
100.000000,5.2756566064e+00,4.4236380645e-04,1.860380,0.01339602
100.000000,5.2756566064e+00,1.0081779775e-03,3.935081,0.06598966
100.000000,5.2756566064e+00,1.4209263649e-03,4.999089,0.12326615
100.000000,5.8900303675e+00,4.9387904632e-04,1.527270,0.01350511
100.000000,5.8900303675e+00,1.1255848032e-03,3.249532,0.06574646
100.000000,5.8900303675e+00,1.9908302642e-03,4.805556,0.17669385
100.000000,6.5759506955e+00,5.5139346582e-04,1.238203,0.01340439
100.000000,6.5759506955e+00,1.2566641779e-03,2.645218,0.06426602
100.000000,6.5759506955e+00,2.2226713351e-03,3.970516,0.16758714
100.000000,7.3417495075e+00,6.1560569620e-04,0.992116,0.01340331
100.000000,7.3417495075e+00,1.4030083309e-03,2.121985,0.06313788
100.000000,7.3417495075e+00,2.4815113335e-03,3.227893,0.15941393
100.000000,8.1967290095e+00,6.8729572745e-04,0.786854,0.01343504
100.000000,8.1967290095e+00,1.5663949137e-03,1.677699,0.06200658
100.000000,8.1967290095e+00,2.7704944052e-03,2.581307,0.15124153
100.000000,9.1512746909e+00,7.6733438283e-04,0.619263,0.01340904
100.000000,9.1512746909e+00,1.7488085934e-03,1.308351,0.06040281
100.000000,9.1512746909e+00,3.0931308455e-03,2.030985,0.14182837
100.000000,1.0216981478e+01,1.9524651604e-03,1.008216,0.05830336
100.000000,1.0216981478e+01,3.4533397395e-03,1.573431,0.13133145
100.000000,1.1406794577e+01,2.1798384437e-03,0.770174,0.05568618
100.000000,1.1406794577e+01,3.8554965671e-03,1.201917,0.11990608
100.000000,1.2735166723e+01,2.4336903607e-03,0.586109,0.05316659
100.000000,1.2735166723e+01,4.3044863523e-03,0.907626,0.10961228
100.000000,1.4218233734e+01,4.8057630022e-03,0.680728,0.09687686
100.000000,1.5874010520e+01,5.3654155557e-03,0.510944,0.09006779
