m_chi_GeV,m_phi_MeV,alpha,omega_h2,lambda,sigma_m_30,sigma_m_1000,sidm_viable
10.000000,1.0000000000e+00,5.538274e-04,0.120011,5.5383,339.778829,5.932916,0
10.000000,1.1444190000e+00,5.538274e-04,0.120011,4.8394,226.279188,4.557598,0
10.000000,1.3096960000e+00,5.538274e-04,0.120011,4.2287,153.141160,3.485010,0
10.000000,1.4988410000e+00,5.538274e-04,0.120011,3.6950,104.974376,2.676880,0
10.000000,1.7153020000e+00,5.538274e-04,0.120011,3.2287,72.328656,2.026031,0
10.000000,1.9630250000e+00,5.538274e-04,0.120011,2.8213,49.699158,1.574200,0
10.000000,2.2465240000e+00,5.538274e-04,0.120011,2.4653,33.865049,1.193305,0
10.000000,2.5709650000e+00,5.538274e-04,0.120011,2.1542,22.813737,0.918868,0
10.000000,2.9422620000e+00,5.538274e-04,0.120011,1.8823,15.175225,0.690058,0
10.000000,3.3671820000e+00,5.538274e-04,0.120011,1.6448,9.962785,0.526614,0
10.000000,3.8534680000e+00,5.538274e-04,0.120011,1.4372,6.453925,0.402806,0
10.000000,4.4099830000e+00,5.538274e-04,0.120011,1.2558,4.123756,0.298508,0
10.000000,5.0468690000e+00,5.538274e-04,0.120011,1.0974,2.597219,0.225744,0
10.000000,5.7757350000e+00,5.538274e-04,0.120011,0.9589,1.610964,0.167935,0
10.000000,6.6098620000e+00,5.538274e-04,0.120011,0.8379,0.983009,0.124633,0
10.000000,7.5644540000e+00,5.538274e-04,0.120011,0.7321,0.589393,0.091508,0
10.000000,8.6569070000e+00,5.538274e-04,0.120011,0.6398,0.346814,0.065938,0
10.000000,9.9071320000e+00,5.538274e-04,0.120011,0.5590,0.200043,0.047585,0
10.000000,1.1337910000e+01,5.538274e-04,0.120011,0.4885,0.112990,0.033914,0
10.000000,1.2975330000e+01,5.538274e-04,0.120011,0.4268,0.062446,0.023880,0
10.000000,1.4849210000e+01,5.538274e-04,0.120011,0.3730,0.033752,0.016622,0
10.000000,1.6993730000e+01,5.538274e-04,0.120011,0.3259,0.017839,0.011443,0
10.000000,1.9447950000e+01,5.538274e-04,0.120011,0.2848,0.009222,0.007804,0
10.000000,2.2256610000e+01,5.538274e-04,0.120011,0.2488,0.004666,0.005275,0
10.000000,2.5470890000e+01,5.538274e-04,0.120011,0.2174,0.002314,0.003537,0
10.000000,2.9149380000e+01,5.538274e-04,0.120011,0.1900,0.001126,0.002353,0
10.000000,3.3359110000e+01,5.538274e-04,0.120011,0.1660,0.000539,0.001553,0
10.000000,3.8176810000e+01,5.538274e-04,0.120011,0.1451,0.000254,0.001014,0
10.000000,4.3690280000e+01,5.538274e-04,0.120011,0.1268,0.000118,0.000655,0
10.000000,5.0000000000e+01,5.538274e-04,0.120011,0.1108,0.000055,0.000418,0
11.288379,1.0000000000e+00,6.126743e-04,0.120011,6.9161,381.442137,6.364933,0
11.288379,1.1444190000e+00,6.126743e-04,0.120011,6.0433,250.446730,4.909000,0
11.288379,1.3096960000e+00,6.126743e-04,0.120011,5.2807,166.583984,3.769932,0
11.288379,1.4988410000e+00,6.126743e-04,0.120011,4.6143,112.754342,2.882008,0
11.288379,1.7153020000e+00,6.126743e-04,0.120011,4.0320,77.412671,2.191678,0
11.288379,1.9630250000e+00,6.126743e-04,0.120011,3.5232,53.481197,1.674598,0
11.288379,2.2465240000e+00,6.126743e-04,0.120011,3.0786,36.870524,1.300124,0
11.288379,2.5709650000e+00,6.126743e-04,0.120011,2.6901,25.215826,0.985235,0
11.288379,2.9422620000e+00,6.126743e-04,0.120011,2.3506,17.053395,0.758033,0
11.288379,3.3671820000e+00,6.126743e-04,0.120011,2.0540,11.390228,0.569103,0
11.288379,3.8534680000e+00,6.126743e-04,0.120011,1.7948,7.510096,0.433926,0
11.288379,4.4099830000e+00,6.126743e-04,0.120011,1.5683,4.886833,0.331515,0
11.288379,5.0468690000e+00,6.126743e-04,0.120011,1.3704,3.136769,0.245575,0
11.288379,5.7757350000e+00,6.126743e-04,0.120011,1.1974,1.984713,0.185465,0
11.288379,6.6098620000e+00,6.126743e-04,0.120011,1.0463,1.236650,0.137816,0
11.288379,7.5644540000e+00,6.126743e-04,0.120011,0.9143,0.757910,0.102134,0
11.288379,8.6569070000e+00,6.126743e-04,0.120011,0.7989,0.456294,0.074880,0
11.288379,9.9071320000e+00,6.126743e-04,0.120011,0.6981,0.269496,0.053900,0
11.288379,1.1337910000e+01,6.126743e-04,0.120011,0.6100,0.155954,0.038831,0
11.288379,1.2975330000e+01,6.126743e-04,0.120011,0.5330,0.088330,0.027628,0
11.288379,1.4849210000e+01,6.126743e-04,0.120011,0.4658,0.048924,0.019421,0
11.288379,1.6993730000e+01,6.126743e-04,0.120011,0.4070,0.026487,0.013496,0
11.288379,1.9447950000e+01,6.126743e-04,0.120011,0.3556,0.014014,0.009277,0
11.288379,2.2256610000e+01,6.126743e-04,0.120011,0.3107,0.007250,0.006318,0
11.288379,2.5470890000e+01,6.126743e-04,0.120011,0.2715,0.003669,0.004266,0
11.288379,2.9149380000e+01,6.126743e-04,0.120011,0.2373,0.001819,0.002858,0
11.288379,3.3359110000e+01,6.126743e-04,0.120011,0.2073,0.000885,0.001900,0
11.288379,3.8176810000e+01,6.126743e-04,0.120011,0.1812,0.000423,0.001252,0
11.288379,4.3690280000e+01,6.126743e-04,0.120011,0.1583,0.000200,0.000818,0
11.288379,5.0000000000e+01,6.126743e-04,0.120011,0.1383,0.000093,0.000528,0
12.742750,1.0000000000e+00,6.796264e-04,0.119997,8.6603,431.013739,6.882805,0
12.742750,1.1444190000e+00,6.796264e-04,0.119997,7.5674,281.852223,5.290705,0
12.742750,1.3096960000e+00,6.796264e-04,0.119997,6.6125,184.688527,4.079182,0
12.742750,1.4988410000e+00,6.796264e-04,0.119997,5.7780,122.662228,3.131765,0
12.742750,1.7153020000e+00,6.796264e-04,0.119997,5.0489,83.014964,2.393566,0
12.742750,1.9630250000e+00,6.796264e-04,0.119997,4.4117,57.077136,1.819890,0
12.742750,2.2465240000e+00,6.796264e-04,0.119997,3.8550,39.536623,1.390056,0
12.742750,2.5709650000e+00,6.796264e-04,0.119997,3.3685,27.348468,1.078387,0
12.742750,2.9422620000e+00,6.796264e-04,0.119997,2.9434,18.773672,0.816937,0
12.742750,3.3671820000e+00,6.796264e-04,0.119997,2.5720,12.747390,0.628038,0
12.742750,3.8534680000e+00,6.796264e-04,0.119997,2.2474,8.550234,0.471358,0
12.742750,4.4099830000e+00,6.796264e-04,0.119997,1.9638,5.662711,0.359080,0
12.742750,5.0468690000e+00,6.796264e-04,0.119997,1.7160,3.701923,0.274008,0
12.742750,5.7757350000e+00,6.796264e-04,0.119997,1.4994,2.387643,0.202885,0
12.742750,6.6098620000e+00,6.796264e-04,0.119997,1.3102,1.518112,0.153016,0
12.742750,7.5644540000e+00,6.796264e-04,0.119997,1.1449,0.950524,0.113574,0
12.742750,8.6569070000e+00,6.796264e-04,0.119997,1.0004,0.585311,0.084046,0
12.742750,9.9071320000e+00,6.796264e-04,0.119997,0.8741,0.353964,0.061528,0
12.742750,1.1337910000e+01,6.796264e-04,0.119997,0.7638,0.209921,0.044239,0
12.742750,1.2975330000e+01,6.796264e-04,0.119997,0.6674,0.121924,0.031816,0
12.742750,1.4849210000e+01,6.796264e-04,0.119997,0.5832,0.069271,0.022597,0
12.742750,1.6993730000e+01,6.796264e-04,0.119997,0.5096,0.038465,0.015858,0
12.742750,1.9447950000e+01,6.796264e-04,0.119997,0.4453,0.020865,0.011002,0
12.742750,2.2256610000e+01,6.796264e-04,0.119997,0.3891,0.011055,0.007551,0
12.742750,2.5470890000e+01,6.796264e-04,0.119997,0.3400,0.005724,0.005135,0
12.742750,2.9149380000e+01,6.796264e-04,0.119997,0.2971,0.002898,0.003463,0
12.742750,3.3359110000e+01,6.796264e-04,0.119997,0.2596,0.001437,0.002318,0
12.742750,3.8176810000e+01,6.796264e-04,0.119997,0.2268,0.000699,0.001540,0
12.742750,4.3690280000e+01,6.796264e-04,0.119997,0.1982,0.000334,0.001014,0
12.742750,5.0000000000e+01,6.796264e-04,0.119997,0.1732,0.000158,0.000662,0
14.384499,1.0000000000e+00,7.555133e-04,0.119998,10.8677,482.608776,7.382935,0
14.384499,1.1444190000e+00,7.555133e-04,0.119998,9.4962,318.916142,5.697986,0
14.384499,1.3096960000e+00,7.555133e-04,0.119998,8.2979,208.263271,4.410296,0
14.384499,1.4988410000e+00,7.555133e-04,0.119998,7.2507,136.179910,3.399339,0
14.384499,1.7153020000e+00,7.555133e-04,0.119998,6.3357,90.286677,2.540419,0
14.384499,1.9630250000e+00,7.555133e-04,0.119998,5.5362,61.080016,1.993628,0
14.384499,2.2465240000e+00,7.555133e-04,0.119998,4.8376,42.049178,1.515520,0
14.384499,2.5709650000e+00,7.555133e-04,0.119998,4.2271,29.202039,1.157190,0
14.384499,2.9422620000e+00,7.555133e-04,0.119998,3.6936,20.267450,0.897069,0
14.384499,3.3671820000e+00,7.555133e-04,0.119998,3.2275,13.965234,0.679355,0
14.384499,3.8534680000e+00,7.555133e-04,0.119998,2.8202,9.520800,0.521855,0
14.384499,4.4099830000e+00,7.555133e-04,0.119998,2.4643,6.413476,0.391533,0
14.384499,5.0468690000e+00,7.555133e-04,0.119998,2.1534,4.266915,0.298007,0
14.384499,5.7757350000e+00,7.555133e-04,0.119998,1.8816,2.802821,0.227136,0
14.384499,6.6098620000e+00,7.555133e-04,0.119998,1.6442,1.816773,0.168098,0
14.384499,7.5644540000e+00,7.555133e-04,0.119998,1.4367,1.161055,0.126608,0
14.384499,8.6569070000e+00,7.555133e-04,0.119998,1.2554,0.730704,0.093862,0
14.384499,9.9071320000e+00,7.555133e-04,0.119998,1.0970,0.452226,0.069357,0
14.384499,1.1337910000e+01,7.555133e-04,0.119998,0.9585,0.274806,0.050698,0
14.384499,1.2975330000e+01,7.555133e-04,0.119998,0.8376,0.163709,0.036410,0
14.384499,1.4849210000e+01,7.555133e-04,0.119998,0.7319,0.095469,0.026139,0
14.384499,1.6993730000e+01,7.555133e-04,0.119998,0.6395,0.054431,0.018532,0
14.384499,1.9447950000e+01,7.555133e-04,0.119998,0.5588,0.030313,0.012983,0
14.384499,2.2256610000e+01,7.555133e-04,0.119998,0.4883,0.016480,0.008992,0
14.384499,2.5470890000e+01,7.555133e-04,0.119998,0.4267,0.008747,0.006162,0
14.384499,2.9149380000e+01,7.555133e-04,0.119998,0.3728,0.004534,0.004185,0
14.384499,3.3359110000e+01,7.555133e-04,0.119998,0.3258,0.002297,0.002819,0
14.384499,3.8176810000e+01,7.555133e-04,0.119998,0.2847,0.001139,0.001885,0
14.384499,4.3690280000e+01,7.555133e-04,0.119998,0.2487,0.000554,0.001251,0
14.384499,5.0000000000e+01,7.555133e-04,0.119998,0.2174,0.000265,0.000824,0
16.237767,1.0000000000e+00,8.414032e-04,0.120008,13.6625,527.351307,8.113289,0
16.237767,1.1444190000e+00,8.414032e-04,0.120008,11.9384,356.801253,6.169220,0
16.237767,1.3096960000e+00,8.414032e-04,0.120008,10.4318,235.857655,4.760185,0
16.237767,1.4988410000e+00,8.414032e-04,0.120008,9.1154,153.835173,3.683313,0
16.237767,1.7153020000e+00,8.414032e-04,0.120008,7.9651,100.370230,2.768967,0
16.237767,1.9630250000e+00,8.414032e-04,0.120008,6.9599,66.411931,2.121392,0
16.237767,2.2465240000e+00,8.414032e-04,0.120008,6.0816,44.898194,1.663722,0
16.237767,2.5709650000e+00,8.414032e-04,0.120008,5.3142,30.942387,1.264498,0
16.237767,2.9422620000e+00,8.414032e-04,0.120008,4.6435,21.541973,0.965210,0
16.237767,3.3671820000e+00,8.414032e-04,0.120008,4.0576,15.000586,0.747716,0
16.237767,3.8534680000e+00,8.414032e-04,0.120008,3.5455,10.374953,0.566064,0
16.237767,4.4099830000e+00,8.414032e-04,0.120008,3.0981,7.101776,0.434494,0
16.237767,5.0468690000e+00,8.414032e-04,0.120008,2.7071,4.804634,0.325875,0
16.237767,5.7757350000e+00,8.414032e-04,0.120008,2.3655,3.211268,0.247817,0
16.237767,6.6098620000e+00,8.414032e-04,0.120008,2.0670,2.119696,0.188664,0
16.237767,7.5644540000e+00,8.414032e-04,0.120008,1.8061,1.381019,0.139553,0
16.237767,8.6569070000e+00,8.414032e-04,0.120008,1.5782,0.887256,0.104966,0
16.237767,9.9071320000e+00,8.414032e-04,0.120008,1.3791,0.561398,0.077726,0
16.237767,1.1337910000e+01,8.414032e-04,0.120008,1.2050,0.349303,0.057348,0
16.237767,1.2975330000e+01,8.414032e-04,0.120008,1.0530,0.213362,0.041856,0
16.237767,1.4849210000e+01,8.414032e-04,0.120008,0.9201,0.127724,0.030023,0
16.237767,1.6993730000e+01,8.414032e-04,0.120008,0.8040,0.074814,0.021515,0
16.237767,1.9447950000e+01,8.414032e-04,0.120008,0.7025,0.042821,0.015227,0
16.237767,2.2256610000e+01,8.414032e-04,0.120008,0.6139,0.023925,0.010648,0
16.237767,2.5470890000e+01,8.414032e-04,0.120008,0.5364,0.013042,0.007362,0
16.237767,2.9149380000e+01,8.414032e-04,0.120008,0.4687,0.006935,0.005038,0
16.237767,3.3359110000e+01,8.414032e-04,0.120008,0.4096,0.003600,0.003416,0
16.237767,3.8176810000e+01,8.414032e-04,0.120008,0.3579,0.001826,0.002299,0
16.237767,4.3690280000e+01,8.414032e-04,0.120008,0.3127,0.000906,0.001536,0
16.237767,5.0000000000e+01,8.414032e-04,0.120008,0.2733,0.000441,0.001019,0
18.329807,1.0000000000e+00,9.385809e-04,0.120005,17.2040,555.929703,8.819459,0
18.329807,1.1444190000e+00,9.385809e-04,0.120005,15.0330,388.587583,6.745672,0
18.329807,1.3096960000e+00,9.385809e-04,0.120005,13.1359,263.510281,5.160401,0
18.329807,1.4988410000e+00,9.385809e-04,0.120005,11.4782,174.303413,3.980988,0
18.329807,1.7153020000e+00,9.385809e-04,0.120005,10.0297,113.570338,3.007864,0
18.329807,1.9630250000e+00,9.385809e-04,0.120005,8.7640,73.934726,2.315261,0
18.329807,2.2465240000e+00,9.385809e-04,0.120005,7.6581,48.810948,1.773450,0
18.329807,2.5709650000e+00,9.385809e-04,0.120005,6.6917,32.966966,1.350945,0
18.329807,2.9422620000e+00,9.385809e-04,0.120005,5.8472,22.739167,1.056305,0
18.329807,3.3671820000e+00,9.385809e-04,0.120005,5.1093,15.868289,0.806051,0
18.329807,3.8534680000e+00,9.385809e-04,0.120005,4.4646,11.085727,0.604722,0
18.329807,4.4099830000e+00,9.385809e-04,0.120005,3.9012,7.695838,0.467349,0
18.329807,5.0468690000e+00,9.385809e-04,0.120005,3.4088,5.289100,0.362228,0
18.329807,5.7757350000e+00,9.385809e-04,0.120005,2.9787,3.593716,0.271579,0
18.329807,6.6098620000e+00,9.385809e-04,0.120005,2.6028,2.413018,0.206352,0
18.329807,7.5644540000e+00,9.385809e-04,0.120005,2.2743,1.600639,0.156919,0
18.329807,8.6569070000e+00,9.385809e-04,0.120005,1.9873,1.048287,0.116009,0
18.329807,9.9071320000e+00,9.385809e-04,0.120005,1.7365,0.677158,0.087141,0
18.329807,1.1337910000e+01,9.385809e-04,0.120005,1.5174,0.430858,0.064449,0
18.329807,1.2975330000e+01,9.385809e-04,0.120005,1.3259,0.269587,0.047482,0
18.329807,1.4849210000e+01,9.385809e-04,0.120005,1.1586,0.165575,0.034601,0
18.329807,1.6993730000e+01,9.385809e-04,0.120005,1.0124,0.099636,0.024788,0
18.329807,1.9447950000e+01,9.385809e-04,0.120005,0.8846,0.058643,0.017732,0
18.329807,2.2256610000e+01,9.385809e-04,0.120005,0.7730,0.033708,0.012526,0
18.329807,2.5470890000e+01,9.385809e-04,0.120005,0.6754,0.018903,0.008744,0
18.329807,2.9149380000e+01,9.385809e-04,0.120005,0.5902,0.010335,0.006035,0
18.329807,3.3359110000e+01,9.385809e-04,0.120005,0.5157,0.005509,0.004123,0
18.329807,3.8176810000e+01,9.385809e-04,0.120005,0.4506,0.002864,0.002792,0
18.329807,4.3690280000e+01,9.385809e-04,0.120005,0.3938,0.001454,0.001877,0
18.329807,5.0000000000e+01,9.385809e-04,0.120005,0.3441,0.000722,0.001253,0
20.691381,1.0000000000e+00,1.048412e-03,0.120001,21.6931,562.933791,9.593707,0
20.691381,1.1444190000e+00,1.048412e-03,0.120001,18.9555,407.348195,7.378554,0
20.691381,1.3096960000e+00,1.048412e-03,0.120001,16.5635,285.848774,5.643258,0
20.691381,1.4988410000e+00,1.048412e-03,0.120001,14.4732,194.345793,4.316763,0
20.691381,1.7153020000e+00,1.048412e-03,0.120001,12.6468,128.681658,3.329628,0
20.691381,1.9630250000e+00,1.048412e-03,0.120001,11.0508,83.778380,2.515764,0
20.691381,2.2465240000e+00,1.048412e-03,0.120001,9.6563,54.419749,1.936125,0
20.691381,2.5709650000e+00,1.048412e-03,0.120001,8.4377,35.839412,1.482795,0
20.691381,2.9422620000e+00,1.048412e-03,0.120001,7.3729,24.175268,1.129379,0
20.691381,3.3671820000e+00,1.048412e-03,0.120001,6.4425,16.685278,0.882610,0
20.691381,3.8534680000e+00,1.048412e-03,0.120001,5.6295,11.669490,0.666296,0
20.691381,4.4099830000e+00,1.048412e-03,0.120001,4.9191,8.178288,0.505102,0
20.691381,5.0468690000e+00,1.048412e-03,0.120001,4.2983,5.698257,0.390118,0
20.691381,5.7757350000e+00,1.048412e-03,0.120001,3.7559,3.931782,0.292690,0
20.691381,6.6098620000e+00,1.048412e-03,0.120001,3.2819,2.682872,0.226426,0
20.691381,7.5644540000e+00,1.048412e-03,0.120001,2.8678,1.809694,0.171906,0
20.691381,8.6569070000e+00,1.048412e-03,0.120001,2.5059,1.206353,0.127148,0
20.691381,9.9071320000e+00,1.048412e-03,0.120001,2.1896,0.794221,0.096486,0
20.691381,1.1337910000e+01,1.048412e-03,0.120001,1.9133,0.515889,0.072382,0
20.691381,1.2975330000e+01,1.048412e-03,0.120001,1.6719,0.330137,0.053470,0
20.691381,1.4849210000e+01,1.048412e-03,0.120001,1.4609,0.207773,0.039335,0
20.691381,1.6993730000e+01,1.048412e-03,0.120001,1.2765,0.128349,0.028620,0
20.691381,1.9447950000e+01,1.048412e-03,0.120001,1.1154,0.077666,0.020477,0
20.691381,2.2256610000e+01,1.048412e-03,0.120001,0.9747,0.045949,0.014621,0
20.691381,2.5470890000e+01,1.048412e-03,0.120001,0.8517,0.026536,0.010310,0
20.691381,2.9149380000e+01,1.048412e-03,0.120001,0.7442,0.014940,0.007184,0
20.691381,3.3359110000e+01,1.048412e-03,0.120001,0.6503,0.008196,0.004950,0
20.691381,3.8176810000e+01,1.048412e-03,0.120001,0.5682,0.004380,0.003376,0
20.691381,4.3690280000e+01,1.048412e-03,0.120001,0.4965,0.002282,0.002284,0
20.691381,5.0000000000e+01,1.048412e-03,0.120001,0.4339,0.001160,0.001533,0
23.357215,1.0000000000e+00,1.172770e-03,0.120009,27.3926,543.688025,10.380017,0
23.357215,1.1444190000e+00,1.172770e-03,0.120009,23.9358,409.547935,8.023050,0
23.357215,1.3096960000e+00,1.172770e-03,0.120009,20.9153,297.888018,6.063497,0
23.357215,1.4988410000e+00,1.172770e-03,0.120009,18.2759,209.916757,4.627552,0
23.357215,1.7153020000e+00,1.172770e-03,0.120009,15.9696,143.139476,3.584573,0
23.357215,1.9630250000e+00,1.172770e-03,0.120009,13.9543,94.904865,2.720800,0
23.357215,2.2465240000e+00,1.172770e-03,0.120009,12.1933,61.756173,2.103373,0
23.357215,2.5709650000e+00,1.172770e-03,0.120009,10.6546,40.028763,1.618537,0
23.357215,2.9422620000e+00,1.172770e-03,0.120009,9.3101,26.292300,1.239415,0
23.357215,3.3671820000e+00,1.172770e-03,0.120009,8.1352,17.707329,0.943906,0
23.357215,3.8534680000e+00,1.172770e-03,0.120009,7.1086,12.225580,0.737360,0
23.357215,4.4099830000e+00,1.172770e-03,0.120009,6.2115,8.568085,0.556591,0
23.357215,5.0468690000e+00,1.172770e-03,0.120009,5.4277,6.023268,0.421851,0
23.357215,5.7757350000e+00,1.172770e-03,0.120009,4.7427,4.211821,0.325646,0
23.357215,6.6098620000e+00,1.172770e-03,0.120009,4.1442,2.917496,0.244261,0
23.357215,7.5644540000e+00,1.172770e-03,0.120009,3.6212,1.999134,0.188801,0
23.357215,8.6569070000e+00,1.172770e-03,0.120009,3.1643,1.354608,0.143234,0
23.357215,9.9071320000e+00,1.172770e-03,0.120009,2.7649,0.907421,0.105900,0
23.357215,1.1337910000e+01,1.172770e-03,0.120009,2.4160,0.600570,0.080268,0
23.357215,1.2975330000e+01,1.172770e-03,0.120009,2.1111,0.392296,0.060140,0
23.357215,1.4849210000e+01,1.172770e-03,0.120009,1.8447,0.252525,0.044375,0
23.357215,1.6993730000e+01,1.172770e-03,0.120009,1.6119,0.159891,0.032597,0
23.357215,1.9447950000e+01,1.172770e-03,0.120009,1.4085,0.099370,0.023681,0
23.357215,2.2256610000e+01,1.172770e-03,0.120009,1.2308,0.060486,0.016921,0
23.357215,2.5470890000e+01,1.172770e-03,0.120009,1.0754,0.035985,0.012060,0
23.357215,2.9149380000e+01,1.172770e-03,0.120009,0.9397,0.020887,0.008488,0
23.357215,3.3359110000e+01,1.172770e-03,0.120009,0.8211,0.011812,0.005904,0
23.357215,3.8176810000e+01,1.172770e-03,0.120009,0.7175,0.006504,0.004061,0
23.357215,4.3690280000e+01,1.172770e-03,0.120009,0.6270,0.003487,0.002765,0
23.357215,5.0000000000e+01,1.172770e-03,0.120009,0.5479,0.001821,0.001868,0
26.366509,1.0000000000e+00,1.313756e-03,0.120001,34.6392,500.890080,11.215472,0
26.366509,1.1444190000e+00,1.313756e-03,0.120001,30.2679,392.321355,8.670080,0
26.366509,1.3096960000e+00,1.313756e-03,0.120001,26.4483,297.304830,6.594099,0
26.366509,1.4988410000e+00,1.313756e-03,0.120001,23.1106,217.408476,5.064586,0
26.366509,1.7153020000e+00,1.313756e-03,0.120001,20.1942,153.888062,3.865171,0
26.366509,1.9630250000e+00,1.313756e-03,0.120001,17.6458,105.275083,2.993927,0
26.366509,2.2465240000e+00,1.313756e-03,0.120001,15.4190,69.919501,2.272467,0
26.366509,2.5709650000e+00,1.313756e-03,0.120001,13.4732,45.488631,1.756681,0
26.366509,2.9422620000e+00,1.313756e-03,0.120001,11.7730,29.424538,1.339348,0
26.366509,3.3671820000e+00,1.313756e-03,0.120001,10.2873,19.272901,1.034986,0
26.366509,3.8534680000e+00,1.313756e-03,0.120001,8.9891,12.955351,0.788168,0
26.366509,4.4099830000e+00,1.313756e-03,0.120001,7.8547,8.945403,0.596136,0
26.366509,5.0468690000e+00,1.313756e-03,0.120001,6.8635,6.281119,0.464598,0
26.366509,5.7757350000e+00,1.313756e-03,0.120001,5.9974,4.428745,0.352075,0
26.366509,6.6098620000e+00,1.313756e-03,0.120001,5.2405,3.107727,0.271670,0
26.366509,7.5644540000e+00,1.313756e-03,0.120001,4.5792,2.160936,0.203735,0
26.366509,8.6569070000e+00,1.313756e-03,0.120001,4.0013,1.486824,0.157364,0
26.366509,9.9071320000e+00,1.313756e-03,0.120001,3.4964,1.011966,0.119306,0
26.366509,1.1337910000e+01,1.313756e-03,0.120001,3.0552,0.681184,0.088176,0
26.366509,1.2975330000e+01,1.313756e-03,0.120001,2.6696,0.453210,0.066763,0
26.366509,1.4849210000e+01,1.313756e-03,0.120001,2.3327,0.297715,0.049627,0
26.366509,1.6993730000e+01,1.313756e-03,0.120001,2.0384,0.192793,0.036824,0
26.366509,1.9447950000e+01,1.313756e-03,0.120001,1.7811,0.122832,0.027013,0
26.366509,2.2256610000e+01,1.313756e-03,0.120001,1.5564,0.076821,0.019398,0
26.366509,2.5470890000e+01,1.313756e-03,0.120001,1.3600,0.047053,0.013983,0
26.366509,2.9149380000e+01,1.313756e-03,0.120001,1.1883,0.028160,0.009948,0
26.366509,3.3359110000e+01,1.313756e-03,0.120001,1.0384,0.016435,0.006989,0
26.366509,3.8176810000e+01,1.313756e-03,0.120001,0.9073,0.009340,0.004852,0
26.366509,4.3690280000e+01,1.313756e-03,0.120001,0.7928,0.005165,0.003331,0
26.366509,5.0000000000e+01,1.313756e-03,0.120001,0.6928,0.002778,0.002265,0
29.763514,1.0000000000e+00,1.473222e-03,0.120011,43.8483,441.322210,12.179377,0
29.763514,1.1444190000e+00,1.473222e-03,0.120011,38.3149,358.460523,9.340808,0
29.763514,1.3096960000e+00,1.473222e-03,0.120011,33.4797,282.410370,7.110900,0
29.763514,1.4988410000e+00,1.473222e-03,0.120011,29.2548,214.439224,5.492237,0
29.763514,1.7153020000e+00,1.473222e-03,0.120011,25.5630,158.314608,4.191974,0
29.763514,1.9630250000e+00,1.473222e-03,0.120011,22.3371,112.582471,3.219452,0
29.763514,2.2465240000e+00,1.473222e-03,0.120011,19.5183,77.288259,2.493894,0
29.763514,2.5709650000e+00,1.473222e-03,0.120011,17.0552,51.437130,1.892930,0
29.763514,2.9422620000e+00,1.473222e-03,0.120011,14.9029,33.468813,1.450599,0
29.763514,3.3671820000e+00,1.473222e-03,0.120011,13.0222,21.609023,1.115706,0
29.763514,3.8534680000e+00,1.473222e-03,0.120011,11.3789,14.112545,0.853678,0
29.763514,4.4099830000e+00,1.473222e-03,0.120011,9.9430,9.465786,0.656559,0
29.763514,5.0468690000e+00,1.473222e-03,0.120011,8.6882,6.534595,0.496590,0
29.763514,5.7757350000e+00,1.473222e-03,0.120011,7.5918,4.596203,0.386969,0
29.763514,6.6098620000e+00,1.473222e-03,0.120011,6.6338,3.250034,0.293226,0
29.763514,7.5644540000e+00,1.473222e-03,0.120011,5.7966,2.288399,0.226202,0
29.763514,8.6569070000e+00,1.473222e-03,0.120011,5.0651,1.597145,0.169615,0
29.763514,9.9071320000e+00,1.473222e-03,0.120011,4.4259,1.103315,0.130939,0
29.763514,1.1337910000e+01,1.473222e-03,0.120011,3.8674,0.754209,0.099219,0
29.763514,1.2975330000e+01,1.473222e-03,0.120011,3.3794,0.510094,0.073307,0
29.763514,1.4849210000e+01,1.473222e-03,0.120011,2.9529,0.341142,0.055453,0
29.763514,1.6993730000e+01,1.473222e-03,0.120011,2.5803,0.225361,0.041183,0
29.763514,1.9447950000e+01,1.473222e-03,0.120011,2.2546,0.146819,0.030522,0
29.763514,2.2256610000e+01,1.473222e-03,0.120011,1.9701,0.094136,0.022359,0
29.763514,2.5470890000e+01,1.473222e-03,0.120011,1.7215,0.059259,0.016039,0
29.763514,2.9149380000e+01,1.473222e-03,0.120011,1.5043,0.036533,0.011542,0
29.763514,3.3359110000e+01,1.473222e-03,0.120011,1.3144,0.022002,0.008197,0
29.763514,3.8176810000e+01,1.473222e-03,0.120011,1.1486,0.012917,0.005748,0
29.763514,4.3690280000e+01,1.473222e-03,0.120011,1.0036,0.007380,0.003983,0
29.763514,5.0000000000e+01,1.473222e-03,0.120011,0.8770,0.004099,0.002730,0
33.598183,1.0000000000e+00,1.653763e-03,0.120002,55.5634,373.851817,13.244680,0
33.598183,1.1444190000e+00,1.653763e-03,0.120002,48.5516,313.835013,10.060486,0
33.598183,1.3096960000e+00,1.653763e-03,0.120002,42.4247,256.008644,7.712754,0
33.598183,1.4988410000e+00,1.653763e-03,0.120002,37.0709,202.823220,5.899624,0
33.598183,1.7153020000e+00,1.653763e-03,0.120002,32.3928,154.907365,4.530812,0
33.598183,1.9630250000e+00,1.653763e-03,0.120002,28.3050,115.028574,3.478478,0
33.598183,2.2465240000e+00,1.653763e-03,0.120002,24.7331,82.196208,2.652567,0
33.598183,2.5709650000e+00,1.653763e-03,0.120002,21.6119,56.639161,2.022456,0
33.598183,2.9422620000e+00,1.653763e-03,0.120002,18.8846,37.784169,1.571135,0
33.598183,3.3671820000e+00,1.653763e-03,0.120002,16.5015,24.597247,1.204105,0
33.598183,3.8534680000e+00,1.653763e-03,0.120002,14.4191,15.854879,0.926226,0
33.598183,4.4099830000e+00,1.653763e-03,0.120002,12.5995,10.323704,0.708763,0
33.598183,5.0468690000e+00,1.653763e-03,0.120002,11.0095,6.907351,0.545165,0
33.598183,5.7757350000e+00,1.653763e-03,0.120002,9.6201,4.766036,0.412359,0
33.598183,6.6098620000e+00,1.653763e-03,0.120002,8.4061,3.357359,0.321361,0
33.598183,7.5644540000e+00,1.653763e-03,0.120002,7.3453,2.380563,0.243519,0
33.598183,8.6569070000e+00,1.653763e-03,0.120002,6.4184,1.681749,0.187844,0
33.598183,9.9071320000e+00,1.653763e-03,0.120002,5.6084,1.177984,0.140848,0
33.598183,1.1337910000e+01,1.653763e-03,0.120002,4.9007,0.816920,0.107548,0
33.598183,1.2975330000e+01,1.653763e-03,0.120002,4.2822,0.560792,0.082334,0
33.598183,1.4849210000e+01,1.653763e-03,0.120002,3.7418,0.381037,0.060818,0
33.598183,1.6993730000e+01,1.653763e-03,0.120002,3.2696,0.256128,0.045971,0
33.598183,1.9447950000e+01,1.653763e-03,0.120002,2.8570,0.170144,0.034115,0
33.598183,2.2256610000e+01,1.653763e-03,0.120002,2.4965,0.111516,0.025256,0
33.598183,2.5470890000e+01,1.653763e-03,0.120002,2.1814,0.071961,0.018479,0
33.598183,2.9149380000e+01,1.653763e-03,0.120002,1.9062,0.045604,0.013242,0
33.598183,3.3359110000e+01,1.653763e-03,0.120002,1.6656,0.028305,0.009514,0
33.598183,3.8176810000e+01,1.653763e-03,0.120002,1.4554,0.017160,0.006745,0
33.598183,4.3690280000e+01,1.653763e-03,0.120002,1.2718,0.010138,0.004722,0
33.598183,5.0000000000e+01,1.653763e-03,0.120002,1.1113,0.005825,0.003266,0
37.926902,1.0000000000e+00,1.857877e-03,0.120003,70.4635,302.804767,14.120333,0
37.926902,1.1444190000e+00,1.857877e-03,0.120003,61.5714,264.918957,10.800925,0
37.926902,1.3096960000e+00,1.857877e-03,0.120003,53.8014,222.887893,8.301539,0
37.926902,1.4988410000e+00,1.857877e-03,0.120003,47.0120,182.483874,6.364881,0
37.926902,1.7153020000e+00,1.857877e-03,0.120003,41.0794,145.330421,4.841657,0
37.926902,1.9630250000e+00,1.857877e-03,0.120003,35.8954,111.634188,3.739710,0
37.926902,2.2465240000e+00,1.857877e-03,0.120003,31.3656,83.384041,2.871486,0
37.926902,2.5709650000e+00,1.857877e-03,0.120003,27.4074,59.879827,2.189771,0
37.926902,2.9422620000e+00,1.857877e-03,0.120003,23.9488,41.423481,1.669681,0
37.926902,3.3671820000e+00,1.857877e-03,0.120003,20.9266,27.707207,1.286245,0
37.926902,3.8534680000e+00,1.857877e-03,0.120003,18.2857,18.052503,0.994567,0
37.926902,4.4099830000e+00,1.857877e-03,0.120003,15.9782,11.620085,0.765216,0
37.926902,5.0468690000e+00,1.857877e-03,0.120003,13.9618,7.543595,0.585664,0
37.926902,5.7757350000e+00,1.857877e-03,0.120003,12.1999,5.033459,0.445541,0
37.926902,6.6098620000e+00,1.857877e-03,0.120003,10.6604,3.470311,0.340871,0
37.926902,7.5644540000e+00,1.857877e-03,0.120003,9.3151,2.447833,0.265739,0
37.926902,8.6569070000e+00,1.857877e-03,0.120003,8.1396,1.740208,0.201404,0
37.926902,9.9071320000e+00,1.857877e-03,0.120003,7.1124,1.233310,0.155385,0
37.926902,1.1337910000e+01,1.857877e-03,0.120003,6.2149,0.866889,0.116521,0
37.926902,1.2975330000e+01,1.857877e-03,0.120003,5.4306,0.603431,0.088973,0
37.926902,1.4849210000e+01,1.857877e-03,0.120003,4.7453,0.415925,0.068100,0
37.926902,1.6993730000e+01,1.857877e-03,0.120003,4.1464,0.283871,0.050298,0
37.926902,1.9447950000e+01,1.857877e-03,0.120003,3.6232,0.191759,0.037999,0
37.926902,2.2256610000e+01,1.857877e-03,0.120003,3.1660,0.128081,0.028182,0
37.926902,2.5470890000e+01,1.857877e-03,0.120003,2.7664,0.084450,0.020844,0
37.926902,2.9149380000e+01,1.857877e-03,0.120003,2.4173,0.054847,0.015235,0
37.926902,3.3359110000e+01,1.857877e-03,0.120003,2.1123,0.034995,0.010907,0
37.926902,3.8176810000e+01,1.857877e-03,0.120003,1.8457,0.021872,0.007824,0
37.926902,4.3690280000e+01,1.857877e-03,0.120003,1.6128,0.013353,0.005538,0
37.926902,5.0000000000e+01,1.857877e-03,0.120003,1.4093,0.007941,0.003870,0
42.813324,1.0000000000e+00,2.088676e-03,0.120005,89.4231,343.972177,15.016968,0
42.813324,1.1444190000e+00,2.088676e-03,0.120005,78.1384,213.537664,11.530179,0
42.813324,1.3096960000e+00,2.088676e-03,0.120005,68.2778,187.637630,8.816225,0
42.813324,1.4988410000e+00,2.088676e-03,0.120005,59.6615,158.129290,6.710006,0
42.813324,1.7153020000e+00,2.088676e-03,0.120005,52.1326,129.847993,5.137135,0
42.813324,1.9630250000e+00,2.088676e-03,0.120005,45.5537,103.908767,3.969755,0
42.813324,2.2465240000e+00,2.088676e-03,0.120005,39.8051,80.262187,3.007854,0
42.813324,2.5709650000e+00,2.088676e-03,0.120005,34.7819,60.307300,2.305508,0
42.813324,2.9422620000e+00,2.088676e-03,0.120005,30.3926,43.527325,1.796374,0
42.813324,3.3671820000e+00,2.088676e-03,0.120005,26.5573,30.233711,1.369804,0
42.813324,3.8534680000e+00,2.088676e-03,0.120005,23.2059,20.281433,1.055567,0
42.813324,4.4099830000e+00,2.088676e-03,0.120005,20.2774,13.230127,0.816535,0
42.813324,5.0468690000e+00,2.088676e-03,0.120005,17.7185,8.506701,0.628454,0
42.813324,5.7757350000e+00,2.088676e-03,0.120005,15.4826,5.506082,0.481132,0
42.813324,6.6098620000e+00,2.088676e-03,0.120005,13.5287,3.663032,0.366107,0
42.813324,7.5644540000e+00,2.088676e-03,0.120005,11.8215,2.522727,0.280208,0
42.813324,8.6569070000e+00,2.088676e-03,0.120005,10.3297,1.781424,0.218588,0
42.813324,9.9071320000e+00,2.088676e-03,0.120005,9.0261,1.269602,0.165721,0
42.813324,1.1337910000e+01,2.088676e-03,0.120005,7.8871,0.902568,0.127915,0
42.813324,1.2975330000e+01,2.088676e-03,0.120005,6.8918,0.636547,0.095947,0
42.813324,1.4849210000e+01,2.088676e-03,0.120005,6.0221,0.444690,0.073284,0
42.813324,1.6993730000e+01,2.088676e-03,0.120005,5.2621,0.307709,0.056098,0
42.813324,1.9447950000e+01,2.088676e-03,0.120005,4.5981,0.210917,0.041436,0
42.813324,2.2256610000e+01,2.088676e-03,0.120005,4.0178,0.143160,0.031297,0
42.813324,2.5470890000e+01,2.088676e-03,0.120005,3.5108,0.096130,0.023202,0
42.813324,2.9149380000e+01,2.088676e-03,0.120005,3.0678,0.063757,0.017149,0
42.813324,3.3359110000e+01,2.088676e-03,0.120005,2.6806,0.041674,0.012522,0
42.813324,3.8176810000e+01,2.088676e-03,0.120005,2.3423,0.026773,0.008958,0
42.813324,4.3690280000e+01,2.088676e-03,0.120005,2.0468,0.016853,0.006417,0
42.813324,5.0000000000e+01,2.088676e-03,0.120005,1.7885,0.010363,0.004535,0
48.329302,1.0000000000e+00,2.349672e-03,0.119999,113.5580,269.949448,15.513291,0
48.329302,1.1444190000e+00,2.349672e-03,0.119999,99.2276,245.270617,12.167261,0
48.329302,1.3096960000e+00,2.349672e-03,0.119999,86.7057,150.406913,9.265041,0
48.329302,1.4988410000e+00,2.349672e-03,0.119999,75.7639,132.848647,7.073727,0
48.329302,1.7153020000e+00,2.349672e-03,0.119999,66.2029,112.090930,5.429523,0
48.329302,1.9630250000e+00,2.349672e-03,0.119999,57.8485,92.251088,4.178747,0
48.329302,2.2465240000e+00,2.349672e-03,0.119999,50.5483,74.141882,3.169831,0
48.329302,2.5709650000e+00,2.349672e-03,0.119999,44.1694,57.576973,2.447221,0
48.329302,2.9422620000e+00,2.349672e-03,0.119999,38.5955,43.519914,1.876113,0
48.329302,3.3671820000e+00,2.349672e-03,0.119999,33.7249,31.572321,1.426216,0
48.329302,3.8534680000e+00,2.349672e-03,0.119999,29.4690,22.021473,1.105348,0
48.329302,4.4099830000e+00,2.349672e-03,0.119999,25.7502,14.818538,0.859974,0
48.329302,5.0468690000e+00,2.349672e-03,0.119999,22.5007,9.681391,0.644570,0
48.329302,5.7757350000e+00,2.349672e-03,0.119999,19.6612,6.220177,0.495351,0
48.329302,6.6098620000e+00,2.349672e-03,0.119999,17.1801,4.014529,0.392530,0
48.329302,7.5644540000e+00,2.349672e-03,0.119999,15.0121,2.662275,0.298787,0
48.329302,8.6569070000e+00,2.349672e-03,0.119999,13.1176,1.830975,0.228810,0
48.329302,9.9071320000e+00,2.349672e-03,0.119999,11.4622,1.294111,0.178669,0
48.329302,1.1337910000e+01,2.349672e-03,0.119999,10.0158,0.924477,0.135526,0
48.329302,1.2975330000e+01,2.349672e-03,0.119999,8.7518,0.659176,0.104693,0
48.329302,1.4849210000e+01,2.349672e-03,0.119999,7.6474,0.466400,0.078565,0
48.329302,1.6993730000e+01,2.349672e-03,0.119999,6.6823,0.326953,0.060046,0
48.329302,1.9447950000e+01,2.349672e-03,0.119999,5.8391,0.227086,0.045987,0
48.329302,2.2256610000e+01,2.349672e-03,0.119999,5.1022,0.156297,0.033977,0
48.329302,2.5470890000e+01,2.349672e-03,0.119999,4.4583,0.106575,0.025666,0
48.329302,2.9149380000e+01,2.349672e-03,0.119999,3.8957,0.071932,0.019025,0
48.329302,3.3359110000e+01,2.349672e-03,0.119999,3.4041,0.047983,0.014056,0
48.329302,3.8176810000e+01,2.349672e-03,0.119999,2.9745,0.031563,0.010257,0
48.329302,4.3690280000e+01,2.349672e-03,0.119999,2.5992,0.020417,0.007332,0
48.329302,5.0000000000e+01,2.349672e-03,0.119999,2.2712,0.012946,0.005246,0
54.555948,1.0000000000e+00,2.644657e-03,0.119999,144.2818,163.366467,14.974736,0
54.555948,1.1444190000e+00,2.644657e-03,0.119999,126.0742,186.898217,12.486501,0
54.555948,1.3096960000e+00,2.644657e-03,0.119999,110.1643,174.329570,9.692605,0
54.555948,1.4988410000e+00,2.644657e-03,0.119999,96.2622,105.780299,7.433813,0
54.555948,1.7153020000e+00,2.644657e-03,0.119999,84.1145,94.021439,5.700778,0
54.555948,1.9630250000e+00,2.644657e-03,0.119999,73.4997,79.401958,4.376882,0
54.555948,2.2465240000e+00,2.644657e-03,0.119999,64.2244,65.449501,3.349696,0
54.555948,2.5709650000e+00,2.644657e-03,0.119999,56.1197,52.800912,2.555603,0
54.555948,2.9422620000e+00,2.644657e-03,0.119999,49.0377,41.213248,1.959178,0
54.555948,3.3671820000e+00,2.644657e-03,0.119999,42.8494,31.336243,1.513627,0
54.555948,3.8534680000e+00,2.644657e-03,0.119999,37.4421,22.851342,1.150511,0
54.555948,4.4099830000e+00,2.644657e-03,0.119999,32.7171,16.006370,0.892284,0
54.555948,5.0468690000e+00,2.644657e-03,0.119999,28.5884,10.806244,0.694799,0
54.555948,5.7757350000e+00,2.644657e-03,0.119999,24.9807,7.073090,0.520505,0
54.555948,6.6098620000e+00,2.644657e-03,0.119999,21.8283,4.542483,0.400223,0
54.555948,7.5644540000e+00,2.644657e-03,0.119999,19.0737,2.923723,0.317682,0
54.555948,8.6569070000e+00,2.644657e-03,0.119999,16.6667,1.932420,0.241910,0
54.555948,9.9071320000e+00,2.644657e-03,0.119999,14.5634,1.326802,0.185388,0
54.555948,1.1337910000e+01,2.644657e-03,0.119999,12.7256,0.938415,0.144960,0
54.555948,1.2975330000e+01,2.644657e-03,0.119999,11.1197,0.671871,0.110034,0
54.555948,1.4849210000e+01,2.644657e-03,0.119999,9.7165,0.480437,0.085102,0
54.555948,1.6993730000e+01,2.644657e-03,0.119999,8.4903,0.340994,0.063907,0
54.555948,1.9447950000e+01,2.644657e-03,0.119999,7.4189,0.239833,0.048894,0
54.555948,2.2256610000e+01,2.644657e-03,0.119999,6.4826,0.167173,0.037481,0
54.555948,2.5470890000e+01,2.644657e-03,0.119999,5.6646,0.115513,0.027708,0
54.555948,2.9149380000e+01,2.644657e-03,0.119999,4.9497,0.079111,0.020941,0
54.555948,3.3359110000e+01,2.644657e-03,0.119999,4.3251,0.053660,0.015526,0
54.555948,3.8176810000e+01,2.644657e-03,0.119999,3.7793,0.035995,0.011470,0
54.555948,4.3690280000e+01,2.644657e-03,0.119999,3.3024,0.023825,0.008366,0
54.555948,5.0000000000e+01,2.644657e-03,0.119999,2.8856,0.015517,0.005978,0
61.584821,1.0000000000e+00,2.978029e-03,0.120002,183.4014,106.562951,13.905830,0
61.584821,1.1444190000e+00,2.978029e-03,0.120002,160.2571,108.069695,11.870265,0
61.584821,1.3096960000e+00,2.978029e-03,0.120002,140.0336,128.629143,9.950078,0
61.584821,1.4988410000e+00,2.978029e-03,0.120002,122.3621,123.464027,7.698989,0
61.584821,1.7153020000e+00,2.978029e-03,0.120002,106.9207,74.257374,5.847075,0
61.584821,1.9630250000e+00,2.978029e-03,0.120002,93.4279,66.514271,4.526593,0
61.584821,2.2465240000e+00,2.978029e-03,0.120002,81.6378,56.215974,3.433133,0
61.584821,2.5709650000e+00,2.978029e-03,0.120002,71.3356,46.378797,2.621979,0
61.584821,2.9422620000e+00,2.978029e-03,0.120002,62.3335,37.536212,2.025918,0
61.584821,3.3671820000e+00,2.978029e-03,0.120002,54.4673,29.438716,1.565011,0
61.584821,3.8534680000e+00,2.978029e-03,0.120002,47.5939,22.515217,1.199282,0
61.584821,4.4099830000e+00,2.978029e-03,0.120002,41.5878,16.504347,0.919422,0
61.584821,5.0468690000e+00,2.978029e-03,0.120002,36.3396,11.610189,0.713648,0
61.584821,5.7757350000e+00,2.978029e-03,0.120002,31.7538,7.864968,0.537762,0
61.584821,6.6098620000e+00,2.978029e-03,0.120002,27.7466,5.158872,0.416415,0
61.584821,7.5644540000e+00,2.978029e-03,0.120002,24.2452,3.312942,0.320377,0
61.584821,8.6569070000e+00,2.978029e-03,0.120002,21.1856,2.126909,0.244729,0
61.584821,9.9071320000e+00,2.978029e-03,0.120002,18.5121,1.400890,0.194134,0
61.584821,1.1337910000e+01,2.978029e-03,0.120002,16.1759,0.959981,0.148903,0
61.584821,1.2975330000e+01,2.978029e-03,0.120002,14.1346,0.679293,0.111645,0
61.584821,1.4849210000e+01,2.978029e-03,0.120002,12.3509,0.487369,0.087340,0
61.584821,1.6993730000e+01,2.978029e-03,0.120002,10.7923,0.349468,0.068643,0
61.584821,1.9447950000e+01,2.978029e-03,0.120002,9.4304,0.248782,0.051595,0
61.584821,2.2256610000e+01,2.978029e-03,0.120002,8.2403,0.175532,0.039533,0
61.584821,2.5470890000e+01,2.978029e-03,0.120002,7.2004,0.122770,0.030349,0
61.584821,2.9149380000e+01,2.978029e-03,0.120002,6.2918,0.085149,0.022455,0
61.584821,3.3359110000e+01,2.978029e-03,0.120002,5.4978,0.058560,0.016988,0
61.584821,3.8176810000e+01,2.978029e-03,0.120002,4.8040,0.039908,0.012603,0
61.584821,4.3690280000e+01,2.978029e-03,0.120002,4.1978,0.026914,0.009313,0
61.584821,5.0000000000e+01,2.978029e-03,0.120002,3.6680,0.017923,0.006793,0
69.519280,1.0000000000e+00,3.354732e-03,0.120009,233.2185,58.757157,12.277732,0
69.519280,1.1444190000e+00,3.354732e-03,0.120009,203.7877,70.823328,10.797086,0
69.519280,1.3096960000e+00,3.354732e-03,0.120009,178.0708,71.263734,9.296017,0
69.519280,1.4988410000e+00,3.354732e-03,0.120009,155.5993,88.025038,7.843811,0
69.519280,1.7153020000e+00,3.354732e-03,0.120009,135.9635,87.104175,5.991300,0
69.519280,1.9630250000e+00,3.354732e-03,0.120009,118.8057,52.014328,4.613212,0
69.519280,2.2465240000e+00,3.354732e-03,0.120009,103.8131,47.031086,3.513127,0
69.519280,2.5709650000e+00,3.354732e-03,0.120009,90.7124,39.783736,2.710650,0
69.519280,2.9422620000e+00,3.354732e-03,0.120009,79.2650,32.831027,2.070456,0
69.519280,3.3671820000e+00,3.354732e-03,0.120009,69.2622,26.641295,1.601099,0
69.519280,3.8534680000e+00,3.354732e-03,0.120009,60.5217,20.986536,1.237794,0
69.519280,4.4099830000e+00,3.354732e-03,0.120009,52.8842,16.143849,0.948764,0
69.519280,5.0468690000e+00,3.354732e-03,0.120009,46.2105,11.895698,0.719740,0
69.519280,5.7757350000e+00,3.354732e-03,0.120009,40.3790,8.404243,0.565264,0
69.519280,6.6098620000e+00,3.354732e-03,0.120009,35.2834,5.713040,0.425626,0
69.519280,7.5644540000e+00,3.354732e-03,0.120009,30.8308,3.756243,0.329878,0
69.519280,8.6569070000e+00,3.354732e-03,0.120009,26.9402,2.412926,0.253950,0
69.519280,9.9071320000e+00,3.354732e-03,0.120009,23.5405,1.545506,0.194051,0
69.519280,1.1337910000e+01,3.354732e-03,0.120009,20.5698,1.014322,0.154320,0
69.519280,1.2975330000e+01,3.354732e-03,0.120009,17.9740,0.693542,0.116634,0
69.519280,1.4849210000e+01,3.354732e-03,0.120009,15.7058,0.490885,0.088840,0
69.519280,1.6993730000e+01,3.354732e-03,0.120009,13.7238,0.352885,0.069666,0
69.519280,1.9447950000e+01,3.354732e-03,0.120009,11.9919,0.253709,0.052427,0
69.519280,2.2256610000e+01,3.354732e-03,0.120009,10.4786,0.181133,0.041310,0
69.519280,2.5470890000e+01,3.354732e-03,0.120009,9.1563,0.128190,0.031716,0
69.519280,2.9149380000e+01,3.354732e-03,0.120009,8.0008,0.089949,0.023496,0
69.519280,3.3359110000e+01,3.354732e-03,0.120009,6.9911,0.062606,0.018073,0
69.519280,3.8176810000e+01,3.354732e-03,0.120009,6.1089,0.043227,0.013694,0
69.519280,4.3690280000e+01,3.354732e-03,0.120009,5.3380,0.029592,0.010170,0
69.519280,5.0000000000e+01,3.354732e-03,0.120009,4.6644,0.020059,0.007521,0
78.475997,1.0000000000e+00,3.780805e-03,0.119995,296.7024,47.603277,10.133697,0
78.475997,1.1444190000e+00,3.780805e-03,0.119995,259.2602,40.933764,9.265124,0
78.475997,1.3096960000e+00,3.780805e-03,0.119995,226.5431,34.521048,8.258887,0
78.475997,1.4988410000e+00,3.780805e-03,0.119995,197.9546,46.940321,7.186879,0
78.475997,1.7153020000e+00,3.780805e-03,0.119995,172.9738,59.923098,6.086147,0
78.475997,1.9630250000e+00,3.780805e-03,0.119995,151.1455,61.208061,4.647022,0
78.475997,2.2465240000e+00,3.780805e-03,0.119995,132.0718,36.342552,3.579343,0
78.475997,2.5709650000e+00,3.780805e-03,0.119995,115.4051,33.235233,2.723575,0
78.475997,2.9422620000e+00,3.780805e-03,0.119995,100.8416,28.146180,2.102315,0
78.475997,3.3671820000e+00,3.780805e-03,0.119995,88.1160,23.221204,1.604633,0
78.475997,3.8534680000e+00,3.780805e-03,0.119995,76.9962,18.881584,1.218881,0
78.475997,4.4099830000e+00,3.780805e-03,0.119995,67.2797,14.933847,0.941286,0
78.475997,5.0468690000e+00,3.780805e-03,0.119995,58.7894,11.553118,0.719243,0
78.475997,5.7757350000e+00,3.780805e-03,0.119995,51.3705,8.557421,0.563509,0
78.475997,6.6098620000e+00,3.780805e-03,0.119995,44.8878,6.071875,0.426883,0
78.475997,7.5644540000e+00,3.780805e-03,0.119995,39.2232,4.142140,0.333549,0
78.475997,8.6569070000e+00,3.780805e-03,0.119995,34.2735,2.730423,0.258767,0
78.475997,9.9071320000e+00,3.780805e-03,0.119995,29.9484,1.755114,0.199318,0
78.475997,1.1337910000e+01,3.780805e-03,0.119995,26.1691,1.121858,0.152334,0
78.475997,1.2975330000e+01,3.780805e-03,0.119995,22.8667,0.733616,0.121493,0
78.475997,1.4849210000e+01,3.780805e-03,0.119995,19.9810,0.500369,0.091820,0
78.475997,1.6993730000e+01,3.780805e-03,0.119995,17.4595,0.354173,0.069995,0
78.475997,1.9447950000e+01,3.780805e-03,0.119995,15.2562,0.255074,0.055041,0
78.475997,2.2256610000e+01,3.780805e-03,0.119995,13.3310,0.183857,0.041460,0
78.475997,2.5470890000e+01,3.780805e-03,0.119995,11.6487,0.131628,0.032784,0
78.475997,2.9149380000e+01,3.780805e-03,0.119995,10.1787,0.093425,0.025232,0
78.475997,3.3359110000e+01,3.780805e-03,0.119995,8.8942,0.065757,0.018719,0
78.475997,3.8176810000e+01,3.780805e-03,0.119995,7.7718,0.045923,0.014439,0
78.475997,4.3690280000e+01,3.780805e-03,0.119995,6.7910,0.031827,0.010854,0
78.475997,5.0000000000e+01,3.780805e-03,0.119995,5.9340,0.021881,0.008156,0
88.586679,1.0000000000e+00,4.262100e-03,0.119994,377.5653,49.553754,7.622255,0
88.586679,1.1444190000e+00,4.262100e-03,0.119994,329.9186,34.682019,7.344512,0
88.586679,1.3096960000e+00,4.262100e-03,0.119994,288.2848,28.674511,6.857276,0
88.586679,1.4988410000e+00,4.262100e-03,0.119994,251.9048,23.638451,6.215640,0
88.586679,1.7153020000e+00,4.262100e-03,0.119994,220.1159,30.956929,5.480142,0
88.586679,1.9630250000e+00,4.262100e-03,0.119994,192.3385,40.606556,4.614234,0
88.586679,2.2465240000e+00,4.262100e-03,0.119994,168.0664,22.461084,3.516391,0
88.586679,2.5709650000e+00,4.262100e-03,0.119994,146.8574,25.321077,2.706244,0
88.586679,2.9422620000e+00,4.262100e-03,0.119994,128.3248,23.467982,2.099558,0
88.586679,3.3671820000e+00,4.262100e-03,0.119994,112.1309,19.906864,1.583299,0
88.586679,3.8534680000e+00,4.262100e-03,0.119994,97.9806,16.411924,1.238913,0
88.586679,4.4099830000e+00,4.262100e-03,0.119994,85.6160,13.364099,0.940985,0
88.586679,5.0468690000e+00,4.262100e-03,0.119994,74.8118,10.608056,0.727590,0
88.586679,5.7757350000e+00,4.262100e-03,0.119994,65.3709,8.251968,0.556131,0
88.586679,6.6098620000e+00,4.262100e-03,0.119994,57.1215,6.143991,0.436699,0
88.586679,7.5644540000e+00,4.262100e-03,0.119994,49.9131,4.378187,0.330634,0
88.586679,8.6569070000e+00,4.262100e-03,0.119994,43.6143,2.997325,0.258809,0
88.586679,9.9071320000e+00,4.262100e-03,0.119994,38.1105,1.981194,0.197754,0
88.586679,1.1337910000e+01,4.262100e-03,0.119994,33.3011,1.274775,0.154911,0
88.586679,1.2975330000e+01,4.262100e-03,0.119994,29.0987,0.813395,0.118392,0
88.586679,1.4849210000e+01,4.262100e-03,0.119994,25.4266,0.529976,0.089571,0
88.586679,1.6993730000e+01,4.262100e-03,0.119994,22.2179,0.360495,0.071560,0
88.586679,1.9447950000e+01,4.262100e-03,0.119994,19.4141,0.255123,0.054582,0
88.586679,2.2256610000e+01,4.262100e-03,0.119994,16.9642,0.184053,0.043053,0
88.586679,2.5470890000e+01,4.262100e-03,0.119994,14.8234,0.132991,0.032456,0
88.586679,2.9149380000e+01,4.262100e-03,0.119994,12.9528,0.095467,0.025772,0
88.586679,3.3359110000e+01,4.262100e-03,0.119994,11.3182,0.067948,0.019893,0
88.586679,3.8176810000e+01,4.262100e-03,0.119994,9.8899,0.047966,0.014781,0
88.586679,4.3690280000e+01,4.262100e-03,0.119994,8.6419,0.033605,0.011442,0
88.586679,5.0000000000e+01,4.262100e-03,0.119994,7.5513,0.023372,0.008624,0
100.000000,1.0000000000e+00,4.805912e-03,0.119996,480.5912,50.958190,5.027404,0
100.000000,1.1444190000e+00,4.805912e-03,0.119996,419.9433,37.976588,5.211589,0
100.000000,1.3096960000e+00,4.805912e-03,0.119996,366.9488,25.336087,5.186248,0
100.000000,1.4988410000e+00,4.805912e-03,0.119996,320.6419,20.172000,4.969446,0
100.000000,1.7153020000e+00,4.805912e-03,0.119996,280.1787,16.412702,4.597966,0
100.000000,1.9630250000e+00,4.805912e-03,0.119996,244.8217,20.484745,4.119176,0
100.000000,2.2465240000e+00,4.805912e-03,0.119996,213.9266,27.412481,3.483436,0
100.000000,2.5709650000e+00,4.805912e-03,0.119996,186.9303,15.005980,2.652472,0
100.000000,2.9422620000e+00,4.805912e-03,0.119996,163.3407,17.588012,2.041975,0
100.000000,3.3671820000e+00,4.805912e-03,0.119996,142.7280,16.555843,1.560109,0
100.000000,3.8534680000e+00,4.805912e-03,0.119996,124.7166,14.075674,1.204777,0
100.000000,4.4099830000e+00,4.805912e-03,0.119996,108.9780,11.592197,0.916716,0
100.000000,5.0468690000e+00,4.805912e-03,0.119996,95.2256,9.250268,0.717992,0
100.000000,5.7757350000e+00,4.805912e-03,0.119996,83.2087,7.523009,0.549208,0
100.000000,6.6098620000e+00,4.805912e-03,0.119996,72.7082,5.883410,0.425307,0
100.000000,7.5644540000e+00,4.805912e-03,0.119996,63.5328,4.403063,0.334961,0
100.000000,8.6569070000e+00,4.805912e-03,0.119996,55.5153,3.151025,0.253496,0
100.000000,9.9071320000e+00,4.805912e-03,0.119996,48.5096,2.164822,0.195535,0
100.000000,1.1337910000e+01,4.805912e-03,0.119996,42.3880,1.435011,0.151979,0
100.000000,1.2975330000e+01,4.805912e-03,0.119996,37.0389,0.924546,0.117039,0
100.000000,1.4849210000e+01,4.805912e-03,0.119996,32.3648,0.589076,0.091150,0
100.000000,1.6993730000e+01,4.805912e-03,0.119996,28.2805,0.382441,0.068890,0
100.000000,1.9447950000e+01,4.805912e-03,0.119996,24.7117,0.259379,0.055236,0
100.000000,2.2256610000e+01,4.805912e-03,0.119996,21.5932,0.183492,0.042138,0
100.000000,2.5470890000e+01,4.805912e-03,0.119996,18.8683,0.132586,0.033344,0
100.000000,2.9149380000e+01,4.805912e-03,0.119996,16.4872,0.096030,0.025150,0
100.000000,3.3359110000e+01,4.805912e-03,0.119996,14.4066,0.069112,0.019688,0
100.000000,3.8176810000e+01,4.805912e-03,0.119996,12.5886,0.049321,0.015538,0
100.000000,4.3690280000e+01,4.805912e-03,0.119996,11.0000,0.034914,0.011565,0
100.000000,5.0000000000e+01,4.805912e-03,0.119996,9.6118,0.024535,0.008991,0
