v_km_s,sigma_m_BP1,eta_BP1,sigma_m_MAP,eta_MAP
3.0000,1.052212e-01,1.5455,1.382113e+00,-0.0183
3.0449,1.076669e-01,1.5422,1.381736e+00,-0.0186
3.0905,1.101585e-01,1.5354,1.381348e+00,-0.0192
3.1368,1.126963e-01,1.5284,1.380948e+00,-0.0198
3.1838,1.152803e-01,1.5212,1.380535e+00,-0.0204
3.2315,1.179105e-01,1.5136,1.380110e+00,-0.0210
3.2799,1.205871e-01,1.5058,1.379673e+00,-0.0217
3.3290,1.233099e-01,1.4978,1.379222e+00,-0.0223
3.3789,1.260788e-01,1.4895,1.378757e+00,-0.0230
3.4295,1.288939e-01,1.4810,1.378278e+00,-0.0237
3.4809,1.317548e-01,1.4722,1.377785e+00,-0.0244
3.5330,1.346614e-01,1.4632,1.377277e+00,-0.0252
3.5859,1.376134e-01,1.4539,1.376754e+00,-0.0259
3.6396,1.406106e-01,1.4444,1.376216e+00,-0.0267
3.6941,1.436525e-01,1.4347,1.375661e+00,-0.0275
3.7495,1.467388e-01,1.4248,1.375090e+00,-0.0284
3.8056,1.498690e-01,1.4146,1.374501e+00,-0.0292
3.8626,1.530427e-01,1.4043,1.373896e+00,-0.0301
3.9205,1.562592e-01,1.3937,1.373272e+00,-0.0310
3.9792,1.595181e-01,1.3829,1.372630e+00,-0.0319
4.0388,1.628185e-01,1.3719,1.371969e+00,-0.0329
4.0993,1.661598e-01,1.3608,1.371288e+00,-0.0339
4.1607,1.695413e-01,1.3494,1.370587e+00,-0.0349
4.2230,1.729621e-01,1.3378,1.369866e+00,-0.0360
4.2863,1.764215e-01,1.3261,1.369123e+00,-0.0370
4.3505,1.799184e-01,1.3142,1.368358e+00,-0.0381
4.4156,1.834519e-01,1.3021,1.367571e+00,-0.0393
4.4818,1.870210e-01,1.2899,1.366761e+00,-0.0405
4.5489,1.906247e-01,1.2775,1.365926e+00,-0.0417
4.6170,1.942618e-01,1.2650,1.365068e+00,-0.0429
4.6862,1.979313e-01,1.2523,1.364184e+00,-0.0442
4.7564,2.016318e-01,1.2395,1.363274e+00,-0.0455
4.8276,2.053621e-01,1.2266,1.362338e+00,-0.0469
4.8999,2.091211e-01,1.2135,1.361375e+00,-0.0483
4.9733,2.129072e-01,1.2003,1.360383e+00,-0.0497
5.0478,2.167193e-01,1.1870,1.359362e+00,-0.0512
5.1234,2.205557e-01,1.1736,1.358312e+00,-0.0528
5.2001,2.244152e-01,1.1601,1.357231e+00,-0.0543
5.2780,2.282963e-01,1.1465,1.356119e+00,-0.0560
5.3571,2.321973e-01,1.1328,1.354974e+00,-0.0576
5.4373,2.361169e-01,1.1191,1.353797e+00,-0.0594
5.5188,2.400534e-01,1.1052,1.352585e+00,-0.0611
5.6014,2.440052e-01,1.0913,1.351338e+00,-0.0630
5.6853,2.479707e-01,1.0774,1.350055e+00,-0.0648
5.7705,2.519482e-01,1.0634,1.348735e+00,-0.0668
5.8569,2.559362e-01,1.0493,1.347378e+00,-0.0688
5.9446,2.599329e-01,1.0352,1.345981e+00,-0.0708
6.0337,2.639366e-01,1.0211,1.344544e+00,-0.0729
6.1240,2.679456e-01,1.0069,1.343066e+00,-0.0751
6.2158,2.719583e-01,0.9928,1.341546e+00,-0.0773
6.3089,2.759729e-01,0.9786,1.339982e+00,-0.0796
6.4034,2.799877e-01,0.9644,1.338374e+00,-0.0820
6.4993,2.840010e-01,0.9502,1.336720e+00,-0.0844
6.5966,2.880110e-01,0.9360,1.335019e+00,-0.0869
6.6954,2.920161e-01,0.9218,1.333270e+00,-0.0895
6.7957,2.960145e-01,0.9077,1.331472e+00,-0.0921
6.8975,3.000046e-01,0.8936,1.329623e+00,-0.0948
7.0008,3.039846e-01,0.8795,1.327722e+00,-0.0976
7.1057,3.079530e-01,0.8654,1.325768e+00,-0.1005
7.2121,3.119080e-01,0.8514,1.323760e+00,-0.1035
7.3201,3.158481e-01,0.8374,1.321696e+00,-0.1065
7.4298,3.197715e-01,0.8235,1.319575e+00,-0.1096
7.5410,3.236769e-01,0.8096,1.317396e+00,-0.1128
7.6540,3.275625e-01,0.7958,1.315157e+00,-0.1160
7.7686,3.314269e-01,0.7820,1.312858e+00,-0.1194
7.8850,3.352685e-01,0.7684,1.310497e+00,-0.1228
8.0031,3.390860e-01,0.7548,1.308074e+00,-0.1263
8.1230,3.428778e-01,0.7413,1.305586e+00,-0.1298
8.2446,3.466426e-01,0.7278,1.303033e+00,-0.1335
8.3681,3.503791e-01,0.7145,1.300415e+00,-0.1371
8.4934,3.540859e-01,0.7013,1.297731e+00,-0.1409
8.6207,3.577617e-01,0.6881,1.294979e+00,-0.1447
8.7498,3.614054e-01,0.6751,1.292161e+00,-0.1485
8.8808,3.650157e-01,0.6622,1.289276e+00,-0.1523
9.0139,3.685915e-01,0.6493,1.286323e+00,-0.1561
9.1489,3.721318e-01,0.6366,1.283304e+00,-0.1600
9.2859,3.756353e-01,0.6240,1.280220e+00,-0.1637
9.4250,3.791012e-01,0.6116,1.277071e+00,-0.1675
9.5661,3.825285e-01,0.5992,1.273860e+00,-0.1711
9.7094,3.859162e-01,0.5870,1.270589e+00,-0.1747
9.8549,3.892636e-01,0.5749,1.267262e+00,-0.1781
10.0025,3.925697e-01,0.5629,1.263880e+00,-0.1812
10.1523,3.958339e-01,0.5511,1.260450e+00,-0.1842
10.3043,3.990554e-01,0.5394,1.256977e+00,-0.1869
10.4587,4.022335e-01,0.5278,1.253466e+00,-0.1892
10.6153,4.053676e-01,0.5164,1.249924e+00,-0.1912
10.7743,4.084572e-01,0.5051,1.246361e+00,-0.1927
10.9357,4.115017e-01,0.4940,1.242784e+00,-0.1936
11.0995,4.145006e-01,0.4830,1.239206e+00,-0.1940
11.2657,4.174535e-01,0.4721,1.235637e+00,-0.1936
11.4345,4.203601e-01,0.4614,1.232092e+00,-0.1925
11.6057,4.232199e-01,0.4508,1.228584e+00,-0.1906
11.7796,4.260326e-01,0.4404,1.225129e+00,-0.1877
11.9560,4.287981e-01,0.4301,1.221746e+00,-0.1838
12.1351,4.315160e-01,0.4200,1.218454e+00,-0.1787
12.3168,4.341862e-01,0.4100,1.215272e+00,-0.1724
12.5013,4.368086e-01,0.4002,1.212222e+00,-0.1649
12.6886,4.393831e-01,0.3905,1.209329e+00,-0.1559
12.8786,4.419096e-01,0.3809,1.206617e+00,-0.1454
13.0715,4.443881e-01,0.3715,1.204111e+00,-0.1335
13.2673,4.468186e-01,0.3623,1.201838e+00,-0.1199
13.4660,4.492011e-01,0.3532,1.199827e+00,-0.1046
13.6677,4.515358e-01,0.3442,1.198106e+00,-0.0877
13.8724,4.538226e-01,0.3354,1.196703e+00,-0.0690
14.0802,4.560619e-01,0.3268,1.195650e+00,-0.0486
14.2911,4.582537e-01,0.3183,1.194974e+00,-0.0266
14.5051,4.603982e-01,0.3099,1.194705e+00,-0.0029
14.7224,4.624957e-01,0.3017,1.194872e+00,0.0224
14.9429,4.645464e-01,0.2936,1.195503e+00,0.0492
15.1667,4.665506e-01,0.2856,1.196623e+00,0.0775
15.3939,4.685085e-01,0.2778,1.198259e+00,0.1069
15.6245,4.704204e-01,0.2701,1.200433e+00,0.1375
15.8585,4.722868e-01,0.2626,1.203168e+00,0.1690
16.0960,4.741079e-01,0.2552,1.206480e+00,0.2012
16.3371,4.758841e-01,0.2479,1.210388e+00,0.2340
16.5818,4.776158e-01,0.2408,1.214904e+00,0.2671
16.8302,4.793034e-01,0.2338,1.220038e+00,0.3002
17.0822,4.809473e-01,0.2269,1.225797e+00,0.3332
17.3381,4.825478e-01,0.2201,1.232185e+00,0.3658
17.5978,4.841055e-01,0.2135,1.239203e+00,0.3978
17.8614,4.856207e-01,0.2070,1.246845e+00,0.4289
18.1289,4.870939e-01,0.2006,1.255106e+00,0.4589
18.4004,4.885255e-01,0.1943,1.263976e+00,0.4877
18.6760,4.899161e-01,0.1881,1.273439e+00,0.5150
18.9558,4.912660e-01,0.1821,1.283481e+00,0.5407
19.2397,4.925757e-01,0.1761,1.294079e+00,0.5647
19.5278,4.938457e-01,0.1703,1.305212e+00,0.5867
19.8203,4.950764e-01,0.1646,1.316853e+00,0.6068
20.1172,4.962684e-01,0.1590,1.328976e+00,0.6249
20.4185,4.974220e-01,0.1534,1.341549e+00,0.6409
20.7243,4.985378e-01,0.1480,1.354542e+00,0.6547
21.0347,4.996161e-01,0.1427,1.367921e+00,0.6664
21.3498,5.006575e-01,0.1375,1.381651e+00,0.6761
21.6696,5.016624e-01,0.1323,1.395698e+00,0.6836
21.9941,5.026313e-01,0.1273,1.410024e+00,0.6892
22.3236,5.035645e-01,0.1223,1.424594e+00,0.6928
22.6579,5.044626e-01,0.1174,1.439371e+00,0.6945
22.9973,5.053260e-01,0.1126,1.454319e+00,0.6945
23.3418,5.061550e-01,0.1079,1.469403e+00,0.6927
23.6914,5.069501e-01,0.1033,1.484585e+00,0.6894
24.0462,5.077117e-01,0.0987,1.499832e+00,0.6845
24.4064,5.084403e-01,0.0942,1.515111e+00,0.6783
24.7719,5.091361e-01,0.0898,1.530387e+00,0.6707
25.1430,5.097995e-01,0.0854,1.545629e+00,0.6619
25.5196,5.104310e-01,0.0811,1.560806e+00,0.6521
25.9018,5.110309e-01,0.0769,1.575890e+00,0.6412
26.2897,5.115995e-01,0.0727,1.590851e+00,0.6295
26.6835,5.121372e-01,0.0686,1.605663e+00,0.6169
27.0832,5.126442e-01,0.0645,1.620299e+00,0.6035
27.4888,5.131209e-01,0.0605,1.634735e+00,0.5894
27.9006,5.135676e-01,0.0566,1.648947e+00,0.5748
28.3184,5.139846e-01,0.0526,1.662914e+00,0.5596
28.7426,5.143720e-01,0.0488,1.676613e+00,0.5439
29.1731,5.147302e-01,0.0449,1.690024e+00,0.5277
29.6101,5.150595e-01,0.0411,1.703128e+00,0.5112
30.0536,5.153599e-01,0.0374,1.715907e+00,0.4942
30.5037,5.156318e-01,0.0336,1.728342e+00,0.4770
30.9606,5.158754e-01,0.0299,1.740416e+00,0.4594
31.4243,5.160907e-01,0.0262,1.752114e+00,0.4416
31.8950,5.162781e-01,0.0226,1.763420e+00,0.4235
32.3727,5.164376e-01,0.0190,1.774318e+00,0.4052
32.8576,5.165693e-01,0.0154,1.784794e+00,0.3866
33.3497,5.166734e-01,0.0118,1.794834e+00,0.3679
33.8492,5.167501e-01,0.0082,1.804424e+00,0.3489
34.3562,5.167993e-01,0.0046,1.813551e+00,0.3297
34.8708,5.168211e-01,0.0011,1.822203e+00,0.3104
35.3931,5.168157e-01,-0.0025,1.830367e+00,0.2909
35.9232,5.167830e-01,-0.0060,1.838030e+00,0.2711
36.4613,5.167231e-01,-0.0096,1.845182e+00,0.2512
37.0074,5.166360e-01,-0.0131,1.851812e+00,0.2312
37.5617,5.165218e-01,-0.0167,1.857908e+00,0.2109
38.1243,5.163802e-01,-0.0202,1.863461e+00,0.1905
38.6953,5.162115e-01,-0.0238,1.868462e+00,0.1699
39.2749,5.160154e-01,-0.0273,1.872901e+00,0.1492
39.8631,5.157920e-01,-0.0309,1.876771e+00,0.1284
40.4602,5.155412e-01,-0.0345,1.880063e+00,0.1074
41.0662,5.152628e-01,-0.0381,1.882772e+00,0.0863
41.6813,5.149569e-01,-0.0418,1.884891e+00,0.0650
42.3056,5.146232e-01,-0.0454,1.886416e+00,0.0437
42.9393,5.142616e-01,-0.0491,1.887343e+00,0.0223
43.5824,5.138721e-01,-0.0528,1.887669e+00,0.0009
44.2352,5.134544e-01,-0.0566,1.887393e+00,-0.0206
44.8977,5.130084e-01,-0.0603,1.886513e+00,-0.0421
45.5702,5.125340e-01,-0.0641,1.885030e+00,-0.0636
46.2528,5.120309e-01,-0.0680,1.882947e+00,-0.0851
46.9455,5.114989e-01,-0.0719,1.880266e+00,-0.1065
47.6487,5.109380e-01,-0.0758,1.876991e+00,-0.1279
48.3624,5.103478e-01,-0.0797,1.873129e+00,-0.1491
49.0867,5.097283e-01,-0.0837,1.868686e+00,-0.1703
49.8219,5.090791e-01,-0.0878,1.863670e+00,-0.1912
50.5682,5.084001e-01,-0.0918,1.858091e+00,-0.2120
51.3256,5.076910e-01,-0.0960,1.851960e+00,-0.2326
52.0943,5.069517e-01,-0.1001,1.845287e+00,-0.2529
52.8746,5.061819e-01,-0.1043,1.838087e+00,-0.2729
53.6666,5.053815e-01,-0.1086,1.830373e+00,-0.2927
54.4704,5.045502e-01,-0.1129,1.822160e+00,-0.3121
55.2862,5.036880e-01,-0.1172,1.813464e+00,-0.3312
56.1143,5.027945e-01,-0.1216,1.804302e+00,-0.3500
56.9548,5.018696e-01,-0.1261,1.794691e+00,-0.3683
57.8078,5.009132e-01,-0.1306,1.784650e+00,-0.3862
58.6737,4.999251e-01,-0.1351,1.774198e+00,-0.4037
59.5525,4.989053e-01,-0.1397,1.763354e+00,-0.4208
60.4445,4.978536e-01,-0.1443,1.752139e+00,-0.4373
61.3498,4.967699e-01,-0.1489,1.740573e+00,-0.4534
62.2687,4.956542e-01,-0.1536,1.728676e+00,-0.4690
63.2014,4.945065e-01,-0.1583,1.716470e+00,-0.4840
64.1480,4.933268e-01,-0.1630,1.703976e+00,-0.4985
65.1088,4.921152e-01,-0.1678,1.691215e+00,-0.5125
66.0840,4.908716e-01,-0.1726,1.678209e+00,-0.5258
67.0738,4.895963e-01,-0.1774,1.664979e+00,-0.5386
68.0784,4.882893e-01,-0.1822,1.651546e+00,-0.5508
69.0981,4.869508e-01,-0.1870,1.637932e+00,-0.5624
70.1331,4.855812e-01,-0.1919,1.624157e+00,-0.5734
71.1835,4.841806e-01,-0.1967,1.610243e+00,-0.5837
72.2497,4.827493e-01,-0.2015,1.596210e+00,-0.5934
73.3318,4.812879e-01,-0.2063,1.582079e+00,-0.6025
74.4302,4.797966e-01,-0.2111,1.567869e+00,-0.6109
75.5450,4.782759e-01,-0.2159,1.553601e+00,-0.6187
76.6765,4.767263e-01,-0.2206,1.539292e+00,-0.6257
77.8250,4.751485e-01,-0.2253,1.524963e+00,-0.6321
78.9906,4.735430e-01,-0.2300,1.510631e+00,-0.6378
80.1738,4.719106e-01,-0.2346,1.496315e+00,-0.6428
81.3746,4.702518e-01,-0.2391,1.482031e+00,-0.6472
82.5934,4.685675e-01,-0.2436,1.467796e+00,-0.6508
83.8305,4.668585e-01,-0.2479,1.453627e+00,-0.6538
85.0861,4.651257e-01,-0.2523,1.439539e+00,-0.6560
86.3605,4.633700e-01,-0.2565,1.425547e+00,-0.6576
87.6540,4.615924e-01,-0.2606,1.411665e+00,-0.6585
88.9669,4.597937e-01,-0.2646,1.397907e+00,-0.6587
90.2995,4.579752e-01,-0.2685,1.384286e+00,-0.6583
91.6520,4.561378e-01,-0.2723,1.370812e+00,-0.6572
93.0247,4.542827e-01,-0.2759,1.357499e+00,-0.6554
94.4180,4.524110e-01,-0.2794,1.344355e+00,-0.6531
95.8322,4.505238e-01,-0.2828,1.331392e+00,-0.6502
97.2676,4.486224e-01,-0.2861,1.318616e+00,-0.6466
98.7245,4.467080e-01,-0.2892,1.306037e+00,-0.6426
100.2032,4.447817e-01,-0.2921,1.293662e+00,-0.6380
101.7040,4.428449e-01,-0.2949,1.281495e+00,-0.6329
103.2273,4.408986e-01,-0.2975,1.269543e+00,-0.6274
104.7734,4.389442e-01,-0.3000,1.257810e+00,-0.6215
106.3427,4.369829e-01,-0.3023,1.246299e+00,-0.6152
107.9355,4.350158e-01,-0.3045,1.235012e+00,-0.6085
109.5522,4.330442e-01,-0.3065,1.223951e+00,-0.6016
111.1931,4.310692e-01,-0.3084,1.213117e+00,-0.5944
112.8585,4.290920e-01,-0.3100,1.202510e+00,-0.5870
114.5489,4.271136e-01,-0.3116,1.192128e+00,-0.5794
116.2646,4.251350e-01,-0.3130,1.181970e+00,-0.5717
118.0060,4.231573e-01,-0.3142,1.172033e+00,-0.5640
119.7735,4.211815e-01,-0.3153,1.162314e+00,-0.5562
121.5675,4.192084e-01,-0.3163,1.152808e+00,-0.5485
123.3883,4.172389e-01,-0.3172,1.143511e+00,-0.5409
125.2364,4.152737e-01,-0.3179,1.134417e+00,-0.5333
127.1122,4.133135e-01,-0.3185,1.125521e+00,-0.5259
129.0161,4.113590e-01,-0.3191,1.116816e+00,-0.5187
130.9485,4.094106e-01,-0.3196,1.108294e+00,-0.5118
132.9098,4.074689e-01,-0.3200,1.099949e+00,-0.5051
134.9005,4.055342e-01,-0.3203,1.091773e+00,-0.4988
136.9210,4.036067e-01,-0.3206,1.083758e+00,-0.4927
138.9718,4.016868e-01,-0.3209,1.075895e+00,-0.4871
141.0534,3.997744e-01,-0.3211,1.068176e+00,-0.4818
143.1660,3.978696e-01,-0.3214,1.060591e+00,-0.4770
145.3104,3.959723e-01,-0.3217,1.053133e+00,-0.4726
147.4868,3.940823e-01,-0.3220,1.045792e+00,-0.4687
149.6959,3.921993e-01,-0.3224,1.038560e+00,-0.4652
151.9380,3.903231e-01,-0.3228,1.031427e+00,-0.4622
154.2137,3.884531e-01,-0.3233,1.024385e+00,-0.4597
156.5236,3.865887e-01,-0.3239,1.017426e+00,-0.4576
158.8680,3.847294e-01,-0.3247,1.010540e+00,-0.4561
161.2475,3.828745e-01,-0.3256,1.003720e+00,-0.4550
163.6626,3.810231e-01,-0.3266,9.969605e-01,-0.4544
166.1140,3.791743e-01,-0.3278,9.902496e-01,-0.4544
168.6020,3.773273e-01,-0.3292,9.835818e-01,-0.4547
171.1273,3.754810e-01,-0.3308,9.769503e-01,-0.4556
173.6905,3.736343e-01,-0.3326,9.703484e-01,-0.4568
176.2920,3.717861e-01,-0.3346,9.637699e-01,-0.4585
178.9325,3.699352e-01,-0.3369,9.572090e-01,-0.4606
181.6125,3.680805e-01,-0.3394,9.506604e-01,-0.4631
184.3327,3.662205e-01,-0.3422,9.441191e-01,-0.4659
187.0936,3.643540e-01,-0.3453,9.375826e-01,-0.4691
189.8959,3.624797e-01,-0.3487,9.310429e-01,-0.4727
192.7402,3.605961e-01,-0.3523,9.244982e-01,-0.4765
195.6270,3.587021e-01,-0.3563,9.179451e-01,-0.4806
198.5571,3.567960e-01,-0.3606,9.113806e-01,-0.4850
201.5311,3.548767e-01,-0.3652,9.048024e-01,-0.4896
204.5496,3.529426e-01,-0.3701,8.982082e-01,-0.4945
207.6134,3.509925e-01,-0.3754,8.915963e-01,-0.4994
210.7230,3.490250e-01,-0.3810,8.849680e-01,-0.5047
213.8792,3.470387e-01,-0.3869,8.783175e-01,-0.5101
217.0827,3.450325e-01,-0.3932,8.716462e-01,-0.5156
220.3341,3.430049e-01,-0.3998,8.649539e-01,-0.5213
223.6343,3.409549e-01,-0.4068,8.582402e-01,-0.5270
226.9839,3.388813e-01,-0.4141,8.515054e-01,-0.5328
230.3836,3.367829e-01,-0.4217,8.447499e-01,-0.5386
233.8343,3.346588e-01,-0.4297,8.379770e-01,-0.5445
237.3366,3.325079e-01,-0.4379,8.311827e-01,-0.5506
240.8915,3.303292e-01,-0.4466,8.243701e-01,-0.5566
244.4995,3.281221e-01,-0.4555,8.175406e-01,-0.5626
248.1616,3.258856e-01,-0.4647,8.106954e-01,-0.5686
251.8786,3.236192e-01,-0.4743,8.038360e-01,-0.5745
255.6512,3.213221e-01,-0.4841,7.969640e-01,-0.5803
259.4803,3.189939e-01,-0.4943,7.900841e-01,-0.5862
263.3668,3.166341e-01,-0.5047,7.831925e-01,-0.5922
267.3115,3.142424e-01,-0.5154,7.762935e-01,-0.5980
271.3153,3.118184e-01,-0.5264,7.693889e-01,-0.6038
275.3791,3.093621e-01,-0.5377,7.624807e-01,-0.6095
279.5037,3.068732e-01,-0.5491,7.555708e-01,-0.6152
283.6901,3.043518e-01,-0.5609,7.486609e-01,-0.6206
287.9392,3.017980e-01,-0.5728,7.417570e-01,-0.6260
292.2519,2.992120e-01,-0.5850,7.348538e-01,-0.6316
296.6292,2.965939e-01,-0.5974,7.279563e-01,-0.6370
301.0721,2.939442e-01,-0.6100,7.210664e-01,-0.6423
305.5816,2.912632e-01,-0.6227,7.141859e-01,-0.6473
310.1586,2.885515e-01,-0.6357,7.073202e-01,-0.6525
314.8041,2.858096e-01,-0.6488,7.004642e-01,-0.6577
319.5192,2.830382e-01,-0.6621,6.936226e-01,-0.6627
324.3050,2.802380e-01,-0.6755,6.867970e-01,-0.6676
329.1624,2.774099e-01,-0.6891,6.799889e-01,-0.6725
334.0926,2.745547e-01,-0.7028,6.731997e-01,-0.6771
339.0966,2.716733e-01,-0.7166,6.664349e-01,-0.6819
344.1756,2.687668e-01,-0.7305,6.596882e-01,-0.6868
349.3306,2.658361e-01,-0.7445,6.529642e-01,-0.6914
354.5629,2.628825e-01,-0.7586,6.462643e-01,-0.6960
359.8735,2.599070e-01,-0.7728,6.395893e-01,-0.7004
365.2637,2.569108e-01,-0.7870,6.329447e-01,-0.7049
370.7346,2.538953e-01,-0.8014,6.263236e-01,-0.7096
376.2875,2.508616e-01,-0.8157,6.197304e-01,-0.7141
381.9235,2.478112e-01,-0.8301,6.131659e-01,-0.7183
387.6439,2.447454e-01,-0.8446,6.066349e-01,-0.7227
393.4500,2.416655e-01,-0.8591,6.001309e-01,-0.7273
399.3431,2.385730e-01,-0.8736,5.936579e-01,-0.7316
405.3244,2.354693e-01,-0.8881,5.872164e-01,-0.7358
411.3954,2.323558e-01,-0.9026,5.808107e-01,-0.7401
417.5572,2.292340e-01,-0.9171,5.744346e-01,-0.7447
423.8114,2.261053e-01,-0.9316,5.680915e-01,-0.7491
430.1592,2.229712e-01,-0.9461,5.617821e-01,-0.7534
436.6021,2.198333e-01,-0.9606,5.555065e-01,-0.7576
443.1415,2.166929e-01,-0.9750,5.492694e-01,-0.7619
449.7789,2.135516e-01,-0.9894,5.430634e-01,-0.7665
456.5157,2.104108e-01,-1.0038,5.368922e-01,-0.7709
463.3533,2.072719e-01,-1.0181,5.307562e-01,-0.7751
470.2934,2.041364e-01,-1.0324,5.246598e-01,-0.7795
477.3375,2.010057e-01,-1.0467,5.185954e-01,-0.7843
484.4870,1.978813e-01,-1.0608,5.125669e-01,-0.7885
491.7436,1.947645e-01,-1.0749,5.065780e-01,-0.7930
499.1089,1.916567e-01,-1.0890,5.006221e-01,-0.7978
506.5846,1.885592e-01,-1.1029,4.947026e-01,-0.8024
514.1722,1.854733e-01,-1.1168,4.888194e-01,-0.8068
521.8734,1.824004e-01,-1.1306,4.829766e-01,-0.8114
529.6900,1.793417e-01,-1.1444,4.771672e-01,-0.8163
537.6237,1.762984e-01,-1.1580,4.713945e-01,-0.8208
545.6762,1.732718e-01,-1.1715,4.656621e-01,-0.8256
553.8493,1.702629e-01,-1.1850,4.599637e-01,-0.8306
562.1448,1.672729e-01,-1.1983,4.543022e-01,-0.8355
570.5646,1.643031e-01,-1.2116,4.486777e-01,-0.8401
579.1105,1.613542e-01,-1.2247,4.430942e-01,-0.8450
587.7844,1.584274e-01,-1.2378,4.375445e-01,-0.8503
596.5882,1.555236e-01,-1.2507,4.320321e-01,-0.8551
605.5239,1.526438e-01,-1.2635,4.265606e-01,-0.8601
614.5934,1.497890e-01,-1.2763,4.211233e-01,-0.8655
623.7988,1.469598e-01,-1.2889,4.157234e-01,-0.8704
633.1420,1.441573e-01,-1.3013,4.103645e-01,-0.8756
642.6252,1.413821e-01,-1.3137,4.050401e-01,-0.8811
652.2504,1.386350e-01,-1.3259,3.997533e-01,-0.8861
662.0198,1.359166e-01,-1.3380,3.945075e-01,-0.8915
671.9355,1.332277e-01,-1.3500,3.892964e-01,-0.8969
681.9997,1.305689e-01,-1.3619,3.841262e-01,-0.9023
692.2146,1.279406e-01,-1.3736,3.789911e-01,-0.9080
702.5826,1.253436e-01,-1.3851,3.738939e-01,-0.9133
713.1059,1.227784e-01,-1.3966,3.688377e-01,-0.9189
723.7867,1.202451e-01,-1.4080,3.638168e-01,-0.9248
734.6276,1.177444e-01,-1.4192,3.588339e-01,-0.9302
745.6308,1.152767e-01,-1.4302,3.538924e-01,-0.9359
756.7988,1.128422e-01,-1.4412,3.489862e-01,-0.9417
768.1341,1.104413e-01,-1.4520,3.441211e-01,-0.9475
779.6392,1.080742e-01,-1.4626,3.392918e-01,-0.9533
791.3166,1.057412e-01,-1.4731,3.345035e-01,-0.9592
803.1689,1.034425e-01,-1.4835,3.297513e-01,-0.9655
815.1987,1.011783e-01,-1.4938,3.250375e-01,-0.9712
827.4087,9.894862e-02,-1.5039,3.203650e-01,-0.9773
839.8016,9.675367e-02,-1.5137,3.157286e-01,-0.9834
852.3802,9.459375e-02,-1.5236,3.111334e-01,-0.9895
865.1471,9.246843e-02,-1.5333,3.065746e-01,-0.9957
878.1052,9.037794e-02,-1.5429,3.020569e-01,-1.0020
891.2574,8.832228e-02,-1.5523,2.975757e-01,-1.0083
904.6066,8.630139e-02,-1.5615,2.931356e-01,-1.0146
918.1558,8.431522e-02,-1.5706,2.887322e-01,-1.0210
931.9079,8.236367e-02,-1.5796,2.843699e-01,-1.0275
945.8660,8.044662e-02,-1.5885,2.800444e-01,-1.0340
960.0331,7.856394e-02,-1.5972,2.757599e-01,-1.0406
974.4125,7.671547e-02,-1.6056,2.715123e-01,-1.0473
989.0072,7.490130e-02,-1.6140,2.673052e-01,-1.0539
1003.8205,7.312071e-02,-1.6224,2.631360e-01,-1.0608
1018.8556,7.137373e-02,-1.6306,2.590052e-01,-1.0677
1034.1160,6.966010e-02,-1.6386,2.549132e-01,-1.0746
1049.6050,6.797958e-02,-1.6465,2.508600e-01,-1.0813
1065.3259,6.633190e-02,-1.6543,2.468478e-01,-1.0883
1081.2823,6.471675e-02,-1.6619,2.428723e-01,-1.0957
1097.4777,6.313385e-02,-1.6694,2.389355e-01,-1.1028
1113.9157,6.158287e-02,-1.6765,2.350373e-01,-1.1101
1130.5999,6.006380e-02,-1.6837,2.311777e-01,-1.1172
1147.5339,5.857571e-02,-1.6910,2.273579e-01,-1.1246
1164.7217,5.711852e-02,-1.6979,2.235754e-01,-1.1322
1182.1668,5.569188e-02,-1.7048,2.198314e-01,-1.1397
1199.8733,5.429541e-02,-1.7115,2.161257e-01,-1.1466
1217.8449,5.292872e-02,-1.7180,2.124631e-01,-1.1542
1236.0857,5.159144e-02,-1.7245,2.088344e-01,-1.1626
1254.5998,5.028316e-02,-1.7306,2.052439e-01,-1.1705
1273.3911,4.900382e-02,-1.7368,2.016914e-01,-1.1780
1292.4639,4.775240e-02,-1.7431,1.981792e-01,-1.1860
1311.8224,4.652876e-02,-1.7490,1.947028e-01,-1.1944
1331.4708,4.533250e-02,-1.7549,1.912644e-01,-1.2012
1351.4135,4.416319e-02,-1.7606,1.878715e-01,-1.2093
1371.6549,4.302041e-02,-1.7662,1.845092e-01,-1.2189
1392.1995,4.190373e-02,-1.7715,1.811846e-01,-1.2273
1413.0518,4.081300e-02,-1.7769,1.778975e-01,-1.2351
1434.2165,3.974729e-02,-1.7823,1.746512e-01,-1.2436
1455.6981,3.870640e-02,-1.7875,1.714393e-01,-1.2529
1477.5015,3.768990e-02,-1.7926,1.682646e-01,-1.2592
1499.6314,3.669736e-02,-1.7975,1.651390e-01,-1.2678
1522.0929,3.572835e-02,-1.8024,1.620397e-01,-1.2789
1544.8907,3.478245e-02,-1.8072,1.589774e-01,-1.2868
1568.0300,3.385921e-02,-1.8118,1.559567e-01,-1.2958
1591.5159,3.295822e-02,-1.8164,1.529688e-01,-1.3058
1615.3535,3.207906e-02,-1.8208,1.500176e-01,-1.3114
1639.5482,3.122129e-02,-1.8250,1.471190e-01,-1.3203
1664.1053,3.038473e-02,-1.8292,1.442424e-01,-1.3329
1689.0302,2.956854e-02,-1.8336,1.414024e-01,-1.3408
1714.3284,2.877249e-02,-1.8377,1.386049e-01,-1.3501
1740.0056,2.799619e-02,-1.8417,1.358383e-01,-1.3610
1766.0673,2.723922e-02,-1.8457,1.331080e-01,-1.3653
1792.5194,2.650118e-02,-1.8495,1.304342e-01,-1.3745
1819.3677,2.578168e-02,-1.8533,1.277776e-01,-1.3870
1846.6181,2.508031e-02,-1.8570,1.251643e-01,-1.3966
1874.2767,2.439670e-02,-1.8607,1.225802e-01,-1.4081
1902.3495,2.373044e-02,-1.8642,1.200320e-01,-1.4111
1930.8428,2.308117e-02,-1.8677,1.175433e-01,-1.4204
1959.7629,2.244851e-02,-1.8686,1.150679e-01,-1.4341
1989.1161,2.183372e-02,-1.8717,1.126364e-01,-1.4438
2018.9090,2.123332e-02,-1.8772,1.102325e-01,-1.4561
2049.1482,2.064844e-02,-1.8804,1.078639e-01,-1.4573
2079.8402,2.007873e-02,-1.8835,1.055580e-01,-1.4667
2110.9920,1.952383e-02,-1.8866,1.032610e-01,-1.4817
2142.6103,1.898340e-02,-1.8896,1.010085e-01,-1.4915
2174.7023,1.845711e-02,-1.8926,9.878175e-02,-1.4941
2207.2748,1.794461e-02,-1.8956,9.661935e-02,-1.5035
2240.3353,1.744559e-02,-1.8985,9.446309e-02,-1.5194
2273.8910,1.695972e-02,-1.8994,9.235140e-02,-1.5293
2307.9492,1.648763e-02,-1.9020,9.026400e-02,-1.5307
2342.5176,1.602719e-02,-1.9065,8.824249e-02,-1.5399
2377.6037,1.557897e-02,-1.9093,8.622421e-02,-1.5570
2413.2153,1.514268e-02,-1.9120,8.425047e-02,-1.5668
2449.3604,1.471802e-02,-1.9146,8.229952e-02,-1.5667
2486.0468,1.430470e-02,-1.9173,8.041573e-02,-1.5759
2523.2827,1.390243e-02,-1.9199,7.853222e-02,-1.5941
2561.0763,1.351095e-02,-1.9226,7.669304e-02,-1.6038
2599.4360,1.312998e-02,-1.9143,7.487507e-02,-1.6021
2638.3703,1.276339e-02,-1.9158,7.312525e-02,-1.6111
2677.8877,1.240293e-02,-1.9282,7.137276e-02,-1.6307
2717.9969,1.205221e-02,-1.9307,6.966421e-02,-1.6403
2758.7070,1.171097e-02,-1.9331,6.797519e-02,-1.6368
2800.0268,1.137899e-02,-1.9356,6.635504e-02,-1.6391
2841.9655,1.105601e-02,-1.9380,6.474171e-02,-1.6666
2884.5323,1.074181e-02,-1.9405,6.314691e-02,-1.6618
2927.7367,1.043615e-02,-1.9371,6.162038e-02,-1.6635
2971.5882,1.014059e-02,-1.9391,6.009952e-02,-1.6925
3016.0965,9.851462e-03,-1.9469,5.859617e-02,-1.6864
3061.2715,9.570225e-03,-1.9494,5.716033e-02,-1.6948
3107.1231,9.296673e-03,-1.9519,5.571644e-02,-1.7178
3153.6615,9.030603e-03,-1.9544,5.431414e-02,-1.7027
3200.8969,8.771815e-03,-1.9570,5.296591e-02,-1.7186
3248.8398,8.520116e-03,-1.9340,5.160842e-02,-1.7425
3297.5008,8.281610e-03,-1.9346,5.029152e-02,-1.7253
3346.8906,8.043842e-03,-1.9607,4.902765e-02,-1.7328
3397.0202,7.812614e-03,-1.9631,4.776598e-02,-1.7668
3447.9006,7.587751e-03,-1.9657,4.651859e-02,-1.7562
3499.5431,7.369081e-03,-1.9682,4.533570e-02,-1.7547
3551.9591,7.156437e-03,-1.9709,4.415382e-02,-1.7905
3605.1602,6.949655e-03,-1.9616,4.298519e-02,-1.7783
3659.1581,6.750977e-03,-1.9634,4.187983e-02,-1.7757
3713.9649,6.555550e-03,-1.9773,4.077447e-02,-1.7822
3769.5925,6.365521e-03,-1.9800,3.971830e-02,-1.7891
3826.0533,6.180743e-03,-1.9829,3.866204e-02,-1.8277
3883.3597,6.001073e-03,-1.9858,3.761746e-02,-1.8131
3941.5245,5.826370e-03,-1.9428,3.663294e-02,-1.8092
4000.5605,5.664232e-03,-1.9427,3.564730e-02,-1.8153
4060.4807,5.499355e-03,-1.9884,3.470806e-02,-1.8219
4121.2984,5.339050e-03,-1.9913,3.376760e-02,-1.8278
4183.0271,5.183191e-03,-1.9943,3.287210e-02,-1.8343
4245.6803,5.031656e-03,-1.9792,3.197525e-02,-1.8766
4309.2719,4.886960e-03,-1.9812,3.108814e-02,-1.8587
4373.8160,4.743809e-03,-2.0013,3.025603e-02,-1.8530
4439.3268,4.604634e-03,-2.0046,2.942163e-02,-1.8585
4505.8189,4.469325e-03,-2.0079,2.862940e-02,-1.8647
4573.3068,4.337775e-03,-1.9472,2.783475e-02,-1.8701
4641.8056,4.217907e-03,-1.9468,2.708088e-02,-1.8762
4711.3304,4.093813e-03,-2.0103,2.632446e-02,-1.8815
4781.8965,3.973174e-03,-2.0137,2.560746e-02,-1.8875
4853.5195,3.855894e-03,-2.0171,2.488778e-02,-1.8926
4926.2154,3.741881e-03,-1.9957,2.420619e-02,-1.8985
5000.0000,3.633741e-03,-1.9726,2.352179e-02,-1.9292
